song_id,language,singer,valence,arousal,genre,main_genre
english_Shape_of_You,English,Ed Sheeran,0.9,0.8,Tropical Pop,Pop
english_Someone_Like_You,English,Adele,0.38,0.79,Soul Pop Ballad,R&B
english_Happy,English,Pharrell Williams,0.56,0.81,Neo-Soul Funk Pop,R&B
english_Rolling_in_the_Deep,English,Adele,0.2,0.7,Soul Pop,R&B
english_Thunderstruck,English,AC/DC,0.8,0.95,Hard Rock,Rock
english_Fix_You,English,Coldplay,0.67,0.53,Alternative Rock Ballad,Rock
english_Let_It_Be,English,The Beatles,0.74,0.65,Soft Rock,Rock
english_Lose_Yourself,English,Eminem,0.76,0.57,Hardcore Hip-Hop,Hip-Hop
english_Thinking_Out_Loud,English,Ed Sheeran,0.84,0.42,Soul Pop Ballad,R&B
english_Wake_Me_Up,English,Avicii,0.7,0.78,Folk EDM,Electronic
english_Believer,English,Imagine Dragons,0.6,0.45,Alternative Rock,Rock
english_Shallow,English,Lady Gaga & Bradley Cooper,0.68,0.82,Country Pop Ballad,Country
english_Counting_Stars,English,OneRepublic,0.6,0.45,Pop Rock,Rock
english_Stay_With_Me,English,Sam Smith,0.54,0.67,Soul Pop Ballad,R&B
english_Perfect,English,Ed Sheeran,0.74,0.71,Pop Ballad,Pop
english_Viva_La_Vida,English,Coldplay,0.8,0.7,Baroque Pop,Pop
english_Demons,English,Imagine Dragons,0.39,0.6,Alternative Pop Rock,Rock
english_All_of_Me,English,John Legend,0.59,0.57,Soul Pop Ballad,R&B
english_Uptown_Funk,English,Bruno Mars,0.98,0.8,Funk Pop,R&B
english_Stronger,English,Kanye West,0.67,0.4,Electronic Dance Pop,Electronic
english_Radioactive,English,Imagine Dragons,0.6,0.9,Alternative Electronic Rock,Rock
english_Say_You_Won’t_Let_Go,English,James Arthur,0.85,0.5,Acoustic Pop Ballad,Pop
english_Boulevard_of_Broken_Dreams,English,Green Day,0.64,0.6,Alternative Rock,Rock
english_Numb,English,Linkin Park,0.46,0.74,Alternative Metal,Rock
english_In_the_End,English,Linkin Park,0.6,0.56,Rap Rock,Hip-Hop
english_Happier,English,Marshmello ft. Bastille,0.3,0.57,Electropop,Electronic
english_Bad_Guy,English,Billie Eilish,0.51,0.68,Electropop,Electronic
english_Clocks,English,Coldplay,0.64,0.58,Alternative Rock,Rock
english_Smells_Like_Teen_Spirit,English,Nirvana,0.4,0.95,Grunge Rock,Rock
english_Grenade,English,Bruno Mars,0.41,0.39,Pop Soul,R&B
english_Hello,English,Adele,0.48,0.81,Soul Pop Ballad,R&B
english_Can’t_Stop_the_Feeling!,English,Justin Timberlake,0.95,0.85,Dance Pop,Pop
hindi_Tum_Hi_Ho,Hindi,Arijit Singh,0.8,0.4,Indian Film Romantic Ballad,Pop
hindi_Channa_Mereya,Hindi,Arijit Singh,0.2,0.3,Indian Film Ghazal,Classical
hindi_Dil_Diyan_Gallan,Hindi,Atif Aslam,0.8,0.4,Indian Film Romantic Ballad,Pop
hindi_Agar_Tum_Saath_Ho,Hindi,Alka Yagnik & Arijit Singh,0.3,0.3,Indian Film Sad Ballad,Classical
hindi_Bekhayali,Hindi,Sachet Tandon,0.3,0.7,Indian Film Acoustic Rock Ballad,Rock
hindi_Tum_Mile,Hindi,Neeraj Shridhar,0.7,0.4,Indian Film Romantic Ballad,Pop
hindi_Kabira,Hindi,Tochi Raina & Rekha Bhardwaj,0.5,0.5,Indian Film Folk Ballad,Country
hindi_Sun_Saathiya,Hindi,Priya Saraiya & Divya Kumar,0.75,0.4,Indian Film Romantic Ballad,Pop
hindi_Ae_Dil_Hai_Mushkil,Hindi,Arijit Singh,0.4,0.5,Indian Film Sad Ballad,Classical
hindi_Tera_Hone_Laga_Hoon,Hindi,Atif Aslam,0.9,0.6,Indian Film Romantic Ballad,Pop
hindi_Khairiyat,Hindi,Arijit Singh,0.3,0.4,Indian Film Acoustic Ballad,Pop
hindi_Saibo,Hindi,Shreya Ghoshal & Tochi Raina,0.8,0.3,Indian Indie Romantic Ballad,Pop
hindi_Kun_Faya_Kun,Hindi,"A.R. Rahman, Javed Ali, Mohit Chauhan",0.6,0.3,Sufi Devotional,Classical
hindi_Allah_Ke_Bande,Hindi,Kailash Kher,0.7,0.4,Sufi Rock,Classical
hindi_Badtameez_Dil,Hindi,Benny Dayal,0.95,0.9,Bollywood Dance Pop,Pop
hindi_Zinda,Hindi,Siddharth Mahadevan,0.7,0.9,Bollywood Rock,Rock
hindi_Raabta,Hindi,Arijit Singh,0.85,0.5,Indian Film Romantic Ballad,Pop
hindi_Kal_Ho_Naa_Ho,Hindi,Sonu Nigam,0.3,0.4,Indian Film Romantic Ballad,Pop
hindi_Tera_Ban_Jaunga,Hindi,Akhil Sachdeva & Tulsi Kumar,0.85,0.5,Indian Film Romantic Ballad,Pop
hindi_Jeene_Laga_Hoon,Hindi,Atif Aslam & Shreya Ghoshal,0.9,0.5,Indian Film Romantic Ballad,Pop
hindi_Phir_Le_Aya_Dil,Hindi,Rekha Bhardwaj,0.3,0.3,Indian Film Ghazal,Classical
hindi_Shayad,Hindi,Arijit Singh,0.85,0.5,Indian Film Romantic Ballad,Pop
hindi_Janam_Janam,Hindi,Arijit Singh & Antara Mitra,0.7,0.6,Indian Film Romantic Ballad,Pop
hindi_Galliyan,Hindi,Ankit Tiwari,0.8,0.5,Indian Film Sad Ballad,Classical
hindi_Samjhawan,Hindi,Arijit Singh & Shreya Ghoshal,0.5,0.4,Indian Film Romantic Ballad,Pop
hindi_Pee_Loon,Hindi,Mohit Chauhan,0.9,0.5,Indian Film Romantic Ballad,Pop
hindi_Mast_Magan,Hindi,Arijit Singh & Chinmayi,0.85,0.5,Indian Film Romantic Ballad,Pop
hindi_Tera_Yaar_Hoon_Main,Hindi,Arijit Singh,0.6,0.5,Indian Film Friendship Ballad,Pop
hindi_Sooraj_Dooba_Hain,Hindi,Arijit Singh,0.95,0.85,Bollywood Dance Pop,Pop
hindi_Ghungroo,Hindi,Arijit Singh & Shilpa Rao,0.9,0.8,Bollywood Dance Pop,Pop
hindi_Nashe_Si_Chadh_Gayi,Hindi,Arijit Singh,0.85,0.9,Bollywood Dance Pop,Pop
hindi_Desi_Girl,Hindi,"Shankar Mahadevan, Sunidhi Chauhan",0.9,0.8,Bollywood Dance Pop,Pop
hindi_Mitwa,Hindi,Shankar-Ehsaan-Loy,0.8,0.5,Indian Film Romantic Ballad,Pop
hindi_Rang_De_Basanti,Hindi,Daler Mehndi & K.S. Chithra,0.8,0.85,Indian Film Patriotic Rock,Rock
hindi_Vande_Mataram,Hindi,A.R. Rahman,0.7,0.6,Indian Patriotic Song,Country
marathi_Zingaat,Marathi,Ajay-Atul,0.9,0.9,Marathi Folk Dance,Country
marathi_Yad_Lagla,Marathi,Ajay Gogavale,0.85,0.7,Marathi Romantic Ballad,Classical
english_Shake_It_Off,English,Taylor Swift,0.86,0.73,Dance Pop,Pop
english_Royals,English,Lorde,0.72,0.7,Minimalist Pop,Pop
english_Dark_Horse,English,Katy Perry ft. Juicy J,0.78,0.89,Electropop,Electronic
english_Love_Yourself,English,Justin Bieber,0.76,0.57,Acoustic Pop Ballad,Pop
english_Firework,English,Katy Perry,0.41,0.77,Dance Pop,Pop
english_Cheap_Thrills,English,Sia,0.7,0.69,Dance Pop,Pop
english_Problem,English,Ariana Grande ft. Iggy Azalea,0.52,0.49,Dance Pop,Pop
english_Love_Me_Like_You_Do,English,Ellie Goulding,0.95,0.76,Pop Ballad,Pop
english_Hall_of_Fame,English,The Script ft. will.i.am,0.8,0.85,Pop Rock,Rock
english_We_Dont_Talk_Anymore,English,Charlie Puth ft. Selena Gomez,0.4,0.5,Tropical Pop,Pop
english_Roar,English,Katy Perry,0.76,0.72,Pop Anthem,Pop
english_Stressed_Out,English,Twenty One Pilots,0.87,0.74,Alternative Hip-Hop,Hip-Hop
english_Sugar,English,Maroon 5,0.3,0.85,Pop Rock,Rock
english_Locked_Out_of_Heaven,English,Bruno Mars,0.9,0.85,Funk Pop,R&B
english_Dance_Monkey,English,Tones and I,0.57,0.61,Alternative Pop,Rock
english_Don't_Speak,English,No Doubt,0.57,0.57,Pop Rock Ballad,Rock
english_Bleeding_Love,English,Leona Lewis,0.45,0.5,Pop Soul Ballad,R&B
english_Chasing_Cars,English,Snow Patrol,0.79,0.56,Alternative Rock Ballad,Rock
english_I_Will_Always_Love_You,English,Whitney Houston,0.86,0.68,Soul Pop Ballad,R&B
english_Toxic,English,Britney Spears,0.59,0.62,Electropop,Electronic
english_With_or_Without_You,English,U2,0.69,0.41,Alternative Rock,Rock
english_Every_Breath_You_Take,English,The Police,0.5,0.4,Soft Rock,Rock
english_Back_to_Black,English,Amy Winehouse,0.3,0.5,Soul Jazz,Jazz
english_Viva_Forever,English,Spice Girls,0.61,0.53,Pop Ballad,Pop
english_Dream_On,English,Aerosmith,0.59,0.52,Hard Rock Ballad,Rock
english_Karma_Police,English,Radiohead,0.35,0.5,Alternative Rock,Rock
english_Everybody_Hurts,English,R.E.M.,0.42,0.48,Alternative Rock Ballad,Rock
english_Stronger_(What_Doesn't_Kill_You),English,Kelly Clarkson,0.7,0.85,Dance Pop,Pop
english_Creep,English,Radiohead,0.48,0.65,Alternative Rock,Rock
english_I_Don’t_Want_to_Miss_a_Thing,English,Aerosmith,0.88,0.69,Power Ballad Rock,Rock
english_Take_On_Me,English,a-ha,0.91,0.69,Synth Pop,Pop
english_Time_After_Time,English,Cyndi Lauper,0.77,0.64,Soft Rock,Rock
english_Africa,English,Toto,0.69,0.56,Soft Rock,Rock
english_Iris,English,Goo Goo Dolls,0.88,0.69,Alternative Rock Ballad,Rock
english_Because_of_You,English,Kelly Clarkson,0.75,0.8,Pop Rock Ballad,Rock
english_Like_a_Rolling_Stone,English,Bob Dylan,0.73,0.6,Folk Rock,Rock
english_Bridge_Over_Troubled_Water,English,Simon & Garfunkel,0.72,0.59,Gospel Pop,R&B
english_Nothing_Else_Matters,English,Metallica,0.71,0.43,Heavy Metal Ballad,Rock
english_Everybody_Wants_to_Rule_the_World,English,Tears for Fears,0.75,0.55,New Wave Pop,Pop
english_Eye_of_the_Tiger,English,Survivor,0.75,0.95,Arena Rock,Rock
english_The_Sound_of_Silence,English,Simon & Garfunkel,0.65,0.49,Folk Rock,Rock
english_Under_Pressure,English,Queen & David Bowie,0.81,0.52,Art Rock,Rock
english_Man_in_the_Mirror,English,Michael Jackson,0.65,0.55,Pop Soul,R&B
english_The_Winner_Takes_It_All,English,ABBA,0.86,0.7,Pop Ballad,Pop
english_Every_Rose_Has_Its_Thorn,English,Poison,0.35,0.45,Glam Metal Ballad,Rock
english_Tears_in_Heaven,English,Eric Clapton,0.48,0.49,Soft Rock Ballad,Rock
english_She_Will_Be_Loved,English,Maroon 5,0.55,0.45,Pop Rock Ballad,Rock
english_Seven_Nation_Army,English,The White Stripes,0.36,0.81,Garage Rock,Rock
english_Highway_to_Hell,English,AC/DC,0.45,0.78,Hard Rock,Rock
english_Patience,English,Guns N’ Roses,0.3,0.22,Hard Rock Ballad,Rock
english_Imagine,English,John Lennon,0.3,0.22,Soft Rock,Rock
hindi_Chaiyya_Chaiyya,Hindi,"Sukhwinder Singh, Sapna Awasthi",0.8,0.7,Sufi Pop,Classical
hindi_Lag_Jaa_Gale,Hindi,Lata Mangeshkar,0.3,0.4,Indian Film Ghazal,Classical
hindi_Aap_Jaisa_Koi,Hindi,Nazia Hassan,0.75,0.65,Disco Pop,Pop
hindi_Sandese_Aate_Hain,Hindi,"Sonu Nigam, Roop Kumar Rathod",0.5,0.6,Indian Patriotic Ballad,Classical
hindi_Gallan_Goodiyaan,Hindi,"Yashita Sharma, Manish Kumar Tipu, Farhan Akhtar, Shankar Mahadevan, Sukhwinder Singh",0.9,0.8,Bollywood Folk Dance,Electronic
hindi_Tum_Se_Hi,Hindi,Mohit Chauhan,0.8,0.5,Indian Film Romantic Ballad,Pop
hindi_Kalank_Title_Track,Hindi,Arijit Singh,0.7,0.6,Indian Film Classical Ballad,Classical
english_Bohemian_Rhapsody,English,Queen,0.51,0.64,Progressive Rock,Rock
english_Someone_You_Loved,English,Lewis Capaldi,0.83,0.51,Pop Soul Ballad,R&B
english_Blinding_Lights,English,The Weeknd,0.9,0.8,Synthwave Pop,Pop
hindi_Ajeeb_Dastan_Hai_Yeh,Hindi,Lata Mangeshkar,0.4,0.3,Indian Film Ghazal,Classical
hindi_Jaan_Pehechan_Ho,Hindi,Mohammed Rafi,0.7,0.8,Rock and Roll,Rock
hindi_Hai_Rama,Hindi,"Hariharan, Swarnalatha",0.6,0.7,Bollywood Dance Pop,Pop
hindi_Chadti_Jawani_Meri_Chaal_Mastani,Hindi,"Mohammed Rafi, Lata Mangeshkar",0.8,0.9,Cabaret Dance,Electronic
hindi_Mujhe_Budhha_Mil_Gaya,Hindi,Lata Mangeshkar,0.5,0.4,Bollywood Comedy Song,Pop
hindi_Tere_Bina_Zindagi_Se,Hindi,"Lata Mangeshkar, Kishore Kumar",0.3,0.2,Indian Film Romantic Ballad,Pop
hindi_Piya_Tu_Ab_To_Aaja,Hindi,Asha Bhosle,0.8,0.9,Cabaret Dance,Electronic
hindi_Kabhi_Kabhi_Mere_Dil_Mein,Hindi,Mukesh,0.4,0.3,Indian Film Romantic Ballad,Pop
hindi_Yeh_Sham_Mastani,Hindi,Kishore Kumar,0.6,0.5,Indian Film Romantic Ballad,Pop
hindi_Mere_Sapno_Ki_Rani,Hindi,Kishore Kumar,0.7,0.6,Indian Film Romantic Ballad,Pop
hindi_Lag_Ja_Gale,Hindi,Lata Mangeshkar,0.2,0.3,Indian Film Ghazal,Classical
hindi_O_Haseena_Zulfonwali,Hindi,"Asha Bhosle, Mohammed Rafi",0.8,0.9,Bollywood Rock and Roll,Rock
hindi_Ae_Mere_Humsafar,Hindi,"Udit Narayan, Alka Yagnik",0.5,0.4,Indian Film Romantic Ballad,Pop
hindi_Chura_Liya_Hai_Tumne_Jo_Dil_Ko,Hindi,"Asha Bhosle, Mohammed Rafi",0.6,0.5,Indian Film Romantic Ballad,Pop
hindi_Tere_Bina,Hindi,"A.R. Rahman, Chinmayi",0.5,0.6,Sufi Romantic,Pop
hindi_Pehla_Nasha,Hindi,"Udit Narayan, Sadhana Sargam",0.8,0.7,Indian Film Romantic Ballad,Pop
hindi_Kabhi_Kabhi_Aditi,Hindi,Rashid Ali,0.7,0.8,Bollywood Indie Pop,Pop
hindi_Chand_Sifarish,Hindi,"Shaan, Kailash Kher",0.5,0.6,Indian Film Romantic Ballad,Pop
english_As_It_Was,English,Harry Styles,0.8,0.7,Synth Pop,Pop
english_Sunset_Lover,English,Petit Biscuit,0.7,0.6,Ambient Pop,Pop
english_Dancing_With_A_Stranger,English,"Sam Smith, Normani",0.6,0.7,Dance Pop,Pop
english_Levitating,English,Dua Lipa,0.82,0.76,Disco Pop,Pop
english_Good_4_U,English,Olivia Rodrigo,0.9,0.9,Pop Punk,Rock
english_Bad_Habits,English,Ed Sheeran,0.3,0.46,Dance Pop,Pop
english_Industry_Baby,English,"Lil Nas X, Jack Harlow",0.8,0.9,Trap Hip-Hop,Hip-Hop
english_Stay,English,"The Kid LAROI, Justin Bieber",0.68,0.67,Pop Rap,Hip-Hop
english_Circles,English,Post Malone,0.77,0.8,Pop Rock,Rock
english_Sunflower,English,"Post Malone, Swae Lee",0.54,0.49,Pop Rap,Hip-Hop
english_Sapphire,English,Ed Sheeran ft. Arijit Singh,0.8,0.56,Electropop,Electronic
english_My_Only_Angel,English,Aerosmith & YUNGBLUD,0.9,0.9,Indie Pop,Pop
english_Messy,English,Lola Young,0.38,0.57,Indie Pop,Pop
english_Children_of_the_Baked_Potato,English,Thundercat ft. Remi Wolf,0.8,0.7,Progressive Rock,Rock
english_My_Love,English,Leigh-Anne ft. Ayra Starr,0.62,0.54,Pop Ballad,Pop
english_We_Pray,English,"Coldplay ft. Little Simz, Burna Boy, Elyanna, and Tini",0.9,0.8,Pop Gospel,R&B
english_Moonlight,English,Kali Uchis,0.75,0.58,Indie Pop,Pop
english_Miracle,English,Calvin Harris & Ellie Goulding,0.7,0.67,Dance Pop,Pop
english_Labour,English,Paris Paloma,0.7,0.7,Indie Pop,Pop
"english_You'll_be_OK,_Kid",English,Demi Lovato,0.8,0.8,Indie Folk,Country
english_Vampire,English,Olivia Rodrigo,0.51,0.49,Pop Rock,Rock
english_Bubble_Gum,English,NewJeans,0.78,0.97,Indie Pop,Pop
hindi_Kesariya,Hindi,Arijit Singh,0.85,0.71,Indian Film Romantic Ballad,Pop
hindi_Deva_Deva,Hindi,"Arijit Singh, Jonita Gandhi",0.8,0.7,Indian Film Devotional Pop,Classical
hindi_Manike,Hindi,"Jubin Nautiyal, Yohani",0.75,0.8,Indo-Pop Dance,Electronic
hindi_Pasoori,Hindi,"Shae Gill, Ali Sethi",0.6,0.5,Folk Fusion,Country
hindi_Oo_Antava_Oo_Oo_Antava,Hindi,Indravathi Chauhan,0.85,0.9,Bollywood Dance Pop,Pop
hindi_Naatu_Naatu,Hindi,"Rahul Sipligunj, Kaala Bhairava",0.9,0.95,Telugu Folk Dance,Country
hindi_Jhoome_Jo_Pathaan,Hindi,"Arijit Singh, Sukriti Kakar",0.85,0.8,Bollywood Dance Pop,Pop
hindi_Maan_Meri_Jaan,Hindi,King,0.7,0.6,Indie Romantic Pop,Pop
hindi_Chaleya,Hindi,"Arijit Singh, Shilpa Rao",0.8,0.5,Indian Film Romantic Ballad,Pop
english_Rich_Flex,English,Drake & 21 Savage,0.6,0.8,Trap Hip-Hop,Hip-Hop
english_Last_Night,English,Morgan Wallen,0.89,0.54,Country Pop,Country
english_Kill_Bill,English,SZA,0.83,0.7,R&B Pop,R&B
english_Cruel_Summer,English,Taylor Swift,0.85,0.75,Synth Pop,Pop
english_Sure_Thing,English,Miguel,0.68,0.46,R&B,R&B
english_What_Was_I_Made_For,English,Billie Eilish,0.2,0.2,Pop Ballad,Pop
english_About_Damn_Time,English,Lizzo,0.95,0.9,Funk Pop,R&B
english_Anti-Hero,English,Taylor Swift,0.55,0.45,Synth Pop,Pop
english_Unholy,English,"Sam Smith, Kim Petras",0.6,0.85,Dark Pop,Pop
english_Calm_Down,English,"Rema, Selena Gomez",0.77,0.49,Afrobeats Pop,Pop
english_Creepin',English,"Metro Boomin, The Weeknd, 21 Savage",0.81,0.52,R&B,R&B
english_Escapism.,English,"RAYE, 070 Shake",0.35,0.75,Alternative R&B,R&B
english_I'm_Good_(Blue),English,"David Guetta, Bebe Rexha",0.95,0.9,Dance Pop,Pop
hindi_Param_Sundari,Hindi,Shreya Ghoshal,0.9,0.8,Bollywood Dance Pop,Pop
hindi_Raataan_Lambiyan,Hindi,"Jubin Nautiyal, Asees Kaur",0.8,0.5,Indian Film Romantic Ballad,Pop
english_Flowers,English,Miley Cyrus,0.49,0.42,Pop Rock,Rock
english_Made_You_Look,English,Meghan Trainor,0.9,0.8,Retro Pop,Pop
english_Under_The_Influence,English,Chris Brown,0.73,0.71,R&B,R&B
english_Celestial,English,Ed Sheeran,0.47,0.71,Pop Rock,Rock
english_Forget_Me,English,Lewis Capaldi,0.79,0.44,Pop Rock,Rock
english_Bad_Decisions,English,"Benny Blanco, BTS, Snoop Dogg",0.75,0.7,Pop Rock,Rock
english_Victoria’s_Secret,English,JAX,0.89,0.46,Pop Rock,Rock
hindi_Nadiyon_Paar_(Let_the_Music_Play_Again),Hindi,"Shamur, Rashmeet Kaur, IP Singh, Sachin-Jigar",0.9,0.9,Bollywood Dance Pop,Pop
hindi_Ranjha,Hindi,"B Praak, Jasleen Royal",0.86,0.8,Indian Film Romantic Ballad,Pop
hindi_Meri_Jaan,Hindi,Neeti Mohan,0.75,0.5,Indian Film Romantic Ballad,Pop
hindi_Dhokha,Hindi,Arijit Singh,0.25,0.5,Indian Film Sad Ballad,Classical
hindi_Jab_Saiyaan,Hindi,Shreya Ghoshal,0.8,0.6,Indian Film Classical Ballad,Classical
hindi_Bhool_Bhulaiyaa_2_Title_Track,Hindi,Neeraj Shridhar,0.85,0.9,Bollywood Dance Pop,Pop
english_Dynamite,English,BTS,0.93,0.8,Disco Pop,Pop
english_Old_Town_Road,English,Lil Nas X ft. Billy Ray Cyrus,0.8,0.8,Country Rap,Hip-Hop
english_Positions,English,Ariana Grande,0.7,0.6,R&B Pop,R&B
english_Memories,English,Maroon 5,0.78,0.56,Pop Ballad,Pop
english_Watermelon_Sugar,English,Harry Styles,0.9,0.7,Pop Rock,Rock
english_Lovely,English,"Billie Eilish, Khalid",0.32,0.79,Alternative Pop,Rock
english_Goosebumps,English,Travis Scott,0.7,0.8,Trap Pop,Pop
english_Mood,English,24kGoldn ft. Iann Dior,0.8,0.8,Pop Rap,Hip-Hop
english_Therefore_I_Am,English,Billie Eilish,0.47,0.44,Alternative Pop,Rock
english_Willow,English,Taylor Swift,0.73,0.62,Folk Pop,Pop
english_Kiss_Me_More,English,Doja Cat ft. SZA,0.9,0.8,Pop Rap,Hip-Hop
hindi_Dil_Bechara,Hindi,A.R. Rahman,0.9,0.9,Indian Film Sad Ballad,Classical
hindi_Duniyaa,Hindi,"Akhil, Dhvani Bhanushali",0.8,0.8,Indian Film Romantic Ballad,Pop
hindi_Hawayein,Hindi,Arijit Singh,0.9,0.9,Indian Film Romantic Ballad,Pop
hindi_O_Saki_Saki,Hindi,"Neha Kakkar, Tulsi Kumar",0.8,0.8,Bollywood Dance Pop,Pop
english_Save_Your_Tears,English,The Weeknd,0.5,0.4,Synth Pop,Pop
english_Senorita,English,"Shawn Mendes, Camila Cabello",0.3,0.85,Latin Pop,Pop
english_Butter,English,BTS,0.9,0.85,Dance Pop,Pop
english_Peaches,English,"Justin Bieber ft. Daniel Caesar, Giveon",0.89,0.72,R&B Pop,R&B
english_Shivers,English,Ed Sheeran,0.46,0.81,Dance Pop,Pop
english_Adore_You,English,Harry Styles,0.87,0.64,Pop Rock,Rock
english_Cold_Heart_(PNAU_Remix),English,Elton John & Dua Lipa,0.85,0.75,Dance Pop,Pop
english_Heat_Waves,English,Glass Animals,0.83,0.63,Indie Pop,Pop
english_Happier_Than_Ever,English,Billie Eilish,0.3,0.4,Alternative Rock,Rock
english_Montero_(Call_Me_By_Your_Name),English,Lil Nas X,0.7,0.8,Pop Rap,Hip-Hop
english_Permission_to_Dance,English,BTS,0.95,0.85,Dance Pop,Pop
english_You_Right,English,"Doja Cat, The Weeknd",0.82,0.36,R&B Pop,R&B
english_Woman,English,Doja Cat,0.63,0.59,Afrobeats Pop,Pop
english_Fancy_Like,English,Walker Hayes,0.8,0.7,Country Pop,Country
english_Billie_Eilish.,English,Armani White,0.85,0.9,Alternative Pop,Rock
english_Abracadabra,English,Lady Gaga,0.69,0.82,Electropop,Electronic
english_Something_Beautiful,English,Miley Cyrus,0.9,0.75,Pop Ballad,Pop
english_Luther,English,Kendrick Lamar ft. SZA,0.7,0.65,Indie Folk,Country
english_Born_Again,English,Lisa ft. Doja Cat and Raye,0.78,0.69,Pop Rock,Rock
english_Twilight_Zone,English,Ariana Grande,0.52,0.83,Synth Pop,Pop
english_Soft_Girl_Era,English,Ari Lennox,0.7,0.6,Indie Pop,Pop
english_Physical,English,Dua Lipa ft. Troye Sivan,0.84,0.73,Dance Pop,Pop
english_APT.,English,Rosé & Bruno Mars,0.8,0.85,Electropop,Electronic
english_Ordinary,English,Alex Warren,0.89,0.78,Pop Ballad,Pop
english_Havana,English,Camila Cabello ft. Young Thug,0.76,0.38,Latin Pop,Pop
english_Before_He_Cheats,English,Carrie Underwood,0.7,0.65,Country Pop,Country
english_Say_So,English,Doja Cat,0.8,0.75,Disco Pop,Pop
english_Savage_Love,English,Jawsh 685 & Jason Derulo,0.8,0.8,Dance Pop,Pop
english_Truth_Hurts,English,Lizzo,0.75,0.85,Hip-Hop Soul,R&B
english_Electric_Love,English,BØRNS,1.0,0.83,Indie Pop,Pop
english_Feel_It_Still,English,Portugal. The Man,0.9,0.85,Alternative Pop,Rock
english_Kings_&_Queens,English,Ava Max,0.46,0.89,Dance Pop,Pop
english_Don’t_Go_Yet,English,Camila Cabello,0.75,0.85,Latin Pop,Pop
english_Shut_Up_and_Dance,English,Walk the Moon,0.98,0.81,Dance Rock,Rock
english_Smooth,English,Santana ft. Rob Thomas,0.8,0.81,Latin Pop,Pop
english_Don’t_Stop_Believin’,English,Journey,0.9,0.85,Arena Rock,Rock
english_Drops_of_Jupiter,English,Train,0.7,0.6,Pop Rock,Rock
english_Rock_Your_Body,English,Justin Timberlake,0.91,0.86,Pop R&B,R&B
english_My_Heart_Will_Go_On,English,Celine Dion,0.81,0.64,Pop Ballad,Pop
english_Because_You_Loved_Me,English,Celine Dion,0.89,0.7,Pop Ballad,Pop
english_Crazy_in_Love,English,Beyoncé ft. Jay-Z,0.75,0.46,R&B Pop,R&B
english_You’re_Beautiful,English,James Blunt,0.77,0.6,Pop Ballad,Pop
english_It’s_My_Life,English,Bon Jovi,0.91,0.86,Pop Rock,Rock
english_Complicated,English,Avril Lavigne,0.74,0.75,Pop Rock,Rock
english_God_Only_Knows,English,The Beach Boys,0.64,0.67,Baroque Pop,Pop
english_Hallelujah,English,Leonard Cohen,0.65,0.67,Folk Rock,Rock
english_Old_Time_Rock_and_Roll,English,Bob Seger,0.8,0.7,Rock and Roll,Rock
english_Kiss_from_a_Rose,English,Seal,0.82,0.6,Pop Soul,R&B
english_Unchained_Melody,English,The Righteous Brothers,0.78,0.65,Traditional Pop,Pop
english_Wonderful_Tonight,English,Eric Clapton,0.62,0.56,Soft Rock,Rock
english_Have_I_Told_You_Lately,English,Van Morrison,0.74,0.58,Soft Rock,Rock
english_Your_Song,English,Elton John,0.82,0.59,Soft Rock,Rock
english_Something,English,The Beatles,0.56,0.79,Rock Ballad,Rock
english_Unforgettable,English,Nat King Cole,0.83,0.63,Traditional Pop,Pop
english_Just_the_Way_You_Are,English,Bruno Mars,0.87,0.62,Pop Ballad,Pop
hindi_Pyar_Hua_Ikrar_Hua,Hindi,Lata Mangeshkar & Manna Dey,0.9,0.3,Indian Film Romantic Duet,Pop
english_Black_Dog,English,Led Zeppelin,0.6,0.9,Hard Rock,Rock
english_Get_Lucky,English,Daft Punk ft. Pharrell Williams,0.95,0.85,Disco Funk,R&B
english_Go_Your_Own_Way,English,Fleetwood Mac,0.85,0.8,Pop Rock,Rock
english_Billie_Jean,English,Michael Jackson,0.73,0.78,Post-Disco,R&B
english_Zombie,English,The Cranberries,0.81,0.8,Alternative Rock,Rock
english_Firestarter,English,The Prodigy,0.45,0.71,Big Beat,Electronic
english_Dreams,English,Fleetwood Mac,0.66,0.63,Soft Rock,Rock
english_Heroes,English,David Bowie,0.37,0.46,Art Rock,Rock
english_Smooth_Criminal,English,Michael Jackson,0.85,0.82,Pop Funk,R&B
english_Enter_Sandman,English,Metallica,0.74,0.57,Heavy Metal,Rock
english_It_Was_a_Good_Day,English,Ice Cube,0.7,0.4,West Coast Hip-Hop,Hip-Hop
english_Thriller,English,Michael Jackson,0.35,0.29,Pop Funk,R&B
english_Sultans_of_Swing,English,Dire Straits,0.75,0.75,Roots Rock,Country
english_The_Ocean,English,Led Zeppelin,0.66,0.56,Hard Rock,Rock
english_Paradise,English,Coldplay,0.89,0.69,Pop Rock,Rock
english_Superstition,English,Stevie Wonder,0.8,0.75,Funk,R&B
english_Respect,English,Aretha Franklin,0.3,0.85,Soul,R&B
english_Crazy,English,Gnarls Barkley,0.47,0.77,Pop Rock,Rock
english_Runaway,English,Kanye West,0.89,0.67,Pop Rock,Rock
english_Jump,English,Van Halen,0.47,0.4,Hard Rock,Rock
english_No_Scrubs,English,TLC,0.75,0.7,R&B Pop,R&B
english_Love_Shack,English,The B-52s,0.93,0.77,New Wave Pop,Pop
english_Under_the_Bridge,English,Red Hot Chili Peppers,0.56,0.47,Alternative Rock,Rock
english_I_Want_to_Break_Free,English,Queen,0.85,0.8,Pop Rock,Rock
english_Take_Me_to_Church,English,Hozier,0.7,0.6,Indie Soul,R&B
english_Hotline_Bling,English,Drake,0.75,0.7,Pop R&B,R&B
english_Light_My_Fire,English,The Doors,0.65,0.62,Psychedelic Rock,Rock
english_I_Bet_You_Look_Good_on_the_Dancefloor,English,Arctic Monkeys,0.89,0.75,Indie Rock,Rock
english_Dog_Days_Are_Over,English,Florence + The Machine,0.91,0.77,Indie Rock,Rock
english_Beautiful_Day,English,U2,0.78,0.52,Pop Rock,Rock
english_Blue_Monday,English,New Order,0.77,0.58,Synth Pop,Pop
english_One,English,Metallica,0.66,0.64,Alternative Rock,Rock
"english_Harder,_Better,_Faster,_Stronger",English,Daft Punk,0.85,0.9,Electro House,Electronic
english_Sabotage,English,Beastie Boys,0.85,0.95,Rap Rock,Hip-Hop
english_Blue_in_Green,English,Miles Davis,0.36,0.42,Modal Jazz,Jazz
english_London_Calling,English,The Clash,0.8,0.43,Punk Rock,Rock
english_Landslide,English,Fleetwood Mac,0.37,0.46,Folk Rock,Rock
english_Mrs._Robinson,English,Simon & Garfunkel,0.94,0.79,Folk Rock,Rock
english_Walk_on_the_Wild_Side,English,Lou Reed,0.47,0.18,Art Rock,Rock
english_I_Want_to_Hold_Your_Hand,English,The Beatles,0.92,0.77,Beat Pop,Pop
english_Stand_by_Me,English,Ben E. King,0.72,0.63,Soul,R&B
english_A_Whiter_Shade_of_Pale,English,Procol Harum,0.8,0.55,Progressive Rock,Rock
english_Yesterday,English,The Beatles,0.74,0.58,Pop Ballad,Pop
english_Brown_Eyed_Girl,English,Van Morrison,0.75,0.8,Folk Rock,Rock
english_Rocket_Man,English,Elton John,0.24,0.23,Soft Rock,Rock
english_Don't_Stop_Believin',English,Journey,0.95,0.8,Arena Rock,Rock
english_Johnny_B._Goode,English,Chuck Berry,0.9,0.9,Rock and Roll,Rock
english_Hotel_California,English,Eagles,0.8,0.55,Soft Rock,Rock
"english_Take_Me_Home,_Country_Roads",English,John Denver,0.36,0.42,Country Folk,Country
english_Sweet_Caroline,English,Neil Diamond,0.49,0.69,Pop Rock,Rock
english_Sweet_Home_Alabama,English,Lynyrd Skynyrd,0.8,0.75,Southern Rock,Country
english_Don't_Stop_Me_Now,English,Queen,0.85,0.73,Pop Rock,Rock
english_Waterloo_Sunset,English,The Kinks,0.87,0.61,Baroque Pop,Pop
english_Born_to_Run,English,Bruce Springsteen,0.8,0.85,Heartland Rock,Rock
english_Dancing_Queen,English,ABBA,0.6,0.56,Disco Pop,Pop
english_Be_My_Baby,English,The Ronettes,0.61,0.91,Pop Rock,Rock
english_Don't_Stop,English,Fleetwood Mac,0.75,0.68,Pop Rock,Rock
english_Let_It_Go,English,James Bay,0.41,0.3,Film Pop Ballad,Pop
english_Help!,English,The Beatles,0.51,0.59,Beat Pop,Pop
english_Ain't_No_Mountain_High_Enough,English,Marvin Gaye & Tammi Terrell,0.9,0.85,Motown Soul,R&B
english_To_Love_Somebody,English,Bee Gees,0.38,0.45,Blue-Eyed Soul,R&B
english_Suspicious_Minds,English,Elvis Presley,0.93,0.59,Pop Rock,Rock
hindi_Zindagi_Kaisi_Hai_Paheli,Hindi,Manna Dey,0.7,0.5,Indian Film Philosophical Song,Classical
english_Riders_on_the_Storm,English,The Doors,0.5,0.6,Psychedelic Rock,Rock
english_All_My_Life,English,Foo Fighters,0.81,0.64,Alternative Rock,Rock
english_Come_Together,English,The Beatles,0.65,0.62,Blues Rock,Rock
english_Crazy_Little_Thing_Called_Love,English,Queen,0.8,0.85,Rockabilly,Country
english_No_Woman_No_Cry,English,Bob Marley,0.6,0.6,Reggae,R&B
english_Let's_Dance,English,David Bowie,0.62,0.53,Dance Rock,Rock
english_Give_Me_One_Reason,English,Tracy Chapman,0.53,0.51,Blues Rock,Rock
english_Black_Hole_Sun,English,Soundgarden,0.6,0.7,Grunge,Rock
english_September,English,"Earth, Wind & Fire",0.69,0.69,Disco Funk,R&B
english_Play_That_Funky_Music,English,Wild Cherry,0.85,0.9,Funk Rock,R&B
english_We_Are_Family,English,Sister Sledge,0.92,0.8,Disco Soul,R&B
english_Tainted_Love,English,Soft Cell,0.73,0.83,Synth Pop,Pop
english_Midnight_City,English,M83,0.8,0.7,Synth Pop,Pop
english_Somebody_That_I_Used_to_Know,English,Gotye feat. Kimbra,0.61,0.49,Indie Pop,Pop
english_Sky_Full_of_Stars,English,Coldplay,0.88,0.8,Dance Pop,Pop
english_Hymn_for_the_Weekend,English,Coldplay,0.95,0.77,Pop Rock,Rock
english_Let_Her_Go,English,Passenger,0.2,0.45,Folk Pop,Pop
english_Yellow,English,Coldplay,0.81,0.38,Alternative Rock,Rock
english_Cherry_Wine,English,Hozier,0.74,0.7,Acoustic Folk,Country
english_Youth,English,Daughter,0.35,0.25,Indie Pop,Pop
english_Holocene,English,Bon Iver,0.71,0.42,Indie Folk,Country
english_Slow_Dancing_in_the_Dark,English,Joji,0.25,0.48,Alternative R&B,R&B
english_Sweet_Disposition,English,The Temper Trap,0.7,0.75,Indie Rock,Rock
english_Breathe_Me,English,Sia,0.56,0.53,Ambient Pop,Pop
hindi_Iktara,Hindi,Kavita Seth,0.55,0.45,Indian Indie Folk,Country
hindi_Qaafirana,Hindi,Arijit Singh & Nikhita Gandhi,0.6,0.5,Indian Film Romantic Ballad,Pop
hindi_Nazm_Nazm,Hindi,Arko,0.65,0.45,Indian Film Romantic Ballad,Pop
hindi_Khuda_Jaane,Hindi,KK & Shilpa Rao,0.75,0.6,Indian Film Romantic Ballad,Pop
hindi_Manjha,Hindi,Vishal Mishra,0.35,0.4,Indian Indie Folk,Country
hindi_Apna_Bana_Le,Hindi,Arijit Singh,0.7,0.55,Indian Film Romantic Ballad,Pop
hindi_Chaudhary,Hindi,Mame Khan,0.8,0.75,Rajasthani Folk,Country
hindi_O_Sanam,Hindi,Lucky Ali,0.7,0.55,Indian Indie Pop,Pop
hindi_Alag_Aasmaan,Hindi,Anuv Jain,0.75,0.65,Indian Indie Pop,Pop
hindi_Phir_Se_Ud_Chala,Hindi,Mohit Chauhan,0.8,0.75,Indian Film Travel Ballad,Pop
hindi_Choo_Lo,Hindi,The Local Train,0.5,0.45,Indian Indie Rock,Rock
english_Clearest_Blue,English,CHVRCHES,0.8,0.85,Synth Pop,Pop
english_Ophelia,English,The Lumineers,0.42,0.74,Indie Folk Rock,Country
english_Riptide,English,Vance Joy,0.85,0.66,Indie Folk,Country
english_Run,English,Snow Patrol,0.71,0.64,Alternative Rock,Rock
english_Take_Me_Out,English,Franz Ferdinand,0.91,0.69,Indie Rock,Rock
english_Stolen_Dance,English,Milky Chance,0.76,0.66,Indie Electronic,Electronic
english_The_Less_I_Know_the_Better,English,Tame Impala,0.65,0.55,Psychedelic Pop,Rock
english_Do_I_Wanna_Know,English,Arctic Monkeys,0.89,0.9,Alternative Rock,Rock
english_Electric_Feel,English,MGMT,0.8,0.75,Psychedelic Pop,Rock
english_Somewhere_Only_We_Know,English,Keane,0.79,0.67,Alternative Rock,Rock
english_The_Scientist,English,Coldplay,0.62,0.51,Alternative Rock Ballad,Rock
english_Shake_It_Out,English,Florence + The Machine,0.82,0.75,Indie Rock,Rock
english_A_Sky_Full_of_Stars,English,Coldplay,0.9,0.85,Dance Pop,Pop
english_Pompeii,English,Bastille,0.66,0.61,Indie Rock,Rock
english_Little_Talks,English,Of Monsters and Men,0.7,0.75,Indie Folk Pop,Country
english_Some_Nights,English,fun.,0.86,0.75,Indie Pop,Pop
english_Ho_Hey,English,The Lumineers,0.85,0.75,Folk Pop,Pop
english_I_Lived,English,OneRepublic,0.28,0.42,Pop Rock,Rock
english_Fast_Car,English,Tracy Chapman,0.59,0.5,Folk Rock,Rock
english_Youngblood,English,5 Seconds of Summer,0.8,0.85,Pop Rock,Rock
english_Budapest,English,George Ezra,0.75,0.65,Indie Pop,Pop
english_Shotgun,English,George Ezra,0.59,0.57,Pop Folk,Country
english_River,English,Leon Bridges,0.75,0.43,Indie Folk,Country
english_Anchor,English,Novo Amor,0.47,0.4,Indie Folk,Country
english_Saturn,English,Sleeping At Last,0.71,0.56,Indie Folk,Country
english_To_Build_a_Home,English,The Cinematic Orchestra,0.15,0.3,Ambient Classical,Classical
english_Hold_On,English,Chord Overstreet,0.48,0.52,Indie Pop,Pop
english_Let_Me_Down_Slowly,English,Alec Benjamin,0.3,0.45,Pop Ballad,Pop
english_Another_Love,English,Tom Odell,0.64,0.63,Indie Pop,Pop
english_As_the_World_Caves_In,English,Matt Maltese,0.2,0.35,Indie Pop,Pop
english_Arcade,English,Duncan Laurence,0.68,0.72,Pop Ballad,Pop
english_Love_Is_Gone,English,SLANDER ft. Dylan Matthew,0.86,0.68,Dance Pop,Pop
english_Death_Bed,English,Powfu,0.25,0.35,Bedroom Pop,Pop
english_I_Found,English,Amber Run,0.25,0.4,Indie Pop,Pop
english_Goner,English,Twenty One Pilots,0.71,0.88,Alternative Pop,Rock
english_Be_Alright,English,Dean Lewis,0.3,0.45,Pop Ballad,Pop
english_Asleep,English,The Smiths,0.5,0.82,Dream Pop,Pop
english_Funeral,English,Phoebe Bridgers,0.12,0.24,Indie Folk,Country
english_I_Know,English,Fiona Apple,0.59,0.62,Indie Folk,Country
english_Fourth_of_July,English,Sufjan Stevens,0.33,0.55,Ambient Pop,Pop
english_Should_Have_Known_Better,English,Sufjan Stevens,0.45,0.39,Indie Folk,Country
english_I_Will_Wait,English,Mumford & Sons,0.76,0.7,Folk Rock,Rock
english_Work_Song,English,Hozier,0.5,0.59,Indie Folk,Country
english_Re_Stacks,English,Bon Iver,0.65,0.49,Indie Folk,Country
english_True_Love_Waits,English,Radiohead,0.66,0.51,Alternative Rock,Rock
english_Mariners_Apartment_Complex,English,Lana Del Rey,0.77,0.58,Indie Folk,Country
english_Video_Games,English,Lana Del Rey,0.3,0.35,Dream Pop,Pop
english_Heartbeats,English,José González,0.54,0.82,Indie Pop,Pop
english_Naked_as_We_Came,English,Iron & Wine,0.74,0.45,Indie Folk,Country
hindi_Humsafar,Hindi,Akhil Sachdeva,0.5,0.45,Indian Film Romantic Ballad,Pop
hindi_Aasan_Nahin_Yahan,Hindi,Arijit Singh,0.2,0.35,Indian Film Sad Ballad,Classical
hindi_Mann_Bharrya,Hindi,B Praak,0.15,0.4,Punjabi Folk Pop,Country
english_Dissolve,English,Absofacto,0.62,0.46,Indie Electronic,Electronic
english_Lost_Cause,English,Beck,0.4,0.33,Alternative Pop,Rock
english_Waves,English,Dean Lewis,0.68,0.46,Indie Electronic,Electronic
english_Human,English,Rag'n'Bone Man,0.53,0.78,Alternative Rock,Rock
english_Amsterdam,English,Nothing But Thieves,0.59,0.59,Indie Rock,Rock
english_Someone_New,English,Hozier,0.83,0.26,Indie Pop,Pop
english_Lost_Stars,English,Adam Levine,0.35,0.4,Folk Pop,Pop
english_Unsteady,English,X Ambassadors,0.3,0.45,Alternative Pop,Rock
english_Say_Something,English,A Great Big World & Christina Aguilera,0.34,0.49,Pop Ballad,Pop
english_Hey_Ya!,English,Outkast,0.96,0.79,Pop Funk,R&B
english_Stayin'_Alive,English,Bee Gees,0.79,0.39,Disco,R&B
english_Lean_On,English,Major Lazer & DJ Snake,0.85,0.8,Tropical House,Electronic
english_Halo,English,Beyoncé,0.68,0.68,Pop Soul,R&B
english_We_Will_Rock_You,English,Queen,0.92,0.79,Arena Rock,Rock
hindi_Dooba_Dooba,Hindi,Silk Route,0.65,0.55,Indian Indie Pop,Pop
hindi_Piya_Basanti,Hindi,"Ustad Sultan Khan, K.S. Chithra",0.65,0.45,Indian Indie Folk,Country
hindi_Ilahi,Hindi,Arijit Singh,0.85,0.75,Indian Film Travel Pop,Pop
english_All_I_Want,English,Kodaline,0.69,0.65,Indie Folk,Country
english_The_Night_We_Met,English,Lord Huron,0.41,0.77,Indie Folk,Country
english_Skinny_Love,English,Bon Iver,0.68,0.57,Indie Folk,Country
english_Photograph,English,Ed Sheeran,0.51,0.64,Pop Ballad,Pop
english_Wrecking_Ball,English,Miley Cyrus,0.87,0.59,Pop Ballad,Pop
english_Ocean_Eyes,English,Billie Eilish,0.35,0.45,Dream Pop,Pop
hindi_Ae_Dil_Hai_Mushkil_(Title_Track),Hindi,Arijit Singh,0.3,0.5,Indian Film Romantic Ballad,Pop
hindi_Tadap_Tadap,Hindi,"KK, Dominique Cerejo",0.2,0.55,Indian Film Sad Ballad,Classical
hindi_Abhi_Mujh_Mein_Kahin,Hindi,Sonu Nigam,0.3,0.35,Indian Film Classical Ballad,Classical
hindi_Tujh_Mein_Rab_Dikhta_Hai,Hindi,Roop Kumar Rathod,0.6,0.45,Indian Film Devotional Romantic,Classical
hindi_Rehna_Tu,Hindi,A.R. Rahman,0.55,0.5,Indian Film Romantic Ballad,Pop
hindi_Main_Rahoon_Ya_Na_Rahoon,Hindi,Armaan Malik,0.35,0.45,Indian Film Romantic Ballad,Pop
hindi_Tum_Hi_Ho_Bandhu,Hindi,Neeraj Shridhar,0.8,0.75,Indian Film Feel-Good Pop,Pop
hindi_Jiya_Dhadak_Dhadak,Hindi,Rahat Fateh Ali Khan,0.45,0.5,Indian Film Romantic Ballad,Pop
hindi_Kaise_Mujhe,Hindi,Benny Dayal,0.5,0.45,Indian Film Romantic Ballad,Pop
english_Liability,English,Lorde,0.51,0.52,Alternative Pop,Rock
english_Slow_Dancing_in_a_Burning_Room,English,John Mayer,0.61,0.51,Blues Rock,Rock
english_Jealous,English,Labrinth,0.47,0.67,Pop Rock,Rock
english_Already_Gone,English,Sleeping At Last,0.35,0.4,Pop Rock Ballad,Rock
english_Carry_You,English,Ruelle,0.45,0.5,Indie Folk,Country
english_Cellophane,English,FKA twigs,0.72,0.53,Alternative R&B,R&B
english_Sea_of_Love,English,Cat Power,0.82,0.87,Dream Pop,Pop
english_Apocalypse,English,Cigarettes After Sex,0.54,0.7,Dream Pop,Pop
english_Nothing’s_Gonna_Hurt_You_Baby,English,Cigarettes After Sex,0.45,0.3,Dream Pop,Pop
english_When_the_Party’s_Over,English,Billie Eilish,0.47,0.5,Alternative Pop,Rock
english_Breathe,English,Télépopmusik,0.52,0.83,Indie Pop,Pop
english_River_of_Tears,English,Alessia Cara,0.3,0.4,Indie Folk,Country
english_I’m_Not_the_Only_One,English,Sam Smith,0.38,0.54,Pop Soul,R&B
english_Poison_&_Wine,English,The Civil Wars,0.79,0.6,Indie Folk,Country
english_Hurt,English,Johnny Cash,0.4,0.55,Alternative Rock,Rock
english_Motion_Picture_Soundtrack,English,Radiohead,0.53,0.48,Indie Folk,Country
english_Between_the_Bars,English,Elliott Smith,0.91,0.6,Indie Folk,Country
english_Way_Down_We_Go,English,Kaleo,0.2,0.25,Indie Folk,Country
"english_No_Light,_No_Light",English,Florence + The Machine,0.7,0.75,Indie Rock,Rock
english_Teardrop,English,Massive Attack,0.53,0.42,Trip Hop,Electronic
english_Cold_Little_Heart,English,Michael Kiwanuka,0.33,0.55,Psychedelic Soul,R&B
english_High_Hopes,English,Kodaline,0.93,0.76,Pop Rock,Rock
english_Youth_of_the_Nation,English,P.O.D.,0.55,0.7,Rap Rock,Hip-Hop
english_Gravity,English,Sara Bareilles,0.72,0.69,Pop Soul,R&B
english_Roads,English,Portishead,0.86,0.78,Trip Hop,Electronic
english_The_A_Team,English,Ed Sheeran,0.45,0.48,Folk Pop,Pop
english_Chasing_Pavements,English,Adele,0.4,0.45,Pop Soul,R&B
english_Ghost,English,Halsey,0.52,0.83,Pop Rock,Rock
english_Firestone,English,Kygo ft. Conrad Sewell,0.88,0.69,Tropical House,Electronic
english_Love_Runs_Out,English,OneRepublic,0.9,0.85,Pop Rock,Rock
english_Sunday_Morning,English,Maroon 5,0.79,0.47,Pop Rock,Rock
english_Latch,English,Disclosure ft. Sam Smith,0.7,0.6,Electronic Pop,Electronic
english_Chandelier,English,Sia,0.7,0.45,Electropop,Electronic
english_R_U_Mine,English,Arctic Monkeys,0.7,0.8,Alternative Rock,Rock
english_Midnight_Memories,English,One Direction,0.9,0.85,Pop Rock,Rock
english_Safe_and_Sound,English,Capital Cities,0.86,0.78,Folk Pop,Pop
english_Style,English,Taylor Swift,0.92,0.73,Synth Pop,Pop
english_Teenage_Dream,English,Katy Perry,0.34,0.73,Pop,Pop
english_Jolene,English,Dolly Parton,0.53,0.28,Country Folk,Country
english_Friends_in_Low_Places,English,Garth Brooks,0.9,0.7,Country,Country
english_The_Gambler,English,Kenny Rogers,0.91,0.68,Country Folk,Country
english_Chicken_Fried,English,Zac Brown Band,0.88,0.65,Country,Country
english_Need_You_Now,English,Lady A,0.64,0.78,Country Pop,Country
english_Tennessee_Whiskey,English,Chris Stapleton,0.55,0.35,Country Soul,R&B
english_Wagon_Wheel,English,Darius Rucker,0.85,0.6,Country Folk,Country
english_Humble_and_Kind,English,Tim McGraw,0.75,0.4,Country Folk,Country
english_Something_in_the_Orange,English,Zach Bryan,0.35,0.45,Country Folk,Country
english_Blue_Ain't_Your_Color,English,Keith Urban,0.4,0.45,Country Soul,R&B
english_Man!_I_Feel_Like_a_Woman!,English,Shania Twain,0.95,0.85,Country Pop,Country
english_If_I_Die_Young,English,The Band Perry,0.25,0.3,Country Folk,Country
english_Ring_of_Fire,English,Johnny Cash,0.47,0.78,Country,Country
english_I_Walk_the_Line,English,Johnny Cash,0.45,0.38,Country,Country
english_Blue_Eyes_Crying_in_the_Rain,English,Willie Nelson,0.2,0.2,Country Folk,Country
english_You're_Still_the_One,English,Shania Twain,0.91,0.71,Country Pop,Country
"english_Jesus,_Take_the_Wheel",English,Carrie Underwood,0.55,0.3,Country Pop,Country
english_Broken_Halos,English,Chris Stapleton,0.35,0.25,Country Folk,Country
english_Live_Like_You_Were_Dying,English,Tim McGraw,0.62,0.63,Country,Country
english_Girl_Crush,English,Little Big Town,0.61,0.51,Country Pop,Country
english_I_Hope_You_Dance,English,Lee Ann Womack,0.74,0.65,Country Pop,Country
english_He_Stopped_Loving_Her_Today,English,George Jones,0.1,0.2,Country Ballad,Country
"english_Courtesy_of_the_Red,_White_and_Blue",English,Toby Keith,0.7,0.85,Country Patriotic,Country
english_Mama_Tried,English,Merle Haggard,0.55,0.6,Country,Country
english_On_the_Road_Again,English,Willie Nelson,0.23,0.39,Country,Country
english_Achy_Breaky_Heart,English,Billy Ray Cyrus,0.8,0.75,Country Pop,Country
english_She_Thinks_My_Tractor's_Sexy,English,Kenny Chesney,0.85,0.7,Country Pop,Country
english_God_Bless_the_USA,English,Lee Greenwood,0.8,0.55,Patriotic Country,Country
english_Boot_Scootin’_Boogie,English,Brooks & Dunn,0.85,0.8,Country Dance,Country
english_Folsom_Prison_Blues,English,Johnny Cash,0.36,0.42,Country Rock,Country
english_Amarillo_by_Morning,English,George Strait,0.5,0.45,Country,Country
english_Pancho_and_Lefty,English,Willie Nelson & Merle Haggard,0.4,0.35,Country Folk,Country
english_Your_Cheatin'_Heart,English,Hank Williams,0.35,0.4,Country,Country
english_Take_This_Job_and_Shove_It,English,Johnny Paycheck,0.6,0.65,Country Rock,Country
english_Hello_Darlin',English,Conway Twitty,0.3,0.3,Country Ballad,Country
english_The_Chair,English,George Strait,0.46,0.59,Country Ballad,Country
english_Mama's_Broken_Heart,English,Miranda Lambert,0.55,0.74,Country Pop,Country
english_Chattahoochee,English,Alan Jackson,0.85,0.75,Country,Country
english_Coal_Miner's_Daughter,English,Loretta Lynn,0.65,0.45,Country,Country
english_You_Belong_With_Me,English,Taylor Swift,0.87,0.72,Country Pop,Country
english_Cruise,English,Florida Georgia Line,0.78,0.46,Country Pop,Country
english_Life_Is_a_Highway,English,Rascal Flatts,0.46,0.39,Pop Rock,Rock
english_Love_Story,English,Taylor Swift,0.92,0.72,Country Pop,Country
english_Take_Five,English,Dave Brubeck Quartet,0.73,0.42,Cool Jazz,Jazz
english_My_Favorite_Things,English,John Coltrane,0.69,0.56,Jazz Standard,Jazz
english_Feeling_Good,English,Nina Simone,0.78,0.8,Jazz Standard,Jazz
english_Summertime,English,Ella Fitzgerald,0.73,0.72,Jazz Standard,Jazz
english_Fly_Me_to_the_Moon,English,Frank Sinatra,0.52,0.65,Jazz Standard,Jazz
english_Autumn_Leaves,English,Chet Baker,0.39,0.66,Jazz Standard,Jazz
english_At_Last,English,Etta James,0.64,0.57,Soul Jazz,Jazz
english_So_What,English,Miles Davis,0.77,0.58,Modal Jazz,Jazz
english_Lisztomania,English,Phoenix,0.85,0.8,Indie Rock,Rock
english_Kids,English,MGMT,0.63,0.74,Indie Pop,Pop
english_Tongue_Tied,English,Grouplove,0.9,0.75,Indie Pop,Pop
english_Oxford_Comma,English,Vampire Weekend,0.75,0.65,Indie Pop,Pop
english_Pumped_Up_Kicks,English,Foster the People,0.96,0.78,Indie Pop,Pop
english_Home,English,Edward Sharpe & The Magnetic Zeros,0.65,0.62,Indie Folk,Country
hindi_Kho_Gaye_Hum_Kahan,Hindi,Jasleen Royal,0.55,0.4,Indian Film Romantic Ballad,Pop
hindi_Mera_Mann,Hindi,Falak Shabir,0.65,0.45,Indian Indie Folk,Country
hindi_Pyaar_Ke_Pal,Hindi,KK,0.7,0.5,Indian Indie Rock,Rock
hindi_Saiyaan,Hindi,Kailash Kher,0.5,0.45,Indian Indie Folk,Country
hindi_Khoya_Khoya_Chand,Hindi,Mohammed Rafi,0.65,0.35,Indian Film Ghazal,Classical
hindi_Tu_Jaane_Na,Hindi,Atif Aslam,0.6,0.4,Indian Film Romantic Ballad,Pop
hindi_Baarishein,Hindi,Anuv Jain,0.4,0.3,Indian Indie Romantic,Pop
hindi_Riha,Hindi,Anuv Jain,0.55,0.4,Indian Indie Pop,Pop
hindi_Dil_Mere,Hindi,The Local Train,0.45,0.55,Indian Indie Rock,Rock
english_Fluorescent_Adolescent,English,Arctic Monkeys,0.6,0.65,Indie Rock,Rock
hindi_Phir_Bhi_Tumko_Chaahunga,Hindi,Arijit Singh,0.3,0.35,Indian Film Sad Ballad,Classical
english_Sun_Is_Shining,English,Axwell / Ingrosso,0.77,0.58,Reggae Fusion,R&B
english_Best_Part,English,Daniel Caesar ft. H.E.R.,0.65,0.4,R&B Soul,R&B
english_The_Logical_Song,English,Supertramp,0.6,0.55,Progressive Pop,Electronic
hindi_Jiyein_Kyun,Hindi,Papon,0.35,0.4,Indian Indie Rock,Rock
hindi_Saaiyaan,Hindi,Kailash Kher,0.28,0.32,Indian Indie Folk,Country
english_Ends_of_the_Earth,English,Lord Huron,0.46,0.37,Indie Folk,Country
english_Cornerstone,English,Arctic Monkeys,0.5,0.55,Indie Rock,Rock
english_The_Boxer,English,Simon & Garfunkel,0.5,0.51,Folk Rock,Rock
english_Carry_On_Wayward_Son,English,Kansas,0.75,0.8,Progressive Rock,Rock
english_Dust_in_the_Wind,English,Kansas,0.73,0.48,Folk Rock,Rock
english_Mykonos,English,Fleet Foxes,0.72,0.48,Indie Rock,Rock
english_Blue_Ridge_Mountains,English,Fleet Foxes,0.81,0.52,Indie Folk,Country
english_Japanese_Denim,English,Daniel Caesar,0.6,0.45,R&B Soul,R&B
english_Exchange,English,Bryson Tiller,0.7,0.75,R&B,R&B
english_Breezeblocks,English,alt-J,0.55,0.7,Indie Rock,Rock
english_Baker_Street,English,Gerry Rafferty,0.61,0.91,Soft Rock,Rock
hindi_Koi_Fariyaad,Hindi,Jagjit Singh,0.22,0.25,Indian Film Ghazal,Classical
english_Thinking_Bout_You,English,Frank Ocean,0.87,0.54,Alternative R&B,R&B
english_Best_I_Ever_Had,English,Drake,0.77,0.91,Hip-Hop,Hip-Hop
english_Human_(Acoustic),English,Rag'n'Bone Man,0.42,0.38,Alternative Rock Acoustic,Rock
english_Someday,English,The Strokes,0.88,0.63,Alternative Rock,Rock
english_Bad_Moon_Rising,English,Creedence Clearwater Revival,0.65,0.75,Roots Rock,Country
english_Ventura_Highway,English,America,0.67,0.37,Soft Rock,Rock
english_Keep_Your_Head_Up,English,Ben Howard,0.78,0.57,Pop Soul,R&B
english_Love_Galore,English,SZA,0.87,0.59,R&B,R&B
english_Pink_+_White,English,Frank Ocean,0.61,0.5,Alternative R&B,R&B
english_Obstacle_1,English,Interpol,0.55,0.7,Indie Rock,Rock
english_Free_Fallin',English,Tom Petty,0.9,0.7,Heartland Rock,Rock
english_Everybody's_Talkin',English,Harry Nilsson,0.77,0.5,Folk Pop,Pop
english_Stubborn_Love,English,The Lumineers,0.6,0.55,Indie Folk,Country
english_Pretty_Little_Fears,English,6LACK ft. J. Cole,0.7,0.83,Hip-Hop R&B,R&B
english_Damage,English,H.E.R.,0.4,0.65,R&B,R&B
english_Good_Days,English,SZA,0.57,0.62,Neo-Soul,R&B
english_Chasing_Cars_(Acoustic),English,Snow Patrol,0.45,0.35,Alternative Rock Acoustic,Rock
english_The_Suburbs,English,Arcade Fire,0.75,0.56,Indie Rock,Rock
english_1901,English,Phoenix,0.84,0.52,Indie Electronic,Electronic
english_Electric_Feel_(Justice_Remix),English,MGMT,0.7,0.8,Electronic Dance,Electronic
english_Sweet_Emotion,English,Aerosmith,0.7,0.8,Hard Rock,Rock
english_Bennie_and_the_Jets,English,Elton John,0.85,0.72,Pop Rock,Rock
english_Vienna,English,Billy Joel,0.62,0.57,Soft Rock,Rock
english_Alaska,English,Maggie Rogers,0.54,0.63,Indie Pop,Pop
english_Love_on_the_Brain,English,Rihanna,0.55,0.45,Soul Pop,R&B
english_Earned_It,English,The Weeknd,0.45,0.4,Alternative R&B,R&B
english_Adorn,English,Miguel,0.87,0.82,R&B,R&B
english_Location,English,Khalid,0.95,0.78,R&B,R&B
english_Bitter_Sweet_Symphony,English,The Verve,0.55,0.6,Britpop,Pop
english_Horse_with_No_Name,English,America,0.55,0.45,Folk Rock,Rock
english_New_Slang,English,The Shins,0.76,0.46,Indie Folk,Country
english_Emmylou,English,First Aid Kit,0.77,0.61,Indie Folk,Country
english_Untitled_(How_Does_It_Feel),English,D'Angelo,0.84,0.7,Neo-Soul,R&B
english_Talk_Is_Cheap,English,Chet Faker,0.89,0.84,Indie Rock,Rock
english_Cranes_in_the_Sky,English,Solange,0.46,0.61,Neo-Soul,R&B
english_Firestone_(Acoustic),English,Kygo ft. Conrad Sewell,0.6,0.45,Acoustic Pop,Pop
english_Flume,English,Bon Iver,0.61,0.51,Indie Folk,Country
english_Brazil,English,Declan McKenna,0.72,0.57,Indie Rock,Rock
english_Father_and_Son,English,Cat Stevens,0.45,0.35,Folk Rock,Rock
english_Wild_World,English,Cat Stevens,0.94,0.76,Folk Rock,Rock
english_Takin'_Care_of_Business,English,Bachman-Turner Overdrive,0.75,0.8,Classic Rock,Rock
hindi_Mitti_Di_Khushboo,Hindi,Ayushmann Khurrana,0.35,0.38,Indian Indie Folk,Country
english_Wait,English,M83,0.83,0.79,Indie Folk,Country
english_After_the_Storm,English,"Kali Uchis ft. Tyler, The Creator",0.5,0.28,Neo-Soul,R&B
english_Bags,English,Clairo,0.32,0.4,Indie Pop,Pop
english_Supercut,English,Lorde,0.55,0.65,Synth Pop,Pop
english_Shuggie,English,Foxygen,0.65,0.7,Indie Rock,Rock
english_Hard_Place,English,H.E.R.,0.4,0.45,R&B,R&B
english_Old_Pine,English,Ben Howard,0.5,0.45,Indie Folk,Country
english_Featherstone,English,The Paper Kites,0.55,0.5,Indie Folk,Country
hindi_Kala_Chashma,Hindi,"Amar Arshi, Badshah & Neha Kakkar",0.9,0.9,Bollywood Dance Pop,Pop
hindi_Aankh_Marey,Hindi,"Mika Singh, Neha Kakkar",0.88,0.85,Bollywood Dance Pop,Pop
english_Bloom,English,The Paper Kites,0.86,0.59,Dream Pop,Pop
english_Rivers_and_Roads,English,The Head and the Heart,0.45,0.4,Indie Folk,Country
english_Sedona,English,Houndmouth,0.79,0.61,Indie Folk,Country
english_Don't_You_Want_Me,English,The Human League,0.6,0.46,Synth Pop,Pop
english_West_End_Girls,English,Pet Shop Boys,0.65,0.6,Synth Pop,Pop
english_Winter_Song,English,The Head and the Heart,0.94,0.79,Indie Folk,Country
hindi_Swag_Se_Swagat,Hindi,Vishal Dadlani & Neha Bhasin,0.88,0.85,Bollywood Dance Pop,Pop
hindi_Kar_Gayi_Chull,Hindi,"Badshah, Neha Kakkar",0.9,0.9,Bollywood Dance Pop,Pop
english_Cleopatra,English,The Lumineers,0.72,0.63,Indie Folk,Country
english_Mess_Is_Mine,English,Vance Joy,0.88,0.6,Indie Folk,Country
english_Ho_Hey_(Acoustic),English,The Lumineers,0.6,0.5,Folk Pop,Pop
hindi_Bom_Diggy_Diggy,Hindi,Zack Knight & Jasmin Walia,0.9,0.9,Bollywood Dance Pop,Pop
hindi_High_Rated_Gabru,Hindi,Guru Randhawa,0.88,0.85,Punjabi Pop,Pop
hindi_The_Breakup_Song,Hindi,"Arijit Singh, Badshah",0.45,0.73,Bollywood Dance Pop,Pop
english_Helplessness_Blues,English,Fleet Foxes,0.45,0.4,Indie Folk,Country
hindi_Saturday_Saturday,Hindi,"Badshah, Indeep Bakshi",0.88,0.85,Bollywood Dance Pop,Pop
hindi_London_Thumakda,Hindi,"Labh Janjua, Sonu Kakkar",0.92,0.9,Punjabi Folk Dance,Country
"english_If_I_Go,_I'm_Goin",English,Gregory Alan Isakov,0.38,0.34,Indie Folk,Country
hindi_Cutiepie,Hindi,Nakash Aziz,0.37,0.46,Bollywood Dance Pop,Pop
hindi_Badri_Ki_Dulhania,Hindi,"Dev Negi, Neha Kakkar",0.92,0.9,Bollywood Dance Pop,Pop
english_Montezuma,English,Fleet Foxes,0.58,0.79,Indie Folk,Country
english_The_Stable_Song,English,Gregory Alan Isakov,0.53,0.41,Indie Folk,Country
hindi_Hanuman_Chalisa,Hindi,Hariharan,0.73,0.52,Hindu Devotional,Classical
english_Geronimo,English,Sheppard,0.81,0.82,Pop Rock,Rock
hindi_Balam_Pichkari,Hindi,"Vishal Dadlani, Shalmali Kholgade",0.92,0.9,Bollywood Dance Pop,Pop
english_Saint_Valentine,English,Gregory Alan Isakov,0.38,0.13,Indie Folk,Country
english_White_Winter_Hymnal,English,Fleet Foxes,0.78,0.47,Indie Folk,Country
english_All_the_Pretty_Girls,English,KALEO,0.96,0.84,Indie Pop,Pop
hindi_Matargashti,Hindi,Mohit Chauhan,0.88,0.85,Indian Film Travel Pop,Pop
english_Ship_to_Wreck,English,Florence + The Machine,0.72,0.68,Indie Rock,Rock
english_Send_Me_On_My_Way,English,Rusted Root,0.92,0.75,Worldbeat,Electronic
hindi_Besharam_Rang,Hindi,"Shilpa Rao, Caralisa Monteiro",0.88,0.85,Bollywood Dance Pop,Pop
english_The_Universe,English,Gregory Alan Isakov,0.75,0.44,Indie Rock,Rock
english_Grown_Ocean,English,Fleet Foxes,0.47,0.43,Indie Folk,Country
hindi_Ghoomar,Hindi,"Shreya Ghoshal, Swaroop Khan",0.85,0.8,Rajasthani Folk Dance,Country
hindi_Nagada_Sang_Dhol,Hindi,"Shreya Ghoshal, Osman Mir",0.9,0.92,Gujarati Folk Fusion,Country
english_What_You_Know,English,Two Door Cinema Club,0.72,0.42,Indie Rock,Rock
hindi_Kyun,Hindi,Papon,0.45,0.51,Indian Film Sad Ballad,Classical
english_Falling_Slowly,English,Glen Hansard & Markéta Irglová,0.82,0.55,Folk Pop,Pop
english_Heartbeats_(Acoustic),English,José González,0.5,0.61,Indie Pop Acoustic,Pop
english_Human_Nature,English,Michael Jackson,0.78,0.83,Pop Funk,R&B
english_Sunrise,English,Norah Jones,0.76,0.69,Neo-Soul,R&B
hindi_O_Saathi,Hindi,Atif Aslam,0.78,0.76,Indian Film Romantic Ballad,Pop
english_Post_Break-Up_Sex,English,The Vaccines,0.46,0.72,Indie Rock,Rock
english_Hate_to_Say_I_Told_You_So,English,The Hives,0.59,0.77,Indie Rock,Rock
english_Shake_It,English,Metro Station,0.49,0.57,Indie Rock,Rock
english_Get_You,English,Daniel Caesar,0.7,0.7,Indie Pop,Pop
english_While_We're_Young,English,Jhené Aiko,0.87,0.51,Pop,Pop
english_Let_It_Go_(Acoustic),English,James Bay,0.46,0.47,Pop Ballad,Pop
english_Breathe_Me_(Acoustic),English,Sia,0.27,0.36,Ambient Pop,Pop
english_Photograph_(Acoustic),English,Ed Sheeran,0.47,0.49,Pop Ballad,Pop
english_I_Will_Follow_You_into_the_Dark,English,Death Cab for Cutie,0.74,0.53,Indie Folk,Country
english_All_of_Me_(Acoustic),English,John Legend,0.68,0.55,Soul Pop Ballad,R&B
english_The_A_Team_(Acoustic),English,Ed Sheeran,0.8,0.33,Folk Pop,Pop
english_Love_Someone,English,Lukas Graham,0.91,0.67,Pop,Pop
english_If_We_Were_Vampires,English,Jason Isbell and the 400 Unit,0.45,0.3,Indie Folk,Country
english_Nose_on_the_Grindstone,English,Tyler Childers,0.35,0.3,Country Folk,Country
english_Ode_to_Billie_Joe,English,Bobbie Gentry,0.4,0.3,Country Folk,Country
english_Feathered_Indians,English,Tyler Childers,0.55,0.45,Country Folk,Country
english_Lady_May,English,Tyler Childers,0.63,0.68,Country Folk,Country
english_San_Luis,English,Gregory Alan Isakov,0.55,0.28,Indie Folk,Country
english_Use_Somebody,English,Kings of Leon,0.55,0.6,Alternative Rock,Rock
english_Everlong,English,Foo Fighters,0.6,0.7,Alternative Rock,Rock
english_Sex_on_Fire,English,Kings of Leon,0.88,0.84,Alternative Rock,Rock
english_The_Pretender,English,Foo Fighters,0.69,0.62,Alternative Rock,Rock
english_Are_You_Gonna_Be_My_Girl,English,Jet,0.83,0.77,Garage Rock,Rock
english_She_Sells_Sanctuary,English,The Cult,0.55,0.75,Gothic Rock,Rock
english_Bulls_on_Parade,English,Rage Against the Machine,0.35,0.95,Rap Metal,Hip-Hop
english_Say_It_Ain't_So,English,Weezer,0.66,0.53,Alternative Rock,Rock
english_Hard_to_Handle,English,The Black Crowes,0.7,0.8,Blues Rock,Rock
english_In_a_Sentimental_Mood,English,Duke Ellington & John Coltrane,0.83,0.55,Jazz Standard,Jazz
english_Money_Trees,English,Kendrick Lamar,0.55,0.6,Hip-Hop,Hip-Hop
english_Heartless,English,Kanye West,0.64,0.37,Hip-Hop,Hip-Hop
english_Alright,English,Kendrick Lamar,0.89,0.76,Hip-Hop,Hip-Hop
hindi_O_Re_Piya,Hindi,Rahat Fateh Ali Khan,0.5,0.45,Indian Film Classical Ballad,Classical
hindi_Banno,Hindi,Brijesh Shandilya,0.7,0.65,Rajasthani Folk Pop,Country
hindi_Ambarsariya,Hindi,Sona Mohapatra,0.7,0.6,Punjabi Folk Pop,Country
hindi_Sasural_Genda_Phool,Hindi,Rekha Bhardwaj,0.65,0.55,Indian Folk Pop,Country
hindi_Gud_Naal_Ishq_Mitha,Hindi,Harshdeep Kaur,0.75,0.65,Punjabi Folk Pop,Country
hindi_Paani_Da_Rang,Hindi,Ayushmann Khurrana,0.55,0.4,Indian Indie Folk,Country
english_Duality,English,Slipknot,0.63,0.59,Nu Metal,Rock
english_Chop_Suey!,English,System of a Down,0.45,0.9,Nu Metal,Rock
english_Paranoid,English,Black Sabbath,0.36,0.58,Heavy Metal,Rock
english_Hallowed_Be_Thy_Name,English,Iron Maiden,0.6,0.58,Heavy Metal,Rock
english_Painkiller,English,Judas Priest,0.4,0.95,Heavy Metal,Rock
english_Toxicity,English,System of a Down,0.45,0.9,Alternative Metal,Rock
english_Fear_of_the_Dark,English,Iron Maiden,0.4,0.75,Heavy Metal,Rock
english_Walk,English,Pantera,0.45,0.9,Groove Metal,Rock
english_Opus_(Eric_Prydz_Remix),English,Eric Prydz,0.65,0.85,Progressive House,Electronic
english_Animals,English,Martin Garrix,0.58,0.61,Big Room House,Electronic
english_Levels,English,Avicii,0.51,0.64,Progressive House,Electronic
english_Turn_Down_for_What,English,DJ Snake & Lil Jon,0.7,0.95,EDM Trap,Electronic
english_Ghosts_n_Stuff,English,Deadmau5,0.65,0.9,Electro House,Electronic
english_Bangarang,English,Skrillex,0.75,0.95,Dubstep,Electronic
hindi_Aayat,Hindi,Arijit Singh,0.35,0.4,Indian Film Sufi Ballad,Classical
hindi_Laal_Ishq,Hindi,Arijit Singh,0.3,0.45,Indian Film Classical Ballad,Classical
hindi_Jashn-e-Bahara,Hindi,Javed Ali,0.55,0.4,Indian Film Classical Ballad,Classical
hindi_Sach_Keh_Raha_Hai_Deewana,Hindi,KK,0.2,0.35,Indian Film Sad Ballad,Classical
hindi_Ae_Dil_Hai_Mushkil_(Title_Track_–_Reprise),Hindi,Arijit Singh,0.25,0.4,Indian Film Sad Ballad,Classical
hindi_Hamari_Adhuri_Kahani_(Title_Track),Hindi,Arijit Singh,0.25,0.35,Indian Film Sad Ballad,Classical
hindi_Main_Dhoondne_Ko_Zamaane_Mein,Hindi,Arijit Singh,0.22,0.4,Indian Film Sad Ballad,Classical
hindi_Judaai,Hindi,Arijit Singh,0.2,0.33,Indian Film Sad Ballad,Classical
hindi_Bhula_Dena,Hindi,Mustafa Zahid,0.28,0.42,Indian Film Sad Ballad,Classical
english_Silhouettes,English,Avicii,0.88,0.72,Electronic,Electronic
english_I_Remember,English,Deadmau5 & Kaskade,0.47,0.33,Progressive House,Electronic
english_Innerbloom,English,RÜFÜS DU SOL,0.6,0.78,Progressive House,Electronic
english_Divinity,English,Porter Robinson,0.68,0.83,Progressive House,Electronic
english_Language,English,Porter Robinson,0.72,0.88,Progressive House,Electronic
english_Stan,English,Eminem,0.43,0.5,Hip-Hop,Hip-Hop
english_Changes,English,2Pac,0.3,0.46,Hip-Hop,Hip-Hop
english_God's_Plan,English,Drake,0.65,0.7,Hip-Hop,Hip-Hop
english_Mockingbird,English,Eminem,0.52,0.42,Hip-Hop,Hip-Hop
english_Juicy,English,The Notorious B.I.G.,0.8,0.87,Hip-Hop,Hip-Hop
english_Psychosocial,English,Slipknot,0.38,0.94,Heavy Metal,Rock
hindi_Jaane_Woh_Kaise_Log_The,Hindi,Hemant Kumar,0.22,0.2,Indian Film Ghazal,Classical
hindi_Tujhse_Naraz_Nahi_Zindagi_(Male),Hindi,Anup Ghoshal,0.35,0.25,Indian Film Philosophical Ballad,Classical
hindi_Dil_Dhoondta_Hai,Hindi,Bhupinder Singh,0.3,0.25,Indian Film Ghazal,Classical
hindi_Tere_Bina_Zindagi_Se_Koi,Hindi,Lata Mangeshkar & Kishore Kumar,0.35,0.3,Indian Film Romantic Ballad,Pop
hindi_Genda_Phool,Hindi,Rekha Bhardwaj,0.6,0.5,Indian Folk Pop,Country
hindi_Rangabati,Hindi,Sona Mohapatra,0.65,0.55,Indian Folk,Country
hindi_Navrai_Majhi,Hindi,Sunidhi Chauhan,0.72,0.7,Marathi Folk Dance,Country
hindi_Aaj_Jaane_Ki_Zid_Na_Karo,Hindi,Farida Khanum,0.28,0.22,Indian Classical Ghazal,Classical
hindi_Mohe_Panghat_Pe,Hindi,Lata Mangeshkar,0.45,0.4,Indian Classical,Classical
hindi_Raina_Beeti_Jaaye,Hindi,Lata Mangeshkar,0.3,0.28,Indian Classical,Classical
english_Round_Midnight,English,Thelonious Monk,0.56,0.44,Jazz Standard,Jazz
english_Strange_Fruit,English,Billie Holiday,0.54,0.47,Jazz Vocal,Jazz
english_Cry_Me_a_River,English,Ella Fitzgerald,0.43,0.64,Jazz Standard,Jazz
english_Take_the_A_Train,English,Duke Ellington,0.65,0.55,Swing Jazz,Jazz
english_Moanin',English,Art Blakey & The Jazz Messengers,0.25,0.53,Hard Bop,Jazz
english_Song_for_My_Father,English,Horace Silver,0.78,0.42,Hard Bop,Jazz
english_Maiden_Voyage,English,Herbie Hancock,0.79,0.57,Modal Jazz,Jazz
english_Stolen_Moments,English,Oliver Nelson,0.8,0.66,Modal Jazz,Jazz
english_Naima,English,John Coltrane,0.35,0.25,Modal Jazz,Jazz
english_Someday_My_Prince_Will_Come,English,Miles Davis,0.45,0.35,Jazz Standard,Jazz
english_Waltz_for_Debby,English,Bill Evans Trio,0.45,0.3,Jazz Waltz,Jazz
english_The_Sidewinder,English,Lee Morgan,0.7,0.6,Soul Jazz,Jazz
english_Little_Sunflower,English,Freddie Hubbard,0.55,0.45,Jazz Funk,Jazz
english_A_Night_in_Tunisia,English,Dizzy Gillespie,0.82,0.53,Afro-Cuban Jazz,Jazz
english_Goodbye_Pork_Pie_Hat,English,Charles Mingus,0.35,0.3,Jazz Ballad,Jazz
english_Lush_Life,English,Billy Strayhorn,0.62,0.7,Jazz Ballad,Jazz
hindi_Piya_Tose_Naina_Laage_Re,Hindi,Lata Mangeshkar,0.3,0.28,Indian Classical Thumri,Classical
hindi_Baiyan_Na_Dharo,Hindi,Lata Mangeshkar,0.3,0.28,Indian Classical,Classical
hindi_Mohe_Chhedo_Na,Hindi,Lata Mangeshkar,0.34,0.3,Indian Classical,Classical
hindi_Kuhu_Kuhu_Bole_Koyaliya,Hindi,Lata Mangeshkar,0.5,0.45,Indian Classical,Classical
english_Adagio_for_Strings,English,Tiësto,0.55,0.7,Classical,Classical
english_Ghosts_'n'_Stuff,English,Deadmau5 ft. Rob Swire,0.6,0.85,Electro House,Electronic
english_Spectrum,English,Zedd ft. Matthew Koma,0.8,0.71,Electro House,Electronic
english_Runaway_(U_&_I),English,Galantis,0.75,0.7,Progressive House,Electronic
english_Master_of_Puppets,English,Metallica,0.45,0.9,Thrash Metal,Rock
english_Crazy_Train,English,Ozzy Osbourne,0.6,0.8,Heavy Metal,Rock
english_Ace_of_Spades,English,Motörhead,0.65,0.85,Speed Metal,Rock
english_Raining_Blood,English,Slayer,0.47,0.54,Thrash Metal,Rock
english_Bat_Country,English,Avenged Sevenfold,0.55,0.8,Heavy Metal,Rock
english_Aerials,English,System Of A Down,0.82,0.66,Alternative Metal,Rock
english_Tadow,English,Masego & FKJ,0.65,0.55,Jazz Rap,Jazz
english_Night_Owl,English,Gerry Rafferty,0.5,0.4,Jazz Fusion,Jazz
english_The_Look_of_Love,English,Diana Krall,0.74,0.62,Vocal Jazz,Jazz
english_My_One_and_Only_Thrill,English,Melody Gardot,0.45,0.35,Vocal Jazz,Jazz
english_Black_Radio,English,Robert Glasper,0.51,0.47,Jazz Fusion,Jazz
english_Unconditional_Love,English,Esperanza Spalding,0.84,0.71,Jazz Fusion,Jazz
english_Liquid_Spirit,English,Gregory Porter,0.6,0.55,Jazz Funk,Jazz
english_What_a_Fool_Believes,English,Matt Bianco,0.75,0.71,Soft Rock,Rock
english_Spain,English,Chick Corea,0.36,0.81,Jazz Fusion,Jazz
english_Breezin’,English,George Benson,0.68,0.55,Smooth Jazz,Jazz
english_Watermelon_Man,English,Herbie Hancock,0.79,0.39,Jazz Funk,Jazz
english_Cantaloupe_Island,English,Herbie Hancock,0.71,0.75,Hard Bop,Jazz
"english_Mercy,_Mercy,_Mercy",English,Cannonball Adderley,0.6,0.55,Soul Jazz,Jazz
english_Don’t_Know_Why,English,Norah Jones,0.8,0.37,Vocal Jazz,Jazz
english_Butterfly,English,Herbie Hancock,0.33,0.51,Smooth Jazz,Jazz
english_Soulful_Strut,English,Young-Holt Unlimited,0.75,0.55,Jazz Funk,Jazz
english_Steps_Ahead,English,Steps Ahead,0.36,0.42,Jazz Fusion,Jazz
english_Ain't_It_Funny,English,Danny Brown,0.61,0.59,Hip-Hop,Hip-Hop
english_Daydreamin',English,Lupe Fiasco,0.81,0.51,Hip-Hop,Hip-Hop
english_Lost_Ones,English,Lauryn Hill,0.4,0.6,Hip-Hop,Hip-Hop
english_Electric_Relaxation,English,A Tribe Called Quest,0.73,0.48,Hip-Hop,Hip-Hop
english_Rebirth_of_Slick_(Cool_Like_Dat),English,Digable Planets,0.75,0.55,Hip-Hop,Hip-Hop
english_Potholderz,English,MF DOOM,0.5,0.7,Hip-Hop,Hip-Hop
english_Shadowboxin',English,GZA,0.45,0.8,Hip-Hop,Hip-Hop
english_Country_Grammar,English,Nelly,0.7,0.75,Hip-Hop,Hip-Hop
english_Dirt_Road_Anthem,English,Jason Aldean,0.65,0.6,Hip-Hop,Hip-Hop
english_Raise_Hell,English,Brantley Gilbert,0.18,0.4,Hip-Hop,Hip-Hop
english_Ride_Through_the_Country,English,Colt Ford ft. John Michael Montgomery,0.65,0.7,Hip-Hop,Hip-Hop
english_Hit_'Em_Up,English,2Pac,0.77,0.59,Hip-Hop,Hip-Hop
english_Protect_Ya_Neck,English,Wu-Tang Clan,0.45,0.85,Hip-Hop,Hip-Hop
english_Ante_Up,English,M.O.P.,0.4,0.95,Hip-Hop,Hip-Hop
english_Bring_Da_Ruckus,English,Wu-Tang Clan,0.45,0.9,Hip-Hop,Hip-Hop
english_NY_State_of_Mind,English,Nas,0.52,0.53,Hip-Hop,Hip-Hop
english_Twinz_(Deep_Cover_'98),English,Big Pun,0.4,0.9,Hip-Hop,Hip-Hop
english_Simon_Says,English,Pharoahe Monch,0.5,0.85,Hip-Hop,Hip-Hop
english_The_What,English,The Notorious B.I.G. ft. Method Man,0.69,0.66,Hip-Hop,Hip-Hop
english_Slow_Jamz,English,"Twista ft. Kanye West, Jamie Foxx",0.7,0.4,Hip-Hop R&B,R&B
english_Poetic_Justice,English,Kendrick Lamar ft. Drake,0.65,0.45,Hip-Hop R&B,R&B
english_You_Got_Me,English,The Roots ft. Erykah Badu,0.47,0.78,Hip-Hop R&B,R&B
english_I'll_Be_Missing_You,English,Puff Daddy ft. Faith Evans,0.66,0.48,Hip-Hop R&B,R&B
english_One_Dance,English,Drake ft. Wizkid,0.57,0.61,Hip-Hop R&B,R&B
english_Love_Lockdown,English,Kanye West,0.6,0.7,Hip-Hop R&B,R&B
english_Come_Through_and_Chill,English,Miguel ft. J. Cole,0.7,0.45,Hip-Hop R&B,R&B
english_Focus,English,H.E.R.,0.65,0.89,Hip-Hop R&B,R&B
english_Ascension_(Don't_Ever_Wonder),English,Maxwell,0.78,0.49,Hip-Hop Soul,R&B
english_Love,English,Keyshia Cole,0.63,0.67,Hip-Hop Soul,R&B
english_Brown_Sugar,English,D'Angelo,0.83,0.69,Hip-Hop Soul,R&B
english_So_Beautiful,English,Musiq Soulchild,0.91,0.74,Hip-Hop Soul,R&B
english_Fortunate,English,Maxwell,0.41,0.11,Hip-Hop Soul,R&B
english_Back_to_the_World,English,Tevin Campbell,0.6,0.35,Hip-Hop Soul,R&B
english_Can't_Hold_Us,English,Macklemore & Ryan Lewis,0.85,0.9,Pop Rap,Hip-Hop
english_Love_the_Way_You_Lie,English,Eminem ft. Rihanna,0.77,0.63,Pop Rap,Hip-Hop
english_See_You_Again,English,Wiz Khalifa ft. Charlie Puth,0.59,0.47,Pop Rap,Hip-Hop
english_Old_Town_Road_(Remix),English,Lil Nas X ft. Billy Ray Cyrus,0.85,0.75,Pop Rap,Hip-Hop
english_I_Like_It,English,Cardi B ft. Bad Bunny & J Balvin,0.9,0.85,Pop Rap,Hip-Hop
english_The_Hills_(Remix),English,The Weeknd ft. Eminem,0.4,0.8,Pop Rap,Hip-Hop
english_Empire_State_of_Mind,English,Jay-Z ft. Alicia Keys,0.77,0.76,Pop Rap,Hip-Hop
english_Bring_Me_to_Life,English,Evanescence,0.61,0.72,Rap Metal,Hip-Hop
english_Papercut,English,Linkin Park,0.51,0.49,Rap Metal,Hip-Hop
english_Break_Stuff,English,Limp Bizkit,0.39,0.83,Rap Metal,Hip-Hop
english_Rollin',English,Limp Bizkit,0.81,0.75,Rap Metal,Hip-Hop
english_Bodies,English,Drowning Pool,0.37,0.73,Rap Metal,Hip-Hop
english_Last_Resort,English,Papa Roach,0.89,0.77,Rap Metal,Hip-Hop
english_Faint,English,Linkin Park,0.45,0.9,Rap Metal,Hip-Hop
english_Killing_in_the_Name,English,Rage Against the Machine,0.3,0.95,Rap Rock,Hip-Hop
english_Nookie,English,Limp Bizkit,0.55,0.85,Rap Rock,Hip-Hop
english_My_Generation,English,Limp Bizkit,0.61,0.67,Rap Rock,Hip-Hop
english_Psycho_Social,English,Slipknot,0.4,0.95,Rap Rock,Hip-Hop
english_By_the_Way,English,Red Hot Chili Peppers,0.64,0.82,Rap Rock,Hip-Hop
english_Give_It_Away,English,Red Hot Chili Peppers,0.39,0.19,Rap Rock,Hip-Hop
english_Boom,English,P.O.D.,0.86,0.78,Rap Rock,Hip-Hop
english_Alive,English,P.O.D.,0.77,0.91,Rap Rock,Hip-Hop
english_Mask_Off,English,Future,0.64,0.56,Trap Hip-Hop,Hip-Hop
english_Bad_and_Boujee,English,Migos ft. Lil Uzi Vert,0.7,0.85,Trap Hip-Hop,Hip-Hop
english_Black_Beatles,English,Rae Sremmurd,0.75,0.7,Trap Hip-Hop,Hip-Hop
english_XO_TOUR_Llif3,English,Lil Uzi Vert,0.25,0.48,Trap Hip-Hop,Hip-Hop
english_Life_Is_Good,English,Future ft. Drake,0.87,0.65,Trap Hip-Hop,Hip-Hop
english_Stir_Fry,English,Migos,0.8,0.85,Trap Hip-Hop,Hip-Hop
english_No_Role_Modelz,English,J. Cole,0.65,0.7,Trap Hip-Hop,Hip-Hop
english_Bank_Account,English,21 Savage,0.83,0.69,Trap Hip-Hop,Hip-Hop
english_California_Love,English,2Pac ft. Dr. Dre,0.85,0.9,West Coast Hip-Hop,Hip-Hop
english_Regulate,English,Warren G ft. Nate Dogg,0.7,0.65,West Coast Hip-Hop,Hip-Hop
english_Gin_and_Juice,English,Snoop Dogg,0.8,0.7,West Coast Hip-Hop,Hip-Hop
english_The_Next_Episode,English,Dr. Dre ft. Snoop Dogg,0.85,0.95,West Coast Hip-Hop,Hip-Hop
english_Boyz-N-The-Hood,English,Eazy-E,0.49,0.43,West Coast Hip-Hop,Hip-Hop
english_Nuthin'_but_a_'G'_Thang,English,Dr. Dre ft. Snoop Dogg,0.85,0.7,West Coast Hip-Hop,Hip-Hop
english_Ambitionz_Az_a_Ridah,English,2Pac,0.55,0.9,West Coast Hip-Hop,Hip-Hop
english_California_Love_(Remix),English,2Pac ft. Dr. Dre,0.8,0.85,West Coast Hip-Hop,Hip-Hop
english_Thinkin_Bout_You,English,Frank Ocean,0.87,0.54,Alternative R&B,R&B
english_The_Worst,English,Jhene Aiko,0.65,0.52,Alternative R&B,R&B
english_Just_the_Two_of_Us,English,Bill Withers & Grover Washington Jr.,0.8,0.6,Blue-Eyed Soul,R&B
english_How_Deep_Is_Your_Love,English,Bee Gees,0.84,0.6,Blue-Eyed Soul,R&B
english_Careless_Whisper,English,George Michael,0.86,0.68,Blue-Eyed Soul,R&B
english_She's_Gone,English,Hall & Oates,0.61,0.57,Blue-Eyed Soul,R&B
english_Sara_Smile,English,Hall & Oates,0.77,0.58,Blue-Eyed Soul,R&B
english_When_a_Man_Loves_a_Woman,English,Percy Sledge,0.87,0.66,Country Soul,R&B
english_A_Change_Is_Gonna_Come,English,Sam Cooke,0.86,0.76,Country Soul,R&B
english_I'd_Rather_Go_Blind,English,Etta James,0.42,0.51,Country Soul,R&B
english_These_Arms_of_Mine,English,Otis Redding,0.45,0.3,Country Soul,R&B
english_Take_Me_to_the_River,English,Al Green,0.8,0.59,Country Soul,R&B
english_Le_Freak,English,Chic,0.94,0.96,Disco,R&B
english_I_Will_Survive,English,Gloria Gaynor,0.53,0.49,Disco,R&B
english_Don't_Leave_Me_This_Way,English,Thelma Houston,0.8,0.7,Disco,R&B
english_Get_Up_(I_Feel_Like_Being_a)_Sex_Machine,English,James Brown,0.8,0.85,Funk,R&B
english_Give_Up_the_Funk_(Tear_the_Roof_Off_the_Sucker),English,Parliament,0.9,0.85,Funk,R&B
english_Flash_Light,English,Parliament,0.83,0.77,Funk,R&B
english_Can't_Stop_the_Feeling!,English,Justin Timberlake,0.9,0.85,Funk Pop,R&B
english_Treasure,English,Bruno Mars,0.77,0.58,Funk Pop,R&B
english_Kiss,English,Prince,0.73,0.71,Funk Pop,R&B
english_24K_Magic,English,Bruno Mars,0.95,0.85,Funk Pop,R&B
english_Are_You_Gonna_Go_My_Way,English,Lenny Kravitz,0.9,0.9,Funk Rock,R&B
english_Fly_Away,English,Lenny Kravitz,0.38,0.71,Funk Rock,R&B
english_Can't_Stop,English,Red Hot Chili Peppers,0.36,0.79,Funk Rock,R&B
english_Higher_Ground,English,Red Hot Chili Peppers,0.8,0.85,Funk Rock,R&B
english_Boogie_Wonderland,English,"Earth, Wind & Fire",0.95,0.9,Disco Funk,R&B
english_Get_Down_On_It,English,Kool & The Gang,0.9,0.8,Disco Funk,R&B
english_I_Want_Your_Love,English,Chic,0.7,0.57,Disco Soul,R&B
english_He's_the_Greatest_Dancer,English,Sister Sledge,0.9,0.8,Disco Soul,R&B
english_Love_Hangover,English,Diana Ross,0.68,0.64,Disco Soul,R&B
english_Ring_My_Bell,English,Anita Ward,0.89,0.87,Disco Soul,R&B
english_Good_Times,English,Chic,0.31,0.44,Disco Funk,R&B
english_Oceans_(Where_Feet_May_Fail),English,Hillsong United,0.6,0.4,Gospel Pop,R&B
english_Poison,English,Bell Biv DeVoe,0.77,0.84,Hip-Hop R&B,R&B
english_No_Diggity,English,Blackstreet ft. Dr. Dre,0.61,0.52,Hip-Hop R&B,R&B
english_Dilemma,English,Nelly ft. Kelly Rowland,0.37,0.48,Hip-Hop R&B,R&B
english_Yeah!,English,Usher ft. Lil Jon & Ludacris,0.92,0.64,Hip-Hop R&B,R&B
english_If_I_Ruled_the_World_(Imagine_That),English,Nas ft. Lauryn Hill,0.7,0.6,Hip-Hop Soul,R&B
english_Ex-Factor,English,Lauryn Hill,0.45,0.35,Hip-Hop Soul,R&B
english_You_Know_How_We_Do_It,English,Ice Cube,0.75,0.6,Hip-Hop Soul,R&B
english_Hey!_Lover,English,LL Cool J ft. Boyz II Men,0.88,0.75,Hip-Hop Soul,R&B
english_All_I_Need,English,Method Man ft. Mary J. Blige,0.66,0.55,Hip-Hop Soul,R&B
english_Take_Me_to_the_King,English,Tamela Mann,0.45,0.35,Gospel Pop,R&B
english_I_Smile,English,Kirk Franklin,0.9,0.75,Gospel Pop,R&B
english_Ignition_(Remix),English,R. Kelly,0.84,0.69,Hip-Hop R&B,R&B
english_Break_Every_Chain,English,Tasha Cobbs Leonard,0.55,0.5,Gospel Pop,R&B
english_You_Are_Good,English,Israel & New Breed,0.73,0.61,Gospel Pop,R&B
english_I_Heard_It_Through_the_Grapevine,English,Marvin Gaye,0.8,0.71,Motown Soul,R&B
english_On_&_On,English,Erykah Badu,0.86,0.88,Neo-Soul,R&B
english_Come_Down,English,Anderson .Paak,0.84,0.69,Neo-Soul Funk Pop,R&B
english_Put_Your_Records_On,English,Corinne Bailey Rae,0.82,0.56,Neo-Soul Funk Pop,R&B
english_My_Girl,English,The Temptations,0.88,0.71,Motown Soul,R&B
english_Stop!_In_the_Name_of_Love,English,The Supremes,0.5,0.79,Motown Soul,R&B
"english_Signed,_Sealed,_Delivered_I'm_Yours",English,Stevie Wonder,0.82,0.64,Motown Soul,R&B
english_Irreplaceable,English,Beyoncé,0.2,0.25,Pop R&B,R&B
english_No_Air,English,Jordin Sparks & Chris Brown,0.65,0.66,Pop R&B,R&B
english_Let_Me_Love_You,English,Mario,0.71,0.52,Pop R&B,R&B
english_We_Belong_Together,English,Mariah Carey,0.77,0.59,Pop R&B,R&B
english_If_I_Ain't_Got_You,English,Alicia Keys,0.55,0.4,Pop Soul,R&B
english_Ordinary_People,English,John Legend,0.81,0.59,Pop Soul,R&B
english_When_I_Was_Your_Man,English,Bruno Mars,0.35,0.3,Pop Soul Ballad,R&B
english_Too_Good_at_Goodbyes,English,Sam Smith,0.3,0.35,Pop Soul Ballad,R&B
english_Rock_with_You,English,Michael Jackson,0.87,0.71,Post-Disco,R&B
english_Tighten_Up,English,Archie Bell & The Drells,0.8,0.7,Psychedelic Soul,R&B
english_Ball_of_Confusion,English,The Temptations,0.55,0.75,Psychedelic Soul,R&B
english_Papa_Was_a_Rollin'_Stone,English,The Temptations,0.45,0.7,Psychedelic Soul,R&B
english_Ain't_No_Stoppin'_Us_Now,English,McFadden & Whitehead,0.9,0.8,Post-Disco,R&B
english_Cloud_Nine,English,The Temptations,0.62,0.38,Psychedelic Soul,R&B
english_Say_My_Name,English,Destiny's Child,0.78,0.8,R&B,R&B
english_Boo'd_Up,English,Ella Mai,0.75,0.5,R&B,R&B
english_We_Found_Love,English,Rihanna ft. Calvin Harris,0.84,0.5,R&B Pop,R&B
english_Umbrella,English,Rihanna ft. Jay-Z,0.28,0.24,R&B Pop,R&B
english_Ain't_No_Sunshine,English,Bill Withers,0.87,0.72,R&B Soul,R&B
english_Let's_Stay_Together,English,Al Green,0.8,0.45,R&B Soul,R&B
english_Neither_One_of_Us_(Wants_to_Be_the_First_to_Say_Goodbye),English,Gladys Knight & The Pips,0.4,0.35,R&B Soul,R&B
"english_No_Woman,_No_Cry",English,Bob Marley & The Wailers,0.6,0.45,Reggae,R&B
english_Three_Little_Birds,English,Bob Marley & The Wailers,0.88,0.63,Reggae,R&B
english_Is_This_Love,English,Bob Marley & The Wailers,0.34,0.7,Reggae,R&B
english_Electric_Avenue,English,Eddy Grant,0.85,0.75,Reggae,R&B
english_Sweat_(A_La_La_La_La_Long),English,Inner Circle,0.9,0.7,Reggae,R&B
english_Temperature,English,Sean Paul,0.88,0.89,Reggae Fusion,R&B
english_Turn_Me_On,English,Kevin Lyttle,0.78,0.68,Reggae Fusion,R&B
english_Cheerleader_(Remix),English,OMI,0.9,0.7,Reggae Fusion,R&B
english_Rude,English,MAGIC!,0.8,0.65,Reggae Fusion,R&B
english_Get_Busy,English,Sean Paul,0.64,0.61,Reggae Fusion,R&B
english_What’s_Going_On,English,Marvin Gaye,0.59,0.57,Retro Soul,R&B
english_Sitting_On_The_Dock_of_the_Bay,English,Otis Redding,0.85,0.83,Retro Soul,R&B
english_Chain_of_Fools,English,Aretha Franklin,0.45,0.78,Retro Soul,R&B
english_Let's_Get_It_On,English,Marvin Gaye,0.84,0.78,Soul,R&B
english_A_Natural_Woman,English,Aretha Franklin,0.79,0.67,Soul,R&B
english_Try_a_Little_Tenderness,English,Otis Redding,0.47,0.78,Soul,R&B
english_Valerie,English,Amy Winehouse,0.78,0.57,Soul Pop,R&B
english_Rehab,English,Amy Winehouse,0.79,0.75,Soul Pop,R&B
english_All_I_Ask,English,Adele,0.4,0.3,Soul Pop Ballad,R&B
english_I_Have_Nothing,English,Whitney Houston,0.86,0.63,Soul Pop Ballad,R&B
english_If_I_Were_a_Boy,English,Beyoncé,0.4,0.35,Soul Pop Ballad,R&B
english_Cherry_Wine_(Live),English,Hozier,0.4,0.35,Acoustic Folk,Country
english_Springsteen,English,Eric Church,0.6,0.55,Country,Country
english_Whiskey_Lullaby,English,Brad Paisley ft. Alison Krauss,0.42,0.62,Country Ballad,Country
english_Boot_Scootin'_Boogie,English,Brooks & Dunn,0.78,0.85,Country Dance,Country
english_Follow_You_to_Virgie,English,Tyler Childers,0.45,0.4,Country Folk,Country
english_Body_Like_a_Back_Road,English,Sam Hunt,0.75,0.8,Country Dance,Country
english_Save_a_Horse_(Ride_a_Cowboy),English,Big & Rich,0.94,0.9,Country Dance,Country
english_Die_a_Happy_Man,English,Thomas Rhett,0.62,0.5,Country Pop,Country
hindi_Saiyyan,Hindi,Kailash Kher,0.48,0.4,Folk Fusion,Country
english_Only_in_America,English,Brooks & Dunn,0.68,0.6,Country Patriotic,Country
"english_Save_a_Horse,_Ride_a_Cowboy",English,Big & Rich,0.8,0.88,Country Rock,Country
english_Tequila,English,Dan + Shay,0.58,0.45,Country Pop,Country
english_Yours,English,Russell Dickerson,0.84,0.56,Country Pop Ballad,Country
english_Speechless,English,Dan + Shay,0.76,0.64,Country Pop Ballad,Country
english_I_Don't_Dance,English,Lee Brice,0.79,0.67,Country Pop Ballad,Country
gujarati_Mor_Bani_Thanghat_Kare,Gujarati,Osman Mir,0.65,0.6,Gujarati Folk Fusion,Country
hindi_O_Ri_Chiraiya,Hindi,Ram Sampath,0.4,0.35,Indian Film Folk Ballad,Country
english_Little_Lion_Man,English,Mumford & Sons,0.77,0.66,Indie Folk Rock,Country
english_Travelin'_Soldier,English,The Chicks,0.45,0.4,Patriotic Country,Country
english_Mountain_Sound,English,Of Monsters and Men,0.73,0.68,Indie Folk Rock,Country
english_American_Soldier,English,Toby Keith,0.6,0.55,Patriotic Country,Country
english_If_You're_Reading_This,English,Tim McGraw,0.42,0.38,Patriotic Country,Country
punjabi_Lahore,Punjabi,Guru Randhawa,0.72,0.68,Punjabi Folk Pop,Country
punjabi_Sohnea,Punjabi,Millind Gaba,0.7,0.65,Punjabi Folk Pop,Country
punjabi_Khaab,Punjabi,Akhil,0.6,0.5,Punjabi Folk Pop,Country
punjabi_3_Peg,Punjabi,Sharry Mann,0.8,0.85,Punjabi Folk Dance,Country
english_Blue_Suede_Shoes,English,Carl Perkins,0.73,0.48,Rockabilly,Country
english_The_Weight,English,The Band,0.6,0.5,Roots Rock,Country
english_Have_Love_Will_Travel,English,The Sonics,0.72,0.68,Roots Rock,Country
english_Mary_Jane's_Last_Dance,English,Tom Petty and the Heartbreakers,0.58,0.52,Roots Rock,Country
english_Ramblin'_Man,English,The Allman Brothers Band,0.7,0.65,Southern Rock,Country
english_La_Grange,English,ZZ Top,0.78,0.75,Southern Rock,Country
english_Be-Bop-A-Lula,English,Gene Vincent,0.78,0.75,Rockabilly,Country
english_Rock_This_Town,English,Stray Cats,0.41,0.82,Rockabilly,Country
english_Simple_Man,English,Lynyrd Skynyrd,0.43,0.41,Southern Rock,Country
english_Midnight_Rider,English,The Allman Brothers Band,0.45,0.78,Southern Rock,Country
english_Sharp_Dressed_Man,English,ZZ Top,0.75,0.7,Southern Rock,Country
english_Fortunate_Son,English,Creedence Clearwater Revival,0.65,0.6,Roots Rock,Country
english_The_Night_They_Drove_Old_Dixie_Down,English,The Band,0.55,0.48,Roots Rock,Country
english_Take_It_Easy,English,Eagles,0.4,0.49,Roots Rock,Country
english_That'll_Be_the_Day,English,Buddy Holly,0.78,0.75,Rockabilly,Country
english_Summertime_Blues,English,Eddie Cochran,0.8,0.78,Rockabilly,Country
english_Great_Balls_of_Fire,English,Jerry Lee Lewis,0.81,0.56,Rockabilly,Country
english_Where_the_Stars_and_Stripes_and_the_Eagle_Fly,English,Aaron Tippin,0.65,0.6,Patriotic Country,Country
english_Arlington,English,Trace Adkins,0.48,0.42,Patriotic Country,Country
english_Some_Gave_All,English,Billy Ray Cyrus,0.45,0.78,Patriotic Country,Country
hindi_Ae_Mere_Watan_Ke_Logon,Hindi,Lata Mangeshkar,0.4,0.35,Indian Patriotic Song,Country
english_It_Never_Entered_My_Mind,English,Miles Davis,0.86,0.43,Cool Jazz,Jazz
english_My_Foolish_Heart,English,Bill Evans,0.87,0.61,Cool Jazz,Jazz
english_Skylark,English,Carmen McRae,0.48,0.32,Cool Jazz,Jazz
english_Blue_Train,English,John Coltrane,0.68,0.6,Hard Bop,Jazz
english_I_Fall_in_Love_Too_Easily,English,Chet Baker,0.31,0.23,Jazz Ballad,Jazz
english_In_the_Wee_Small_Hours_of_the_Morning,English,Frank Sinatra,0.59,0.43,Jazz Ballad,Jazz
english_Tenderly,English,Billie Holiday,0.99,0.87,Jazz Ballad,Jazz
english_My_One_and_Only_Love,English,John Coltrane & Johnny Hartman,0.34,0.25,Jazz Ballad,Jazz
english_Breezin',English,George Benson,0.75,0.55,Smooth Jazz,Jazz
english_Songbird,English,Kenny G,0.8,0.6,Smooth Jazz,Jazz
english_Feels_So_Good,English,Chuck Mangione,0.89,0.76,Smooth Jazz,Jazz
english_The_Girl_from_Ipanema,English,Stan Getz & Astrud Gilberto,0.81,0.6,Smooth Jazz,Jazz
english_Sidewinder,English,Lee Morgan,0.8,0.57,Soul Jazz,Jazz
english_Compared_to_What,English,Les McCann & Eddie Harris,0.77,0.68,Soul Jazz,Jazz
english_Take_the_'A'_Train,English,Duke Ellington,0.75,0.65,Swing Jazz,Jazz
"english_Sing,_Sing,_Sing",English,Benny Goodman,0.63,0.53,Swing Jazz,Jazz
english_It_Don't_Mean_a_Thing_(If_It_Ain't_Got_That_Swing),English,Duke Ellington,0.62,0.48,Swing Jazz,Jazz
english_In_the_Mood,English,Glenn Miller,0.78,0.96,Swing Jazz,Jazz
english_One_O'Clock_Jump,English,Count Basie,0.78,0.72,Swing Jazz,Jazz
english_Stompin'_at_the_Savoy,English,Benny Goodman,0.89,0.78,Swing Jazz,Jazz
english_Caravan,English,Duke Ellington,0.3,0.85,Swing Jazz,Jazz
"english_A-Tisket,_A-Tasket",English,Ella Fitzgerald,0.85,0.8,Swing Jazz,Jazz
english_Begin_the_Beguine,English,Artie Shaw,0.67,0.59,Swing Jazz,Jazz
"english_A_Love_Supreme,_Part_I_–_Acknowledgement",English,John Coltrane,0.65,0.55,Modal Jazz,Jazz
english_Teen_Town,English,Weather Report,0.73,0.76,Jazz Fusion,Jazz
english_Oye_Como_Va,English,Tito Puente,0.78,0.8,Afro-Cuban Jazz,Jazz
english_Tin_Tin_Deo,English,Chano Pozo,0.8,0.75,Afro-Cuban Jazz,Jazz
english_Misty,English,Ella Fitzgerald,0.64,0.53,Jazz Vocal,Jazz
english_My_Funny_Valentine,English,Chet Baker,0.55,0.54,Jazz Vocal,Jazz
english_God_Bless_the_Child,English,Billie Holiday,0.45,0.54,Jazz Vocal,Jazz
english_The_Nearness_of_You,English,Sarah Vaughan,0.63,0.53,Jazz Vocal,Jazz
english_Someone_to_Watch_Over_Me,English,George Gershwin standard (multiple versions exist),0.74,0.58,Jazz Vocal,Jazz
english_There_Will_Never_Be_Another_You,English,Chet Baker,0.6,0.5,Jazz Standard,Jazz
english_Cantaloop_(Flip_Fantasia),English,Us3,0.85,0.75,Jazz Rap,Jazz
english_The_World_Is_Yours,English,Nas,0.6,0.33,Jazz Rap,Jazz
english_Passing_Me_By,English,The Pharcyde,0.68,0.58,Jazz Rap,Jazz
english_Jazz_(We've_Got),English,A Tribe Called Quest,0.74,0.52,Jazz Rap,Jazz
english_Respiration,English,Black Star,0.86,0.35,Jazz Rap,Jazz
english_Mass_Appeal,English,Gang Starr,0.77,0.67,Jazz Rap,Jazz
english_Salt_Peanuts,English,Dizzy Gillespie,0.59,0.73,Jazz,Jazz
english_Scrapple_from_the_Apple,English,Charlie Parker,0.79,0.73,Jazz,Jazz
english_Angel_Eyes,English,Chet Baker,0.75,0.71,Jazz Ballad,Jazz
english_Spring_Can_Really_Hang_You_Up_the_Most,English,Ella Fitzgerald,0.35,0.25,Jazz Ballad,Jazz
"english_I_Loves_You,_Porgy",English,Nina Simone,0.34,0.24,Jazz Ballad,Jazz
english_The_Creator_Has_a_Master_Plan,English,Pharoah Sanders,0.7,0.6,Modal Jazz,Jazz
english_I_Can't_Get_Started,English,Lester Young,0.33,0.25,Jazz Ballad,Jazz
english_Star_Eyes,English,Charlie Parker,0.33,0.24,Jazz Ballad,Jazz
english_Search_for_Peace,English,McCoy Tyner,0.4,0.35,Modal Jazz,Jazz
english_Crystal_Silence,English,Chick Corea,0.35,0.3,Jazz,Jazz
english_Windows,English,Chick Corea,0.7,0.56,Modern Jazz,Jazz
english_Nature_Boy,English,Nat King Cole,0.53,0.56,Jazz Vocal,Jazz
english_You_Don't_Know_What_Love_Is,English,Dinah Washington,0.31,0.67,Jazz Ballad,Jazz
english_Good_Morning_Heartache,English,Billie Holiday,0.26,0.2,Jazz Ballad,Jazz
english_The_Very_Thought_of_You,English,Billie Holiday,0.88,0.44,Jazz Vocal,Jazz
english_Embraceable_You,English,Ella Fitzgerald,0.58,0.51,Jazz Vocal,Jazz
english_You_Go_to_My_Head,English,Billie Holiday,0.33,0.27,Jazz Ballad,Jazz
english_Almost_Like_Being_in_Love,English,Ella Fitzgerald,0.7,0.65,Swing Jazz,Jazz
english_Detour_Ahead,English,Sarah Vaughan,0.3,0.25,Jazz Ballad,Jazz
english_I'm_Glad_There_Is_You,English,Julie London,0.85,0.61,Cool Jazz,Jazz
english_East_of_the_Sun,English,Frank Sinatra,0.38,0.32,Jazz Vocal,Jazz
english_Black_Coffee,English,Peggy Lee,0.87,0.51,Jazz Ballad,Jazz
english_But_Not_for_Me,English,Chet Baker,0.86,0.34,Jazz Vocal,Jazz
english_You're_My_Thrill,English,Billie Holiday,0.31,0.25,Jazz Ballad,Jazz
english_Clint_Eastwood,English,Gorillaz,0.65,0.7,Alternative Hip-Hop,Hip-Hop
english_The_Show_Goes_On,English,Lupe Fiasco,0.61,0.91,Alternative Hip-Hop,Hip-Hop
english_The_Light,English,Common,0.47,0.78,Alternative Hip-Hop,Hip-Hop
english_Sunshine,English,Atmosphere,0.83,0.59,Alternative Hip-Hop,Hip-Hop
english_Heard_'Em_Say,English,Kanye West,0.63,0.42,Alternative Hip-Hop,Hip-Hop
english_Re_Definition,English,Black Star,0.65,0.48,Alternative Hip-Hop,Hip-Hop
english_Survival_of_the_Fittest,English,Mobb Deep,0.87,0.84,Hardcore Hip-Hop,Hip-Hop
english_Still_Not_a_Player,English,Big Pun,0.45,0.8,Hardcore Hip-Hop,Hip-Hop
english_Ruff_Ryders'_Anthem,English,DMX,0.4,0.92,Hardcore Hip-Hop,Hip-Hop
english_Who_Shot_Ya,English,The Notorious B.I.G.,0.3,0.85,Hardcore Hip-Hop,Hip-Hop
english_Hip_Hop,English,Dead Prez,0.76,0.57,Hardcore Hip-Hop,Hip-Hop
english_Grindin',English,Clipse,0.35,0.8,Hardcore Hip-Hop,Hip-Hop
english_What’s_My_Name,English,DMX,0.33,0.83,Hardcore Hip-Hop,Hip-Hop
english_Good_Life,English,OneRepublic ft. B.o.B,0.87,0.65,Pop Rap,Hip-Hop
english_Thrift_Shop,English,Macklemore & Ryan Lewis,0.74,0.73,Pop Rap,Hip-Hop
english_Rockstar,English,Post Malone ft. 21 Savage,0.9,0.77,Pop Rap,Hip-Hop
english_Without_Me,English,Eminem,0.76,0.74,Pop Rap,Hip-Hop
english_In_My_Feelings,English,Drake,0.65,0.7,Pop Rap,Hip-Hop
english_Roses_(Imanbek_Remix),English,SAINt JHN,0.8,0.85,Pop Rap,Hip-Hop
english_Lucid_Dreams,English,Juice WRLD,0.75,0.49,Pop Rap,Hip-Hop
english_Ric_Flair_Drip,English,Offset & Metro Boomin,0.51,0.64,Trap Hip-Hop,Hip-Hop
english_Tunnel_Vision,English,Kodak Black,0.4,0.24,Trap Hip-Hop,Hip-Hop
english_No_Limit,English,G-Eazy ft. A$AP Rocky & Cardi B,0.36,0.42,Trap Hip-Hop,Hip-Hop
english_Who_Am_I_(What's_My_Name),English,Snoop Dogg,0.7,0.8,West Coast Hip-Hop,Hip-Hop
english_Keep_Their_Heads_Ringin',English,Dr. Dre,0.75,0.88,West Coast Hip-Hop,Hip-Hop
english_Let_Me_Ride,English,Dr. Dre,0.65,0.85,West Coast Hip-Hop,Hip-Hop
english_How_We_Do,English,The Game,0.7,0.8,West Coast Hip-Hop,Hip-Hop
english_Hate_It_or_Love_It,English,The Game ft. 50 Cent,0.6,0.75,West Coast Hip-Hop,Hip-Hop
english_Check_Yo_Self,English,Ice Cube,0.55,0.78,West Coast Hip-Hop,Hip-Hop
english_The_Recipe,English,Kendrick Lamar ft. Dr. Dre,0.71,0.34,West Coast Hip-Hop,Hip-Hop
english_Bitch_Please,English,Snoop Dogg,0.55,0.85,West Coast Hip-Hop,Hip-Hop
english_Bow_Down,English,Westside Connection,0.59,0.73,West Coast Hip-Hop,Hip-Hop
english_Cruise_(Remix),English,Florida Georgia Line ft. Nelly,0.62,0.48,Country Rap,Hip-Hop
english_Over_and_Over,English,Nelly ft. Tim McGraw,0.56,0.65,Country Rap,Hip-Hop
english_Dirt_Road_Anthem_(Remix),English,Jason Aldean ft. Ludacris,0.65,0.6,Country Rap,Hip-Hop
english_I_Play_Chicken_with_the_Train,English,Cowboy Troy,0.65,0.8,Country Rap,Hip-Hop
english_Till_It's_Gone,English,Yelawolf,0.39,0.19,Country Rap,Hip-Hop
english_Whiskey_in_a_Bottle,English,Yelawolf,0.55,0.78,Country Rap,Hip-Hop
english_American_You,English,Yelawolf,0.55,0.7,Country Rap,Hip-Hop
english_Numb__Encore,English,Linkin Park & Jay-Z,0.6,0.85,Rap Rock,Hip-Hop
english_Rollin'_(Air_Raid_Vehicle),English,Limp Bizkit,0.7,0.9,Rap Rock,Hip-Hop
english_Party_Like_a_Rockstar,English,Shop Boyz,0.75,0.8,Rap Rock,Hip-Hop
english_It's_Tricky,English,Run-D.M.C.,0.8,0.75,Rap Rock,Hip-Hop
english_Rock_Superstar,English,Cypress Hill,0.65,0.85,Rap Rock,Hip-Hop
english_From_the_D_2_the_LBC,English,Eminem & Snoop Dogg,0.55,0.9,Rap Rock,Hip-Hop
english_Judgement_Day,English,Method Man,0.58,0.51,Rap Rock,Hip-Hop
english_Get_Up!,English,Korn,0.47,0.78,Rap Rock,Hip-Hop
english_Guerrilla_Radio,English,Rage Against the Machine,0.55,0.95,Rap Metal,Hip-Hop
english_Testify,English,Rage Against the Machine,0.94,0.79,Rap Metal,Hip-Hop
english_Points_of_Authority,English,Linkin Park,0.45,0.88,Rap Metal,Hip-Hop
english_By_Myself,English,Linkin Park,0.4,0.9,Rap Metal,Hip-Hop
english_One_Step_Closer,English,Linkin Park,0.69,0.66,Rap Metal,Hip-Hop
english_Spit_It_Out,English,Slipknot,0.79,0.73,Rap Metal,Hip-Hop
english_Wait_and_Bleed,English,Slipknot,0.4,0.92,Rap Metal,Hip-Hop
english_Down_with_the_Sickness,English,Disturbed,0.35,0.96,Rap Metal,Hip-Hop
english_Forgotten,English,Linkin Park,0.34,0.7,Rap Metal,Hip-Hop
english_Bombtrack,English,Rage Against the Machine,0.6,0.9,Rap Metal,Hip-Hop
english_On_the_Nature_of_Daylight,English,Max Richter,0.47,0.44,Ambient Classical,Classical
english_November,English,Max Richter,0.58,0.56,Ambient Classical,Classical
english_Nuvole_Bianche,English,Ludovico Einaudi,0.4,0.3,Ambient Classical,Classical
english_Metamorphosis_One,English,Philip Glass,0.6,0.62,Ambient Classical,Classical
english_The_Blue_Notebooks,English,Max Richter,0.57,0.46,Ambient Classical,Classical
hindi_Shree_Hanuman_Chalisa,Hindi,Hariharan,0.45,0.35,Hindu Devotional,Classical
hindi_Aigiri_Nandini,Hindi,Anuradha Paudwal,0.45,0.55,Hindu Devotional,Classical
hindi_Achyutam_Keshavam,Hindi,Anup Jalota,0.5,0.4,Hindu Devotional,Classical
hindi_Shiv_Tandav_Stotram,Hindi,Ravindra Sathe,0.4,0.6,Hindu Devotional,Classical
hindi_Om_Namah_Shivaya,Hindi,Anuradha Paudwal,0.56,0.48,Hindu Devotional,Classical
hindi_Mere_To_Giridhar_Gopal,Hindi,Lata Mangeshkar,0.55,0.35,Hindu Devotional,Classical
hindi_Raghupati_Raghav_Raja_Ram,Hindi,Kavita Krishnamurthy,0.45,0.3,Hindu Devotional,Classical
hindi_Jag_Mein_Sundar_Hai_Do_Naam,Hindi,Anup Jalota,0.5,0.35,Hindu Devotional,Classical
hindi_Shri_Ramachandra_Kripalu_Bhajman,Hindi,Anuradha Paudwal,0.45,0.3,Hindu Devotional,Classical
hindi_Vaishnava_Jan_To,Hindi,Lata Mangeshkar,0.4,0.25,Hindu Devotional,Classical
urdu_Aaj_Jaane_Ki_Zid_Na_Karo,Urdu,Farida Khanum,0.35,0.25,Indian Classical Ghazal,Classical
urdu_Chupke_Chupke_Raat_Din,Urdu,Ghulam Ali,0.38,0.28,Indian Classical Ghazal,Classical
urdu_Ranjish_Hi_Sahi,Urdu,Mehdi Hassan,0.32,0.24,Indian Classical Ghazal,Classical
hindi_Tum_Itna_Jo_Muskura_Rahe_Ho,Hindi,Jagjit Singh,0.42,0.32,Indian Classical Ghazal,Classical
hindi_Hothon_Se_Chhu_Lo_Tum,Hindi,Jagjit Singh,0.4,0.3,Indian Classical Ghazal,Classical
urdu_Gulon_Mein_Rang_Bhare,Urdu,Mehdi Hassan,0.33,0.25,Indian Classical Ghazal,Classical
hindi_Mohe_Rang_Do_Laal,Hindi,Shreya Ghoshal,0.35,0.25,Indian Film Classical Ballad,Classical
hindi_Albela_Sajan,Hindi,"Shashi Suman, Shreya Ghoshal",0.38,0.28,Indian Film Classical Ballad,Classical
hindi_Aye_Ri_Sakhi_More_Piya_Ghar_Aaye,Hindi,Kavita Krishnamurthy,0.36,0.28,Indian Film Classical Ballad,Classical
hindi_Ghar_More_Pardesiya,Hindi,Shreya Ghoshal,0.34,0.26,Indian Film Classical Ballad,Classical
hindi_Khwaja_Mere_Khwaja,Hindi,A.R. Rahman,0.45,0.35,Sufi Devotional,Classical
urdu_Chaap_Tilak,Urdu,Abida Parveen,0.42,0.32,Sufi Devotional,Classical
punjabi_Mast_Qalandar,Punjabi,Nusrat Fateh Ali Khan,0.48,0.4,Sufi Devotional,Classical
urdu_Tajdar-e-Haram,Urdu,Atif Aslam,0.44,0.34,Sufi Devotional,Classical
punjabi_Allah_Hoo,Punjabi,Nusrat Fateh Ali Khan,0.46,0.36,Sufi Devotional,Classical
hindi_Piya_Haji_Ali,Hindi,A.R. Rahman,0.4,0.35,Indian Film Sufi Ballad,Classical
hindi_Noor-e-Khuda,Hindi,"Shankar Mahadevan, Adnan Sami",0.45,0.4,Indian Film Sufi Ballad,Classical
hindi_Ishq_Sufiyana,Hindi,Kamal Khan,0.5,0.45,Indian Film Sufi Ballad,Classical
hindi_Maula_Mere_Le_Le_Meri_Jaan,Hindi,Krishna Beura,0.42,0.38,Indian Film Sufi Ballad,Classical
hindi_Sajda,Hindi,Rahat Fateh Ali Khan,0.44,0.39,Indian Film Sufi Ballad,Classical
hindi_Teri_Deewani,Hindi,Kailash Kher,0.55,0.5,Indian Film Sufi Ballad,Classical
hindi_Ya_Rabba,Hindi,Kailash Kher,0.46,0.41,Indian Film Sufi Ballad,Classical
hindi_Zikr,Hindi,A.R. Rahman,0.5,0.45,Indian Film Sufi Ballad,Classical
hindi_Jiya_Dhadak_Dhadak_Jaye,Hindi,Rahat Fateh Ali Khan,0.48,0.42,Indian Film Sufi Ballad,Classical
hindi_Piya_Aaye_Na,Hindi,"Tulsi Kumar, KK",0.44,0.38,Indian Film Sufi Ballad,Classical
hindi_Tere_Bin,Hindi,Atif Aslam,0.46,0.4,Indian Film Sufi Ballad,Classical
hindi_Piya_O_Re_Piya,Hindi,"Atif Aslam, Shreya Ghoshal",0.49,0.43,Indian Film Sufi Ballad,Classical
hindi_Halka_Halka,Hindi,Rahat Fateh Ali Khan,0.41,0.35,Indian Film Sufi Ballad,Classical
hindi_Tu_Hi_Mera,Hindi,Shafqat Amanat Ali,0.47,0.41,Indian Film Sufi Ballad,Classical
hindi_Aye_Khuda,Hindi,Salim Merchant,0.46,0.4,Indian Film Sufi Ballad,Classical
english_Amazing_Grace,English,Charlotte Church,0.83,0.41,Sacred Classical,Classical
hindi_Bhor_Bhaye_Panghat_Pe,Hindi,Lata Mangeshkar,0.34,0.27,Indian Film Classical Ballad,Classical
hindi_Ka_Karoon_Sajni_Aaye_Na_Balam,Hindi,Yesudas,0.32,0.24,Indian Classical,Classical
hindi_Ab_Ke_Sawan_Ghar_Aaja,Hindi,Begum Akhtar / Girija Devi (audio available),0.33,0.26,Indian Classical Thumri,Classical
english_The_Lord's_Prayer,English,Andrea Bocelli,0.3,0.28,Sacred Classical,Classical
english_How_Great_Thou_Art,English,Carrie Underwood,0.52,0.38,Christian Devotional,Classical
english_Titanium,English,David Guetta ft. Sia,0.76,0.27,Electronic Dance,Electronic
english_Clarity,English,Zedd ft. Foxes,0.7,0.49,Electronic Dance,Electronic
english_Don't_You_Worry_Child,English,Swedish House Mafia,0.72,0.88,Electronic Dance,Electronic
english_Calling_(Lose_My_Mind),English,Sebastian Ingrosso & Alesso,0.74,0.9,Electronic Dance,Electronic
english_We_Own_the_Night,English,Tiesto & Wolfpack,0.62,0.44,Electronic Dance,Electronic
english_Rather_Be,English,Clean Bandit ft. Jess Glynne,0.85,0.8,Electronic Dance Pop,Electronic
english_This_Is_What_You_Came_For,English,Calvin Harris ft. Rihanna,0.8,0.82,Electronic Dance Pop,Electronic
english_Closer,English,The Chainsmokers ft. Halsey,0.41,0.77,Electronic Dance Pop,Electronic
english_Faded,English,Alan Walker,0.12,0.24,Electronic Dance Pop,Electronic
english_Something_Just_Like_This,English,The Chainsmokers & Coldplay,0.77,0.76,Electronic Dance Pop,Electronic
english_Scared_to_Be_Lonely,English,Martin Garrix & Dua Lipa,0.73,0.72,Electronic Dance Pop,Electronic
english_It_Ain't_Me,English,Kygo & Selena Gomez,0.72,0.7,Electronic Dance Pop,Electronic
english_Five_Hours,English,Deorro,0.7,0.95,Electronic Dance,Electronic
english_Intoxicated,English,Martin Solveig & GTA,0.64,0.62,Electronic Dance Pop,Electronic
english_Light_It_Up_(Remix),English,Major Lazer ft. Nyla,0.85,0.89,Electronic Dance Pop,Electronic
english_Head_&_Heart,English,Joel Corry ft. MNEK,0.88,0.86,Electronic Dance Pop,Electronic
english_Habits_(Stay_High),English,Tove Lo,0.55,0.65,Electropop,Electronic
english_Sweet_Nothing,English,Calvin Harris ft. Florence Welch,0.7,0.8,Electropop,Electronic
english_Stitches_(SeeB_Remix),English,Shawn Mendes,0.62,0.74,Electropop,Electronic
english_Run_Away_With_Me,English,Carly Rae Jepsen,0.75,0.78,Electropop,Electronic
english_Nightcall,English,Kavinsky,0.7,0.62,Electropop,Electronic
english_Team,English,Lorde,0.38,0.21,Electronic Pop,Electronic
english_Love_Me_Harder,English,Ariana Grande & The Weeknd,0.87,0.77,Electronic Pop,Electronic
english_Bad_Liar,English,Imagine Dragons,0.58,0.68,Electronic Pop,Electronic
english_Elastic_Heart,English,Sia,0.5,0.65,Electronic Pop,Electronic
english_Dusk_Till_Dawn,English,ZAYN ft. Sia,0.8,0.63,Electronic Pop,Electronic
english_Love_Again,English,Dua Lipa,0.51,0.64,Electronic Pop,Electronic
english_Rather_Die_Young,English,Beyoncé,0.87,0.77,Electronic Pop,Electronic
english_Slow_Burn,English,Kacey Musgraves,0.86,0.34,Electronic Pop,Electronic
english_Higher_Love,English,Kygo & Whitney Houston,0.72,0.68,Progressive House,Electronic
english_Ocean_Drive,English,Duke Dumont,0.8,0.56,Progressive House,Electronic
english_Gold,English,Chet Faker,0.68,0.7,Progressive House,Electronic
english_No_Money,English,Galantis,0.8,0.82,Progressive House,Electronic
english_Cannonball,English,Showtek & Justin Prime,0.68,0.49,Big Room House,Electronic
english_Pyramids,English,DVBBS,0.85,0.69,Big Room House,Electronic
english_Fade_Into_Darkness,English,Avicii,0.67,0.79,Progressive House,Electronic
english_Helicopter,English,Firebeatz,0.86,0.72,Big Room House,Electronic
english_Crank_It_(Woah!),English,Kideko & George Kwali,0.78,0.91,Big Room House,Electronic
english_Stampede,English,Borgeous,0.75,0.93,Big Room House,Electronic
english_Desire,English,Years & Years,0.69,0.81,Progressive House,Electronic
english_Get_Low,English,Dillon Francis & DJ Snake,0.75,0.94,Electro House,Electronic
english_Booyah,English,Showtek ft. We Are Loud & Sonny Wilson,0.77,0.95,Electro House,Electronic
english_Deep,English,Marshmello,0.31,0.26,EDM Trap,Electronic
english_Core,English,RL Grime,0.72,0.97,EDM Trap,Electronic
english_Propaganda,English,DJ Snake,0.7,0.96,EDM Trap,Electronic
english_The_Drop,English,Gammer,0.47,0.6,EDM Trap,Electronic
english_UCLA,English,RL Grime ft. 24HRS,0.68,0.9,EDM Trap,Electronic
english_Heads_Will_Roll_(A-Trak_Remix),English,Yeah Yeah Yeahs,0.85,0.95,Electro House,Electronic
english_Louder,English,DJ Fresh ft. Sian Evans,0.65,0.63,Electro House,Electronic
english_Scary_Monsters_and_Nice_Sprites,English,Skrillex,0.6,0.95,Dubstep,Electronic
english_Centipede,English,Knife Party,0.55,0.96,Dubstep,Electronic
english_Weapon_of_Choice,English,Fatboy Slim,0.75,0.85,Big Beat,Electronic
"english_Right_Here,_Right_Now",English,Fatboy Slim,0.91,0.73,Big Beat,Electronic
english_Praise_You,English,Fatboy Slim,0.8,0.82,Big Beat,Electronic
english_Song_2,English,Blur,0.85,0.9,Big Beat,Electronic
english_Born_Slippy_(Nuxx),English,Underworld,0.7,0.89,Big Beat,Electronic
english_Glory_Box,English,Portishead,0.71,0.6,Trip Hop,Electronic
english_Unfinished_Sympathy,English,Massive Attack,0.55,0.45,Trip Hop,Electronic
english_Only_You,English,Portishead,0.6,0.76,Trip Hop,Electronic
english_Hell_Is_Round_the_Corner,English,Tricky,0.72,0.63,Trip Hop,Electronic
english_Daydreaming,English,Massive Attack,0.91,0.7,Trip Hop,Electronic
english_Rumble,English,Excision & Space Laces,0.81,0.52,Dubstep,Electronic
english_Block_Rockin'_Beats,English,The Chemical Brothers,0.72,0.9,Big Beat,Electronic
english_Black_Milk,English,Massive Attack,0.42,0.4,Trip Hop,Electronic
english_Galang,English,M.I.A.,0.7,0.88,Big Beat,Electronic
english_Girls,English,The Prodigy,0.36,0.37,Big Beat,Electronic
english_Overcome,English,Tricky,0.68,0.59,Trip Hop,Electronic
english_Angel,English,Massive Attack,0.68,0.69,Trip Hop,Electronic
english_Inertia_Creeps,English,Massive Attack,0.71,0.66,Trip Hop,Electronic
english_6_Underground,English,Sneaker Pimps,0.3,0.85,Trip Hop,Electronic
english_Protection,English,Massive Attack,0.69,0.61,Trip Hop,Electronic
english_Risingson,English,Massive Attack,0.38,0.72,Trip Hop,Electronic
english_Strangers,English,Portishead,0.67,0.69,Trip Hop,Electronic
english_Man_Next_Door,English,Massive Attack,0.45,0.43,Trip Hop,Electronic
english_2Wicky,English,Hooverphonic,0.78,0.71,Trip Hop,Electronic
english_Lebanese_Blonde,English,Thievery Corporation,0.68,0.44,Trip Hop,Electronic
english_Górecki,English,Lamb,0.46,0.42,Trip Hop,Electronic
english_Daydream_in_Blue,English,I Monster,0.56,0.45,Trip Hop,Electronic
english_Eyesdown,English,Bonobo,0.62,0.49,Trip Hop,Electronic
english_La_Femme_d’Argent,English,Air,0.6,0.47,Trip Hop,Electronic
english_Windowlicker,English,Aphex Twin,0.53,0.44,Trip Hop,Electronic
english_Porcelain,English,Moby,0.64,0.65,Trip Hop,Electronic
english_Sleepyhead,English,Passion Pit,0.91,0.75,Trip Hop,Electronic
english_Fade_Into_You,English,Mazzy Star,0.73,0.51,Trip Hop,Electronic
english_Sour_Times,English,Portishead,0.53,0.41,Trip Hop,Electronic
english_Underwater_Love,English,Smoke City,0.75,0.64,Trip Hop,Electronic
english_All_Mine,English,Portishead,0.51,0.39,Trip Hop,Electronic
english_Paradise_Circus,English,Massive Attack,0.48,0.42,Trip Hop,Electronic
english_Low_Place_Like_Home,English,Sneaker Pimps,0.58,0.47,Trip Hop,Electronic
english_Half_Day_Closing,English,Portishead,0.45,0.36,Trip Hop,Electronic
english_Roads_(Live),English,Portishead,0.46,0.37,Trip Hop,Electronic
english_Come_With_Us,English,The Chemical Brothers,0.6,0.49,Big Beat,Electronic
english_Londinium,English,Archive,0.48,0.41,Trip Hop,Electronic
english_Humming,English,Portishead,0.44,0.35,Trip Hop,Electronic
english_Heaven_Sent,English,Esthero,0.85,0.63,Trip Hop,Electronic
english_Cherry_Blossom_Girl,English,Air,0.78,0.54,Dream Pop,Pop
hindi_Baju_Band_Khul_Khul_Jaye,Hindi,Bhimsen Joshi,0.58,0.52,Classical,Classical
hindi_Piya_Milan_Ki_Aas,Hindi,Kishori Amonkar,0.4,0.36,Classical,Classical
hindi_Payoji_Maine_Ram_Ratan_Dhan,Hindi,Anup Jalota,0.68,0.48,Classical,Classical
hindi_Raga_Darbari,Hindi,Rashid Khan,0.46,0.35,Classical,Classical
hindi_Raga_Multani,Hindi,Kishori Amonkar,0.45,0.33,Classical,Classical
hindi_Om_Jai_Jagdish_Hare,Hindi,Lata Mangeshkar,0.74,0.58,Classical,Classical
sanskrit_Bhaja_Govindam,Sanskrit,MS Subbulakshmi,0.58,0.44,Classical,Classical
sanskrit_Vatapi_Ganapatim,Sanskrit,MS Subbulakshmi,0.55,0.45,Classical,Classical
telugu_Nagumomu,Telugu,Dr Balamuralikrishna,0.52,0.41,Classical,Classical
telugu_Endaro_Mahanubhavulu,Telugu,Semmangudi,0.5,0.4,Classical,Classical
sanskrit_Bhavayami_Gopalabalam,Sanskrit,MS Subbulakshmi,0.62,0.46,Classical,Classical
hindi_Babul_Mora,Hindi,Girija Devi,0.52,0.42,Classical,Classical
urdu_Aaj_Jaane_Ki_Zid,Urdu,Farida Khanum,0.46,0.3,Classical,Classical
hindi_Kahe_Ko_Byahi,Hindi,Shobha Gurtu,0.48,0.39,Classical,Classical
hindi_Jhuki_Jhuki_Si_Nazar,Hindi,Jagjit Singh,0.56,0.44,Ghazal,Classical
hindi_Woh_Kagaz_Ki_Kashti,Hindi,Jagjit Singh,0.62,0.46,Ghazal,Classical
hindi_Tumko_Dekha_To_Yeh_Khayal,Hindi,Jagjit Singh,0.64,0.5,Ghazal,Classical
urdu_Hazaron_Khwahishen_Aisi,Urdu,Jagjit Singh,0.48,0.37,Ghazal,Classical
urdu_Patta_Patta_Boota_Boota,Urdu,Mehdi Hassan,0.46,0.35,Ghazal,Classical
urdu_Rafta_Rafta,Urdu,Mehdi Hassan,0.52,0.41,Ghazal,Classical
urdu_Kal_Chaudhvin_Ki_Raat,Urdu,Ghulam Ali,0.5,0.39,Ghazal,Classical
urdu_Deewana_Banana_Hai,Urdu,Begum Akhtar,0.49,0.36,Ghazal,Classical
hindi_Chitthi_Aayi_Hai,Hindi,Pankaj Udhas,0.63,0.49,Ghazal,Classical
hindi_Na_Kajre_Ki_Dhar,Hindi,Pankaj Udhas,0.61,0.48,Ghazal,Classical
hindi_Kaash_Aisa,Hindi,Hariharan,0.58,0.45,Ghazal,Classical
hindi_Yeh_Daulat_Bhi_Le_Lo,Hindi,Jagjit Singh,0.59,0.45,Ghazal,Classical
hindi_Kisi_Nazar_Ko_Tera,Hindi,Jagjit Singh,0.62,0.47,Ghazal,Classical
hindi_Baat_Niklegi,Hindi,Jagjit Singh,0.57,0.44,Ghazal,Classical
hindi_Apni_Aankhon_Ke_Samundar,Hindi,Jagjit Singh,0.55,0.42,Ghazal,Classical
urdu_Faasle_Aise_Bhi_Honge,Urdu,Ghulam Ali,0.42,0.3,Ghazal,Classical
urdu_Kuch_Din_To_Baso,Urdu,Ghulam Ali,0.47,0.36,Ghazal,Classical
urdu_Hum_Ko_Kiske_Gham,Urdu,Ghulam Ali,0.45,0.33,Ghazal,Classical
urdu_Aaye_Kuch_Abr,Urdu,Mehdi Hassan,0.47,0.36,Ghazal,Classical
urdu_Mohabbat_Karne_Wale,Urdu,Farida Khanum,0.46,0.34,Ghazal,Classical
hindi_Thodi_Thodi_Piya_Karo,Hindi,Pankaj Udhas,0.57,0.44,Ghazal,Classical
urdu_Duniya_Kisi_Ke_Pyar_Mein,Urdu,Mehdi Hassan,0.43,0.31,Ghazal,Classical
urdu_Mere_Humnafas,Urdu,Begum Akhtar,0.45,0.33,Ghazal,Classical
urdu_Dil_Ki_Baat,Urdu,Begum Akhtar,0.41,0.29,Ghazal,Classical
hindi_Itna_To_Hua,Hindi,Talat Aziz,0.56,0.43,Ghazal,Classical
hindi_Tera_Chehra,Hindi,Jagjit Singh,0.64,0.49,Ghazal,Classical
hindi_Koi_Yeh_Kaise_Bataye,Hindi,Jagjit Singh,0.52,0.4,Ghazal,Classical
urdu_Apni_Dhun_Mein_Rehta_Hoon,Urdu,Ghulam Ali,0.55,0.43,Ghazal,Classical
urdu_Dil_Cheez_Kya_Hai,Urdu,Begum Akhtar,0.51,0.39,Ghazal,Classical
hindi_Zindagi_Ka_Safar,Hindi,Talat Aziz,0.57,0.45,Ghazal,Classical
hindi_Hoshwalon_Ko_Khabar,Hindi,Jagjit Singh,0.66,0.5,Ghazal,Classical
urdu_Mujhse_Pehli_Si_Mohabbat,Urdu,Noor Jehan,0.49,0.38,Ghazal,Classical
hindi_Saiyaan_Nikas_Gaye,Hindi,Shobha Gurtu,0.47,0.35,Semi-Classical,Classical
hindi_Mohe_Bhool_Gaye_Sanwariya,Hindi,Lata Mangeshkar,0.55,0.42,Semi-Classical,Classical
hindi_Mohe_Bhool_Gaye_Sanwariya_(HD),Hindi,Lata Mangeshkar,0.56,0.43,Semi-Classical,Classical
hindi_Albela_Sajan_(Classical_Version),Hindi,Ustad Sultan Khan,0.63,0.5,Semi-Classical,Classical
hindi_Payoji_Maine_Ram_Ratan_Dhan_Payo,Hindi,Anup Jalota,0.65,0.5,Semi-Classical,Classical
hindi_Payoji_Maine_Ram_Ratan_(Album),Hindi,Anup Jalota,0.64,0.49,Semi-Classical,Classical
hindi_Payoji_Maine_Ram_Ratan_(Bhajan_Version),Hindi,Anup Jalota,0.66,0.51,Semi-Classical,Classical
hindi_Saiyaan_Nikas_Gaye_(Concert),Hindi,Shobha Gurtu,0.48,0.36,Semi-Classical,Classical
hindi_Baju_Band_Khul_Khul_Jaye_(Live),Hindi,Girija Devi,0.53,0.41,Semi-Classical,Classical
hindi_Baju_Band_Khul_Khul_Jaye_(Thumri),Hindi,Girija Devi,0.51,0.39,Semi-Classical,Classical
hindi_Man_Tarpat_Hari_Darshan,Hindi,Mohammed Rafi,0.58,0.44,Semi-Classical,Classical
hindi_Kahe_Ko_Byahi_Bides,Hindi,Shobha Gurtu,0.5,0.38,Semi-Classical,Classical
hindi_Saiyan_Bina_Ghar_Suna,Hindi,Shobha Gurtu,0.46,0.34,Semi-Classical,Classical
hindi_Thumak_Chalat_Ramchandra,Hindi,Pandit Jasraj,0.55,0.42,Semi-Classical,Classical
hindi_Saiyan_Bina,Hindi,Rashid Khan,0.51,0.38,Semi-Classical,Classical
hindi_Nadiya_Kinare_Mora,Hindi,Girija Devi,0.49,0.37,Semi-Classical,Classical
hindi_Piya_More,Hindi,Rashid Khan,0.54,0.41,Semi-Classical,Classical
hindi_Saiyan_Bole,Hindi,Rashid Khan,0.52,0.39,Semi-Classical,Classical
hindi_More_Naina,Hindi,Rashid Khan,0.51,0.38,Semi-Classical,Classical
hindi_Nadiya_Kinare,Hindi,Naina Devi,0.48,0.35,Semi-Classical,Classical
hindi_Saiyan_Aiso,Hindi,Naina Devi,0.49,0.36,Semi-Classical,Classical
hindi_Kanha_Re_Kanha,Hindi,Vidya Rao,0.52,0.39,Semi-Classical,Classical
hindi_Saiyan_More,Hindi,Vidya Rao,0.5,0.37,Semi-Classical,Classical
hindi_Kanha_Mori,Hindi,Malini Rajurkar,0.51,0.38,Semi-Classical,Classical
hindi_Piya_Ghar_Aaye,Hindi,Malini Rajurkar,0.53,0.4,Semi-Classical,Classical
hindi_Naina_Ki_Baat,Hindi,Traditional,0.5,0.37,Semi-Classical,Classical
hindi_Piya_Milan,Hindi,Traditional,0.49,0.36,Semi-Classical,Classical
hindi_Saiyan_Sang,Hindi,Traditional,0.51,0.38,Semi-Classical,Classical
hindi_More_Balam,Hindi,Traditional,0.49,0.37,Semi-Classical,Classical
english_Big_Poppa,English,The Notorious B.I.G.,0.7,0.68,Hip-Hop,Hip-Hop
english_Through_the_Wire,English,Kanye West,0.72,0.52,Hip-Hop,Hip-Hop
english_Can't_Tell_Me_Nothing,English,Kanye West,0.6,0.83,Hip-Hop,Hip-Hop
english_Touch_the_Sky,English,Kanye West,0.82,0.65,Hip-Hop,Hip-Hop
english_Forgot_About_Dre,English,Dr. Dre,0.66,0.88,Hip-Hop,Hip-Hop
english_Rap_God,English,Eminem,0.59,0.92,Hip-Hop,Hip-Hop
english_Black_Skinhead,English,Kanye West,0.57,0.91,Hip-Hop,Hip-Hop
english_King_Kunta,English,Kendrick Lamar,0.73,0.84,Hip-Hop,Hip-Hop
english_Swimming_Pools_(Drank),English,Kendrick Lamar,0.55,0.73,Hip-Hop,Hip-Hop
english_i,English,Kendrick Lamar,0.47,0.77,Hip-Hop,Hip-Hop
english_Bodak_Yellow,English,Cardi B,0.69,0.86,Hip-Hop,Hip-Hop
english_A_Lot,English,21 Savage,0.58,0.69,Hip-Hop,Hip-Hop
english_Ransom,English,Lil Tecca,0.73,0.84,Hip-Hop,Hip-Hop
english_Pick_Up_the_Phone,English,Young Thug,0.47,0.43,Hip-Hop,Hip-Hop
english_Lifestyle,English,Rich Gang,0.5,0.79,Hip-Hop,Hip-Hop
english_Mask_Off_Remix,English,Future,0.63,0.78,Hip-Hop,Hip-Hop
english_T-Shirt,English,Migos,0.83,0.79,Hip-Hop,Hip-Hop
english_Hate_Me_Now,English,Nas,0.64,0.86,Hip-Hop,Hip-Hop
english_If_I_Ruled_the_World,English,Nas,0.78,0.74,Hip-Hop,Hip-Hop
english_The_Message,English,Grandmaster Flash,0.77,0.49,Hip-Hop,Hip-Hop
english_Rapper's_Delight,English,The Sugarhill Gang,0.85,0.76,Hip-Hop,Hip-Hop
english_Dear_Mama,English,2Pac,0.72,0.61,Hip-Hop,Hip-Hop
english_In_Da_Club,English,50 Cent,0.86,0.84,Hip-Hop,Hip-Hop
english_Candy_Shop,English,50 Cent,0.88,0.86,Hip-Hop,Hip-Hop
english_Many_Men,English,50 Cent,0.83,0.66,Hip-Hop,Hip-Hop
english_Triumph,English,Wu-Tang Clan,0.66,0.91,Hip-Hop,Hip-Hop
english_Drop_It_Like_It's_Hot,English,Snoop Dogg,0.78,0.77,Hip-Hop,Hip-Hop
english_Beautiful,English,Snoop Dogg,0.59,0.71,Hip-Hop,Hip-Hop
english_Passin'_Me_By,English,The Pharcyde,0.82,0.44,Hip-Hop,Hip-Hop
english_Scenario,English,A Tribe Called Quest,0.76,0.85,Hip-Hop,Hip-Hop
english_Award_Tour,English,A Tribe Called Quest,0.79,0.78,Hip-Hop,Hip-Hop
english_Rosa_Parks,English,OutKast,0.77,0.8,Hip-Hop,Hip-Hop
"english_So_Fresh,_So_Clean",English,OutKast,0.83,0.76,Hip-Hop,Hip-Hop
english_International_Players_Anthem,English,UGK,0.75,0.72,Hip-Hop,Hip-Hop
english_Still_Tippin',English,Mike Jones,0.73,0.84,Hip-Hop,Hip-Hop
english_Back_That_Azz_Up,English,Juvenile,0.81,0.88,Hip-Hop,Hip-Hop
english_Ha,English,Juvenile,0.65,0.87,Hip-Hop,Hip-Hop
english_Still_Fly,English,Big Tymers,0.78,0.41,Hip-Hop,Hip-Hop
english_Bling_Bling,English,B.G.,0.69,0.66,Hip-Hop,Hip-Hop
english_Number_One_Stunna,English,Big Tymers,0.76,0.81,Hip-Hop,Hip-Hop
english_Slow_Motion,English,Juvenile,0.62,0.51,Hip-Hop,Hip-Hop
english_Ridin',English,Chamillionaire,0.66,0.83,Hip-Hop,Hip-Hop
english_Turn_My_Swag_On,English,Soulja Boy,0.78,0.96,Hip-Hop,Hip-Hop
english_Crank_That_(Soulja_Boy),English,Soulja Boy,0.91,0.9,Hip-Hop,Hip-Hop
english_Rack_City,English,Tyga,0.37,0.35,Hip-Hop,Hip-Hop
english_A_Milli,English,Lil Wayne,0.63,0.89,Hip-Hop,Hip-Hop
english_Lollipop,English,Lil Wayne,0.95,0.79,Hip-Hop,Hip-Hop
english_6_Foot_7_Foot,English,Lil Wayne,0.73,0.55,Hip-Hop,Hip-Hop
english_How_to_Love,English,Lil Wayne,0.64,0.58,Hip-Hop,Hip-Hop
english_BedRock,English,Young Money,0.53,0.41,Hip-Hop,Hip-Hop
english_Right_Above_It,English,Lil Wayne,0.79,0.88,Hip-Hop,Hip-Hop
english_Look_at_Me_Now,English,Chris Brown,0.6,0.76,Hip-Hop,Hip-Hop
english_No_Hands,English,Waka Flocka Flame,0.84,0.89,Hip-Hop,Hip-Hop
english_Hard_in_da_Paint,English,Waka Flocka Flame,0.61,0.92,Hip-Hop,Hip-Hop
english_Round_of_Applause,English,Waka Flocka Flame,0.6,0.54,Hip-Hop,Hip-Hop
english_Dirt_Off_Your_Shoulder,English,Jay-Z,0.61,0.49,Hip-Hop,Hip-Hop
english_Show_Me_What_You_Got,English,Jay-Z,0.45,0.78,Hip-Hop,Hip-Hop
english_Encore,English,Jay-Z,0.63,0.71,Hip-Hop,Hip-Hop
english_Can_I_Kick_It,English,A Tribe Called Quest,0.77,0.48,Hip-Hop,Hip-Hop
english_Check_the_Rhime,English,A Tribe Called Quest,0.88,0.78,Hip-Hop,Hip-Hop
english_Ring_Ring_Ring,English,De La Soul,0.84,0.75,Hip-Hop,Hip-Hop
english_Airplanes,English,B.o.B,0.22,0.25,Hip-Hop,Hip-Hop
english_Nothin'_on_You,English,B.o.B,0.86,0.72,Hip-Hop,Hip-Hop
english_So_Good,English,B.o.B,0.53,0.5,Hip-Hop,Hip-Hop
english_Down,English,Jay Sean,0.36,0.81,Hip-Hop,Hip-Hop
english_Do_You_Remember,English,Jay Sean,0.56,0.46,Hip-Hop,Hip-Hop
english_Replay,English,Iyaz,0.67,0.57,Hip-Hop,Hip-Hop
english_Low,English,Flo Rida,0.36,0.81,Hip-Hop,Hip-Hop
english_Right_Round,English,Flo Rida,0.86,0.84,Hip-Hop,Hip-Hop
english_Whistle,English,Flo Rida,0.92,0.79,Hip-Hop,Hip-Hop
english_Wild_Ones,English,Flo Rida,0.9,0.87,Hip-Hop,Hip-Hop
english_Club_Can't_Handle_Me,English,Flo Rida,0.93,0.9,Hip-Hop,Hip-Hop
english_My_House,English,Flo Rida,0.91,0.88,Hip-Hop,Hip-Hop
english_Good_Feeling,English,Flo Rida,0.78,0.8,Hip-Hop,Hip-Hop
english_Forever,English,Drake,0.79,0.7,Hip-Hop,Hip-Hop
english_Over,English,Drake,0.47,0.6,Hip-Hop,Hip-Hop
english_Headlines,English,Drake,0.7,0.83,Hip-Hop,Hip-Hop
english_Started_From_The_Bottom,English,Drake,0.79,0.84,Hip-Hop,Hip-Hop
english_HYFR,English,Drake,0.75,0.8,Hip-Hop,Hip-Hop
"english_Hold_On,_We're_Going_Home",English,Drake,0.84,0.6,Hip-Hop,Hip-Hop
english_The_Motto,English,Drake,0.81,0.82,Hip-Hop,Hip-Hop
english_Take_Care,English,Drake,0.75,0.6,Hip-Hop,Hip-Hop
english_Find_Your_Love,English,Drake,0.86,0.7,Hip-Hop,Hip-Hop
english_Up_All_Night,English,Drake,0.65,0.7,Hip-Hop,Hip-Hop
english_Tap_In,English,Saweetie,0.85,0.88,Hip-Hop,Hip-Hop
english_My_Type,English,Saweetie,0.99,0.87,Hip-Hop,Hip-Hop
english_Best_Friend,English,Saweetie,0.94,0.77,Hip-Hop,Hip-Hop
english_Big_Energy,English,Latto,0.91,0.89,Hip-Hop,Hip-Hop
english_Big_Ole_Freak,English,Megan Thee Stallion,0.86,0.88,Hip-Hop,Hip-Hop
english_Savage,English,Megan Thee Stallion,0.51,0.64,Hip-Hop,Hip-Hop
english_Body,English,Megan Thee Stallion,0.41,0.77,Hip-Hop,Hip-Hop
english_Thot_Shit,English,Megan Thee Stallion,0.82,0.9,Hip-Hop,Hip-Hop
english_ATLiens,English,OutKast,0.58,0.74,Hip-Hop,Hip-Hop
english_Make_Em_Say_Uhh!,English,Master P,0.74,0.86,Hip-Hop,Hip-Hop
english_Get_Your_Roll_On,English,Big Tymers,0.79,0.8,Hip-Hop,Hip-Hop
english_What_Happened_to_That_Boy,English,Birdman,0.7,0.84,Hip-Hop,Hip-Hop
english_Teach_Me_How_to_Dougie,English,Cali Swag District,0.88,0.86,Hip-Hop,Hip-Hop
english_Go_DJ,English,Lil Wayne,0.72,0.86,Hip-Hop,Hip-Hop
english_Fireman,English,Lil Wayne,0.6,0.76,Hip-Hop,Hip-Hop
english_Every_Girl,English,Young Money,0.75,0.84,Hip-Hop,Hip-Hop
english_O_Let's_Do_It,English,Waka Flocka Flame,0.93,0.8,Hip-Hop,Hip-Hop
english_Me_Myself_and_I,English,De La Soul,0.75,0.43,Hip-Hop,Hip-Hop
english_Buddy,English,De La Soul,0.18,0.37,Hip-Hop,Hip-Hop
english_Miss_Me,English,Drake,0.75,0.45,Hip-Hop,Hip-Hop
english_Sunday_Service,English,Latto,0.84,0.86,Hip-Hop,Hip-Hop
english_U_Don't_Know,English,Jay-Z,0.54,0.59,Hip-Hop,Hip-Hop
english_Public_Service_Announcement,English,Jay-Z,0.72,0.84,Hip-Hop,Hip-Hop
english_Bonita_Applebum,English,A Tribe Called Quest,0.86,0.69,Hip-Hop,Hip-Hop
english_Breakadawn,English,De La Soul,0.85,0.72,Hip-Hop,Hip-Hop
english_HeadBand,English,B.o.B,0.76,0.48,Hip-Hop,Hip-Hop
english_We_Still_in_This_Bitch,English,B.o.B,0.71,0.85,Hip-Hop,Hip-Hop
english_Worst_Behavior,English,Drake,0.85,0.66,Hip-Hop,Hip-Hop
english_Successful,English,Drake,0.74,0.66,Hip-Hop,Hip-Hop
english_Make_Me_Proud,English,Drake,0.82,0.77,Hip-Hop,Hip-Hop
english_Act_Up,English,City Girls,0.82,0.87,Hip-Hop,Hip-Hop
english_Lottery,English,Latto,0.9,0.76,Hip-Hop,Hip-Hop
english_Cash_Shit,English,Megan Thee Stallion,0.8,0.87,Hip-Hop,Hip-Hop
english_Plan_B,English,Megan Thee Stallion,0.68,0.85,Hip-Hop,Hip-Hop
english_Her,English,Megan Thee Stallion,0.81,0.52,Hip-Hop,Hip-Hop
english_Super_Bass,English,Nicki Minaj,0.92,0.9,Hip-Hop,Hip-Hop
english_Beez_in_the_Trap,English,Nicki Minaj,0.72,0.84,Hip-Hop,Hip-Hop
english_Fly,English,Nicki Minaj,0.71,0.75,Hip-Hop,Hip-Hop
english_Only,English,Nicki Minaj,0.75,0.81,Hip-Hop,Hip-Hop
english_Anaconda,English,Nicki Minaj,0.48,0.66,Hip-Hop,Hip-Hop
english_Chun-Li,English,Nicki Minaj,0.78,0.88,Hip-Hop,Hip-Hop
english_MEGATRON,English,Nicki Minaj,0.45,0.61,Hip-Hop,Hip-Hop
english_Yikes,English,Nicki Minaj,0.51,0.68,Hip-Hop,Hip-Hop
english_Gummo,English,6ix9ine,0.63,0.64,Hip-Hop,Hip-Hop
english_Gooba,English,6ix9ine,0.78,0.94,Hip-Hop,Hip-Hop
english_Trollz,English,6ix9ine,0.59,0.73,Hip-Hop,Hip-Hop
english_Bad_Boy_for_Life,English,Diddy,0.82,0.84,Hip-Hop,Hip-Hop
english_I_Need_a_Girl_(Part_One),English,Diddy,0.45,0.35,Hip-Hop,Hip-Hop
english_I_Need_a_Girl_(Part_Two),English,Diddy,0.45,0.35,Hip-Hop,Hip-Hop
english_Victory,English,Diddy,0.6,0.73,Hip-Hop,Hip-Hop
english_Been_Around_the_World,English,Diddy,0.67,0.49,Hip-Hop,Hip-Hop
english_All_About_the_Benjamins,English,Diddy,0.8,0.86,Hip-Hop,Hip-Hop
english_Mo_Money_Mo_Problems,English,The Notorious B.I.G.,0.88,0.82,Hip-Hop,Hip-Hop
english_Hypnotize,English,The Notorious B.I.G.,0.51,0.64,Hip-Hop,Hip-Hop
english_One_More_Chance,English,The Notorious B.I.G.,0.49,0.51,Hip-Hop,Hip-Hop
english_Get_Money,English,Junior M.A.F.I.A.,0.47,0.78,Hip-Hop,Hip-Hop
english_Flava_in_Ya_Ear_Remix,English,Craig Mack,0.81,0.83,Hip-Hop,Hip-Hop
english_Ride_wit_Me,English,Nelly,0.69,0.61,Hip-Hop,Hip-Hop
english_Hot_in_Herre,English,Nelly,0.89,0.72,Hip-Hop,Hip-Hop
english_Air_Force_Ones,English,Nelly,0.82,0.85,Hip-Hop,Hip-Hop
english_Grillz,English,Nelly,0.8,0.83,Hip-Hop,Hip-Hop
english_Shake_Ya_Tailfeather,English,Nelly,0.89,0.9,Hip-Hop,Hip-Hop
english_EI,English,Nelly,0.87,0.81,Hip-Hop,Hip-Hop
english_Just_a_Dream,English,Nelly,0.4,0.6,Hip-Hop,Hip-Hop
english_Work_It,English,Missy Elliott,0.58,0.6,Hip-Hop,Hip-Hop
english_Get_Ur_Freak_On,English,Missy Elliott,0.86,0.89,Hip-Hop,Hip-Hop
english_Lose_Control,English,Missy Elliott,0.34,0.74,Hip-Hop,Hip-Hop
english_The_Rain_(Supa_Dupa_Fly),English,Missy Elliott,0.84,0.78,Hip-Hop,Hip-Hop
english_One_Minute_Man,English,Missy Elliott,0.82,0.83,Hip-Hop,Hip-Hop
english_Sock_It_2_Me,English,Missy Elliott,0.83,0.86,Hip-Hop,Hip-Hop
english_WTF_(Where_They_From),English,Missy Elliott,0.87,0.91,Hip-Hop,Hip-Hop
english_Gossip_Folks,English,Missy Elliott,0.9,0.86,Hip-Hop,Hip-Hop
english_Moment_4_Life,English,Nicki Minaj,0.78,0.57,Hip-Hop,Hip-Hop
english_Right_Thru_Me,English,Nicki Minaj,0.74,0.7,Hip-Hop,Hip-Hop
english_Did_It_On'em,English,Nicki Minaj,0.89,0.84,Hip-Hop,Hip-Hop
english_Truffle_Butter,English,Nicki Minaj,0.79,0.83,Hip-Hop,Hip-Hop
english_Pills_N_Potions,English,Nicki Minaj,0.67,0.65,Hip-Hop,Hip-Hop
english_Barbie_Dreams,English,Nicki Minaj,0.73,0.82,Hip-Hop,Hip-Hop
english_Red_Ruby_Da_Sleeze,English,Nicki Minaj,0.8,0.86,Hip-Hop,Hip-Hop
english_Rake_It_Up,English,Yo Gotti,0.38,0.29,Hip-Hop,Hip-Hop
english_Down_in_the_DM,English,Yo Gotti,0.79,0.83,Hip-Hop,Hip-Hop
english_Act_Right,English,Yo Gotti,0.76,0.84,Hip-Hop,Hip-Hop
english_Put_a_Date_On_It,English,Yo Gotti,0.82,0.86,Hip-Hop,Hip-Hop
english_Fefe,English,6ix9ine,0.85,0.91,Hip-Hop,Hip-Hop
english_Kooda,English,6ix9ine,0.62,0.41,Hip-Hop,Hip-Hop
english_Billy,English,6ix9ine,0.63,0.64,Hip-Hop,Hip-Hop
english_Tati,English,6ix9ine,0.59,0.65,Hip-Hop,Hip-Hop
english_Stoopid,English,6ix9ine,0.68,0.92,Hip-Hop,Hip-Hop
english_Zaza,English,6ix9ine,0.75,0.88,Hip-Hop,Hip-Hop
english_Punani,English,6ix9ine,0.71,0.86,Hip-Hop,Hip-Hop
english_Can't_You_See,English,Total,0.51,0.46,Hip-Hop,Hip-Hop
english_Player's_Anthem,English,Junior M.A.F.I.A.,0.77,0.8,Hip-Hop,Hip-Hop
english_Kick_in_the_Door,English,The Notorious B.I.G.,0.63,0.9,Hip-Hop,Hip-Hop
english_Tip_Drill,English,Nelly,0.74,0.86,Hip-Hop,Hip-Hop
english_Pimp_Juice,English,Nelly,0.7,0.79,Hip-Hop,Hip-Hop
english_Pass_That_Dutch,English,Missy Elliott,0.76,0.66,Hip-Hop,Hip-Hop
english_I'm_Really_Hot,English,Missy Elliott,0.86,0.89,Hip-Hop,Hip-Hop
english_Hot_Boyz,English,Missy Elliott,0.85,0.88,Hip-Hop,Hip-Hop
english_We_Run_This,English,Missy Elliott,0.89,0.9,Hip-Hop,Hip-Hop
english_Ching-A-Ling,English,Missy Elliott,0.74,0.62,Hip-Hop,Hip-Hop
english_Pep_Rally,English,Missy Elliott,0.86,0.88,Hip-Hop,Hip-Hop
english_All_N_My_Grill,English,Missy Elliott,0.47,0.52,Hip-Hop,Hip-Hop
english_She's_a_Bitch,English,Missy Elliott,0.74,0.84,Hip-Hop,Hip-Hop
english_Beep_Me_911,English,Missy Elliott,0.78,0.76,Hip-Hop,Hip-Hop
english_Take_Away,English,Missy Elliott,0.57,0.63,Hip-Hop,Hip-Hop
english_Alright_Now,English,Freeway,0.66,0.88,Hip-Hop,Hip-Hop
english_What_We_Do,English,Freeway,0.85,0.63,Hip-Hop,Hip-Hop
english_Roc_the_Mic,English,Freeway,0.68,0.91,Hip-Hop,Hip-Hop
english_Flashing_Lights,English,Kanye West,0.52,0.69,Hip-Hop,Hip-Hop
english_Good_Morning,English,Kanye West,0.68,0.46,Hip-Hop,Hip-Hop
english_Homecoming,English,Kanye West,0.67,0.8,Hip-Hop,Hip-Hop
english_Champion,English,Kanye West,0.36,0.81,Hip-Hop,Hip-Hop
english_Spaceship,English,Kanye West,0.78,0.69,Hip-Hop,Hip-Hop
english_Jesus_Walks,English,Kanye West,0.6,0.86,Hip-Hop,Hip-Hop
english_Diamonds_from_Sierra_Leone,English,Kanye West,0.87,0.86,Hip-Hop,Hip-Hop
english_Drive_Slow,English,Kanye West,0.81,0.66,Hip-Hop,Hip-Hop
english_Touch_the_Sky_Remix,English,Kanye West,0.88,0.9,Hip-Hop,Hip-Hop
english_Crack_Music,English,Kanye West,0.5,0.89,Hip-Hop,Hip-Hop
english_We_Major,English,Kanye West,0.95,0.77,Hip-Hop,Hip-Hop
english_Late,English,Kanye West,0.78,0.45,Hip-Hop,Hip-Hop
english_Bring_the_Pain,English,Method Man,0.92,0.82,Hip-Hop,Hip-Hop
english_Da_Rockwilder,English,Method Man,0.64,0.94,Hip-Hop,Hip-Hop
english_Ice_Cream,English,Raekwon,0.74,0.71,Hip-Hop,Hip-Hop
english_Incarcerated_Scarfaces,English,Raekwon,0.48,0.88,Hip-Hop,Hip-Hop
english_Verbal_Intercourse,English,Raekwon,0.78,0.96,Hip-Hop,Hip-Hop
english_Heaven_&_Hell,English,Raekwon,0.61,0.54,Hip-Hop,Hip-Hop
english_Daytona_500,English,Ghostface Killah,0.55,0.91,Hip-Hop,Hip-Hop
english_Apollo_Kids,English,Ghostface Killah,0.68,0.89,Hip-Hop,Hip-Hop
english_Cherchez_LaGhost,English,Ghostface Killah,0.78,0.77,Hip-Hop,Hip-Hop
english_Above_the_Clouds,English,Gang Starr,0.78,0.52,Hip-Hop,Hip-Hop
english_Full_Clip,English,Gang Starr,0.66,0.87,Hip-Hop,Hip-Hop
english_DWYCK,English,Gang Starr,0.72,0.82,Hip-Hop,Hip-Hop
english_Above_the_Rim,English,2Pac,0.6,0.86,Hip-Hop,Hip-Hop
english_I_Get_Around,English,2Pac,0.88,0.82,Hip-Hop,Hip-Hop
english_Hail_Mary,English,2Pac,0.82,0.74,Hip-Hop,Hip-Hop
english_Keep_Ya_Head_Up,English,2Pac,0.78,0.57,Hip-Hop,Hip-Hop
english_So_Many_Tears,English,2Pac,0.7,0.52,Hip-Hop,Hip-Hop
english_Picture_Me_Rollin',English,2Pac,0.66,0.84,Hip-Hop,Hip-Hop
english_Life_Goes_On,English,2Pac,0.51,0.64,Hip-Hop,Hip-Hop
english_Brenda's_Got_a_Baby,English,2Pac,0.44,0.47,Hip-Hop,Hip-Hop
english_Temptations,English,2Pac,0.3,0.85,Hip-Hop,Hip-Hop
english_How_Do_U_Want_It,English,2Pac,0.86,0.86,Hip-Hop,Hip-Hop
english_Me_Against_the_World,English,2Pac,0.37,0.46,Hip-Hop,Hip-Hop
english_Ambitionz_Remix,English,2Pac,0.52,0.91,Hip-Hop,Hip-Hop
english_I_Ain't_Mad_at_Cha,English,2Pac,0.78,0.69,Hip-Hop,Hip-Hop
english_Pour_Out_a_Little_Liquor,English,2Pac,0.58,0.8,Hip-Hop,Hip-Hop
english_Heartz_of_Men,English,2Pac,0.46,0.88,Hip-Hop,Hip-Hop
english_Troublesome_'96,English,2Pac,0.5,0.92,Hip-Hop,Hip-Hop
english_Can't_C_Me,English,2Pac,0.64,0.88,Hip-Hop,Hip-Hop
english_Skandalouz,English,2Pac,0.72,0.8,Hip-Hop,Hip-Hop
english_Shorty_Wanna_Ride,English,Young Buck,0.7,0.86,Hip-Hop,Hip-Hop
english_Let_Me_In,English,Young Buck,0.91,0.71,Hip-Hop,Hip-Hop
english_Stunt_101,English,G-Unit,0.84,0.89,Hip-Hop,Hip-Hop
english_Wanna_Get_to_Know_You,English,G-Unit,0.82,0.75,Hip-Hop,Hip-Hop
english_Smile,English,G-Unit,0.45,0.64,Hip-Hop,Hip-Hop
english_Poppin_Them_Thangs,English,G-Unit,0.78,0.88,Hip-Hop,Hip-Hop
english_Outta_Control,English,50 Cent,0.57,0.58,Hip-Hop,Hip-Hop
english_Just_a_Lil_Bit,English,50 Cent,0.8,0.61,Hip-Hop,Hip-Hop
english_Window_Shopper,English,50 Cent,0.86,0.76,Hip-Hop,Hip-Hop
english_Westside_Story,English,The Game,0.72,0.9,Hip-Hop,Hip-Hop
english_Put_You_on_the_Game,English,The Game,0.57,0.65,Hip-Hop,Hip-Hop
english_Wouldn't_Get_Far,English,The Game,0.78,0.83,Hip-Hop,Hip-Hop
english_Let's_Ride,English,The Game,0.82,0.84,Hip-Hop,Hip-Hop
english_Church_for_Thugs,English,The Game,0.58,0.82,Hip-Hop,Hip-Hop
english_One_Blood,English,The Game,0.39,0.55,Hip-Hop,Hip-Hop
english_Ali_Bomaye,English,The Game,0.52,0.94,Hip-Hop,Hip-Hop
english_Red_Nation,English,The Game,0.66,0.93,Hip-Hop,Hip-Hop
english_El_Chapo,English,The Game,0.62,0.9,Hip-Hop,Hip-Hop
english_Hate_It_or_Love_It_Remix,English,The Game,0.82,0.79,Hip-Hop,Hip-Hop
english_Don't_Start_Now,English,Dua Lipa,0.91,0.85,Pop,Pop
english_Intentions,English,Justin Bieber,0.89,0.75,Pop,Pop
english_Blank_Space,English,Taylor Swift,0.5,0.46,Pop,Pop
english_Wildest_Dreams,English,Taylor Swift,0.81,0.64,Pop,Pop
english_Delicate,English,Taylor Swift,0.8,0.49,Pop,Pop
english_Call_Me_Maybe,English,Carly Rae Jepsen,0.96,0.84,Pop,Pop
english_Cut_to_the_Feeling,English,Carly Rae Jepsen,0.94,0.88,Pop,Pop
english_Since_U_Been_Gone,English,Kelly Clarkson,0.45,0.78,Pop,Pop
english_Unconditionally,English,Katy Perry,0.68,0.72,Pop,Pop
english_Wide_Awake,English,Katy Perry,0.62,0.58,Pop,Pop
english_Lucky,English,Britney Spears,0.71,0.74,Pop,Pop
english_Circus,English,Britney Spears,0.43,0.62,Pop,Pop
english_Womanizer,English,Britney Spears,0.89,0.83,Pop,Pop
english_Hollaback_Girl,English,Gwen Stefani,0.89,0.9,Pop,Pop
english_The_Sweet_Escape,English,Gwen Stefani,0.94,0.77,Pop,Pop
english_Rich_Girl,English,Gwen Stefani,0.88,0.79,Pop,Pop
english_Cool,English,Gwen Stefani,0.8,0.66,Pop,Pop
english_What_You_Waiting_For,English,Gwen Stefani,0.53,0.51,Pop,Pop
english_A_Thousand_Miles,English,Vanessa Carlton,0.75,0.58,Pop,Pop
english_Ordinary_Day,English,Vanessa Carlton,0.96,0.75,Pop,Pop
english_White_Houses,English,Vanessa Carlton,0.66,0.55,Pop,Pop
english_Brave,English,Sara Bareilles,0.87,0.7,Pop,Pop
english_Domino,English,Jessie J,0.91,0.81,Pop,Pop
english_Price_Tag,English,Jessie J,0.47,0.78,Pop,Pop
english_Bang_Bang,English,Jessie J,0.49,0.91,Pop,Pop
english_Flashlight,English,Jessie J,0.82,0.41,Pop,Pop
english_Nobody's_Perfect,English,Jessie J,0.82,0.78,Pop,Pop
english_Skyscraper,English,Demi Lovato,0.33,0.27,Pop,Pop
english_Heart_Attack,English,Demi Lovato,0.28,0.61,Pop,Pop
english_Give_Your_Heart_a_Break,English,Demi Lovato,0.9,0.82,Pop,Pop
english_Cool_for_the_Summer,English,Demi Lovato,0.78,0.76,Pop,Pop
english_Sorry_Not_Sorry,English,Demi Lovato,0.42,0.34,Pop,Pop
english_Never_Be_the_Same,English,Camila Cabello,0.83,0.68,Pop,Pop
english_Liar,English,Camila Cabello,0.43,0.75,Pop,Pop
english_Bam_Bam,English,Camila Cabello,0.92,0.73,Pop,Pop
english_Don't_Go_Yet,English,Camila Cabello,0.47,0.79,Pop,Pop
english_Mirrors,English,Justin Timberlake,0.76,0.72,Pop,Pop
english_SexyBack,English,Justin Timberlake,0.88,0.89,Pop,Pop
english_Genie_in_a_Bottle,English,Christina Aguilera,0.89,0.8,Pop,Pop
english_Fighter,English,Christina Aguilera,0.69,0.66,Pop,Pop
english_Ain't_No_Other_Man,English,Christina Aguilera,0.9,0.87,Pop,Pop
english_Candyman,English,Christina Aguilera,0.57,0.7,Pop,Pop
english_Sk8er_Boi,English,Avril Lavigne,0.8,0.72,Pop,Pop
english_I'm_With_You,English,Avril Lavigne,0.61,0.55,Pop,Pop
english_Girlfriend,English,Avril Lavigne,0.47,0.78,Pop,Pop
english_What_the_Hell,English,Avril Lavigne,0.89,0.88,Pop,Pop
english_Rude_Boy,English,Rihanna,0.89,0.89,Pop,Pop
english_It's_All_Coming_Back_to_Me_Now,English,Celine Dion,0.84,0.68,Pop,Pop
english_I'm_Alive,English,Celine Dion,0.92,0.76,Pop,Pop
english_That's_the_Way_It_Is,English,Celine Dion,0.72,0.75,Pop,Pop
english_Hero,English,Mariah Carey,0.5,0.68,Pop,Pop
english_Fantasy,English,Mariah Carey,0.61,0.46,Pop,Pop
english_Always_Be_My_Baby,English,Mariah Carey,0.94,0.8,Pop,Pop
english_Touch_My_Body,English,Mariah Carey,0.88,0.79,Pop,Pop
english_Vision_of_Love,English,Mariah Carey,0.83,0.73,Pop,Pop
english_Emotions,English,Mariah Carey,0.76,0.72,Pop,Pop
english_Obsessed,English,Mariah Carey,0.84,0.87,Pop,Pop
english_Honey,English,Mariah Carey,0.59,0.63,Pop,Pop
english_I_Still_Haven't_Found_What_I'm_Looking_For,English,U2,0.57,0.64,Pop,Pop
english_Stuck_in_a_Moment_You_Can't_Get_Out_Of,English,U2,0.55,0.49,Pop,Pop
english_Sweetest_Thing,English,U2,0.86,0.56,Pop,Pop
english_Adventure_of_a_Lifetime,English,Coldplay,0.91,0.74,Pop,Pop
english_Speed_of_Sound,English,Coldplay,0.77,0.53,Pop,Pop
english_Magic,English,Coldplay,0.52,0.42,Pop,Pop
english_Take_Me_Home_Tonight,English,Eddie Money,0.9,0.8,Pop,Pop
english_Everywhere,English,Fleetwood Mac,0.32,0.36,Pop,Pop
english_Hold_Me_Now,English,Thompson Twins,0.82,0.58,Pop,Pop
english_Don't_Dream_It's_Over,English,Crowded House,0.73,0.61,Pop,Pop
english_Walking_on_Sunshine,English,Katrina and the Waves,0.98,0.82,Pop,Pop
english_Kiss_Me,English,Sixpence None the Richer,0.91,0.67,Pop,Pop
english_Torn,English,Natalie Imbruglia,0.73,0.79,Pop,Pop
english_Bubbly,English,Colbie Caillat,0.88,0.62,Pop,Pop
english_Realize,English,Colbie Caillat,0.44,0.59,Pop,Pop
english_I'm_Yours,English,Jason Mraz,0.87,0.66,Pop,Pop
english_I_Won't_Give_Up,English,Jason Mraz,0.86,0.78,Pop,Pop
english_Count_on_Me,English,Bruno Mars,0.85,0.61,Pop,Pop
english_This_Love,English,Maroon 5,0.71,0.43,Pop,Pop
english_Girls_Like_You,English,Maroon 5,0.83,0.54,Pop,Pop
english_One_More_Night,English,Maroon 5,0.79,0.54,Pop,Pop
english_Stitches,English,Shawn Mendes,0.77,0.52,Pop,Pop
english_Treat_You_Better,English,Shawn Mendes,0.88,0.78,Pop,Pop
english_There's_Nothing_Holdin'_Me_Back,English,Shawn Mendes,0.94,0.9,Pop,Pop
english_If_I_Can't_Have_You,English,Shawn Mendes,0.76,0.64,Pop,Pop
english_Attention,English,Charlie Puth,0.59,0.73,Pop,Pop
english_We_Don't_Talk_Anymore,English,Charlie Puth,0.86,0.74,Pop,Pop
english_How_Long,English,Charlie Puth,0.62,0.43,Pop,Pop
english_One_Call_Away,English,Charlie Puth,0.92,0.7,Pop,Pop
english_Left_and_Right,English,Charlie Puth,0.94,0.84,Pop,Pop
english_Attention_to_Me,English,Zara Larsson,0.88,0.82,Pop,Pop
english_Never_Forget_You,English,Zara Larsson,0.58,0.48,Pop,Pop
english_Ruin_My_Life,English,Zara Larsson,0.38,0.69,Pop,Pop
english_Symphony,English,Zara Larsson,0.89,0.8,Pop,Pop
english_Bad_at_Love,English,Halsey,0.61,0.7,Pop,Pop
english_Graveyard,English,Halsey,0.15,0.21,Pop,Pop
english_Now_or_Never,English,Halsey,0.57,0.69,Pop,Pop
english_Colors,English,Halsey,0.74,0.63,Pop,Pop
english_Back_to_You,English,Selena Gomez,0.69,0.61,Pop,Pop
english_Same_Old_Love,English,Selena Gomez,0.91,0.83,Pop,Pop
english_Hands_to_Myself,English,Selena Gomez,0.88,0.92,Pop,Pop
english_Lose_You_to_Love_Me,English,Selena Gomez,0.58,0.66,Pop,Pop
english_Look_at_Her_Now,English,Selena Gomez,0.74,0.69,Pop,Pop
english_Only_Human,English,Jonas Brothers,0.99,0.85,Pop,Pop
english_Sucker,English,Jonas Brothers,0.94,0.88,Pop,Pop
english_What_a_Man_Gotta_Do,English,Jonas Brothers,0.93,0.87,Pop,Pop
english_Waffle_House,English,Jonas Brothers,0.92,0.73,Pop,Pop
english_Castle_on_the_Hill,English,Ed Sheeran,0.94,0.86,Pop,Pop
english_Galway_Girl,English,Ed Sheeran,0.85,0.66,Pop,Pop
english_Need_to_Know,English,Doja Cat,0.74,0.53,Pop,Pop
english_Paint_the_Town_Red,English,Doja Cat,0.9,0.89,Pop,Pop
english_Greedy,English,Tate McRae,0.67,0.67,Pop,Pop
english_You_Broke_Me_First,English,Tate McRae,0.74,0.64,Pop,Pop
english_She's_All_I_Wanna_Be,English,Tate McRae,0.88,0.86,Pop,Pop
english_Exes,English,Tate McRae,0.84,0.8,Pop,Pop
english_Run_for_the_Hills,English,Tate McRae,0.9,0.88,Pop,Pop
english_Overpass_Graffiti,English,Ed Sheeran,0.88,0.84,Pop,Pop
english_Eyes_Closed,English,Ed Sheeran,0.7,0.49,Pop,Pop
english_Afterglow,English,Ed Sheeran,0.37,0.46,Pop,Pop
english_Good_as_Hell,English,Lizzo,0.97,0.9,Pop,Pop
english_Juice,English,Lizzo,0.32,0.36,Pop,Pop
english_Special,English,Lizzo,0.81,0.63,Pop,Pop
english_2_Be_Loved,English,Lizzo,0.95,0.88,Pop,Pop
english_Greedy_Love,English,Zara Larsson,0.88,0.82,Pop,Pop
english_Look_What_You've_Done,English,Zara Larsson,0.81,0.63,Pop,Pop
english_Poster_Girl,English,Zara Larsson,0.78,0.64,Pop,Pop
english_All_the_Time,English,Zara Larsson,0.39,0.6,Pop,Pop
english_I_Would_Like,English,Zara Larsson,0.72,0.69,Pop,Pop
english_Starboy,English,The Weeknd,0.86,0.84,Pop,Pop
english_I_Feel_It_Coming,English,The Weeknd,0.92,0.76,Pop,Pop
english_Out_of_Time,English,The Weeknd,0.7,0.28,Pop,Pop
english_Into_You,English,Ariana Grande,0.72,0.68,Pop,Pop
english_Dangerous_Woman,English,Ariana Grande,0.85,0.86,Pop,Pop
english_Break_Free,English,Ariana Grande,0.96,0.92,Pop,Pop
english_Call_Your_Girlfriend,English,Robyn,0.9,0.84,Pop,Pop
english_Be_Mine!,English,Robyn,0.76,0.44,Pop,Pop
english_Deja_Vu,English,Olivia Rodrigo,0.79,0.82,Pop,Pop
english_Traitor,English,Olivia Rodrigo,0.87,0.81,Pop,Pop
english_Good_Time,English,Owl City,0.47,0.78,Pop,Pop
english_Fireflies,English,Owl City,0.77,0.72,Pop,Pop
english_When_Can_I_See_You_Again,English,Owl City,0.77,0.58,Pop,Pop
english_Vanilla_Twilight,English,Owl City,0.84,0.66,Pop,Pop
english_Umbrella_Beach,English,Owl City,0.91,0.71,Pop,Pop
english_Time_to_Pretend,English,MGMT,0.88,0.84,Pop,Pop
english_Little_Dark_Age,English,MGMT,0.72,0.8,Pop,Pop
english_Me_and_Michael,English,MGMT,0.6,0.58,Pop,Pop
english_One_Foot,English,Walk the Moon,0.93,0.72,Pop,Pop
english_Tightrope,English,Walk the Moon,0.6,0.76,Pop,Pop
english_Anna_Sun,English,Walk the Moon,0.92,0.74,Pop,Pop
english_Different_Colors,English,Walk the Moon,0.93,0.87,Pop,Pop
english_Good_Grief,English,Bastille,0.88,0.84,Pop,Pop
english_Things_We_Lost_in_the_Fire,English,Bastille,0.8,0.72,Pop,Pop
english_Flaws,English,Bastille,0.77,0.58,Pop,Pop
english_Apologize,English,OneRepublic,0.53,0.58,Pop,Pop
english_Secrets,English,OneRepublic,0.51,0.57,Pop,Pop
english_Kangaroo_Court,English,Capital Cities,0.9,0.84,Pop,Pop
english_One_Minute_More,English,Capital Cities,0.62,0.46,Pop,Pop
english_Farrah_Fawcett_Hair,English,Capital Cities,0.88,0.82,Pop,Pop
english_Vowels,English,Capital Cities,0.86,0.8,Pop,Pop
english_Ways_to_Go,English,Grouplove,0.99,0.87,Pop,Pop
english_Itchin'_on_a_Photograph,English,Grouplove,0.73,0.55,Pop,Pop
english_Colours,English,Grouplove,0.66,0.46,Pop,Pop
english_On_Top_of_the_World,English,Imagine Dragons,0.94,0.79,Pop,Pop
english_It's_Time,English,Imagine Dragons,0.7,0.51,Pop,Pop
english_Whatever_It_Takes,English,Imagine Dragons,0.55,0.66,Pop,Pop
english_Follow_You,English,Imagine Dragons,0.64,0.44,Pop,Pop
english_Bones,English,Imagine Dragons,0.81,0.63,Pop,Pop
english_Best_Day_of_My_Life,English,American Authors,0.94,0.77,Pop,Pop
english_Go_Big_or_Go_Home,English,American Authors,0.95,0.91,Pop,Pop
english_Pride,English,American Authors,0.5,0.54,Pop,Pop
english_Luck,English,American Authors,0.71,0.74,Pop,Pop
english_Coming_Home,English,Sheppard,0.67,0.51,Pop,Pop
english_Learning_to_Fly,English,Sheppard,0.3,0.22,Pop,Pop
english_Let_Me_Down_Easy,English,Sheppard,0.68,0.64,Pop,Pop
english_Die_Young,English,Sheppard,0.41,0.77,Pop,Pop
english_Sleep_on_the_Floor,English,The Lumineers,0.9,0.8,Pop,Pop
english_Angela,English,The Lumineers,0.65,0.72,Pop,Pop
english_A_Moment_Like_This,English,Kelly Clarkson,0.92,0.74,Pop,Pop
english_Breakaway,English,Kelly Clarkson,0.94,0.8,Pop,Pop
english_Behind_These_Hazel_Eyes,English,Kelly Clarkson,0.86,0.82,Pop,Pop
english_Walk_Away,English,Kelly Clarkson,0.47,0.78,Pop,Pop
english_Domino_Effect,English,Jessie J,0.9,0.86,Pop,Pop
english_LaserLight,English,Jessie J,0.94,0.9,Pop,Pop
english_Thunder,English,Jessie J,0.88,0.84,Pop,Pop
english_Think_About_That,English,Jessie J,0.75,0.91,Pop,Pop
english_Queen,English,Jessie J,0.51,0.45,Pop,Pop
"english_Sit_Still,_Look_Pretty",English,Daya,0.94,0.86,Pop,Pop
english_Hide_Away,English,Daya,0.87,0.77,Pop,Pop
english_Don't_Let_Me_Down,English,Daya,0.53,0.54,Pop,Pop
english_Words,English,Daya,0.56,0.75,Pop,Pop
english_Insomnia,English,Daya,0.32,0.49,Pop,Pop
english_So_Am_I,English,Ava Max,0.6,0.56,Pop,Pop
english_My_Head_&_My_Heart,English,Ava Max,0.93,0.89,Pop,Pop
english_Maybe_You're_the_Problem,English,Ava Max,0.88,0.87,Pop,Pop
english_Love_Myself,English,Hailee Steinfeld,0.85,0.79,Pop,Pop
english_Most_Girls,English,Hailee Steinfeld,0.71,0.58,Pop,Pop
english_Starving,English,Hailee Steinfeld,0.36,0.37,Pop,Pop
english_Let_Me_Go,English,Hailee Steinfeld,0.35,0.74,Pop,Pop
english_Wrong_Direction,English,Hailee Steinfeld,0.74,0.66,Pop,Pop
english_IDGAF,English,Dua Lipa,0.92,0.9,Pop,Pop
english_Be_the_One,English,Dua Lipa,0.43,0.66,Pop,Pop
english_Hotter_Than_Hell,English,Dua Lipa,0.62,0.71,Pop,Pop
english_New_Rules,English,Dua Lipa,0.92,0.88,Pop,Pop
english_Break_My_Heart,English,Dua Lipa,0.54,0.56,Pop,Pop
english_Hallucinate,English,Dua Lipa,0.97,0.8,Pop,Pop
english_Levitating_(Remix),English,Dua Lipa,0.96,0.92,Pop,Pop
english_We're_Good,English,Dua Lipa,0.86,0.74,Pop,Pop
english_Into_the_Unknown,English,Idina Menzel,0.9,0.82,Pop,Pop
english_Show_Yourself,English,Idina Menzel,0.92,0.84,Pop,Pop
english_Defying_Gravity,English,Idina Menzel,0.49,0.81,Pop,Pop
english_For_the_First_Time_in_Forever,English,Idina Menzel,0.96,0.86,Pop,Pop
english_Dark_Side,English,Kelly Clarkson,0.82,0.76,Pop,Pop
english_Invincible,English,Kelly Clarkson,0.73,0.62,Pop,Pop
english_Piece_by_Piece,English,Kelly Clarkson,0.78,0.64,Pop,Pop
english_No,English,Meghan Trainor,0.74,0.83,Pop,Pop
english_All_About_That_Bass,English,Meghan Trainor,0.98,0.9,Pop,Pop
english_Dear_Future_Husband,English,Meghan Trainor,0.95,0.84,Pop,Pop
english_Lips_Are_Movin,English,Meghan Trainor,0.99,0.86,Pop,Pop
english_Heartbeat,English,Enrique Iglesias,0.43,0.64,Pop,Pop
english_Escape,English,Enrique Iglesias,0.4,0.75,Pop,Pop
english_Tonight_(I'm_Lovin'_You),English,Enrique Iglesias,0.95,0.9,Pop,Pop
english_Bailamos,English,Enrique Iglesias,0.76,0.96,Pop,Pop
english_Burn,English,Ellie Goulding,0.38,0.79,Pop,Pop
english_Lights,English,Ellie Goulding,0.59,0.55,Pop,Pop
english_Anything_Could_Happen,English,Ellie Goulding,0.85,0.68,Pop,Pop
english_Army,English,Ellie Goulding,0.36,0.81,Pop,Pop
english_On_My_Mind,English,Ellie Goulding,0.48,0.68,Pop,Pop
english_Still_Falling_for_You,English,Ellie Goulding,0.92,0.8,Pop,Pop
english_Something_in_the_Way_You_Move,English,Ellie Goulding,0.94,0.88,Pop,Pop
english_Close_to_Me,English,Ellie Goulding,0.19,0.23,Pop,Pop
english_Easy_Lover,English,Ellie Goulding,0.73,0.41,Pop,Pop
english_Teenage_Dirtbag,English,Wheatus,0.92,0.74,Pop,Pop
english_A_Thousand_Miles_Away,English,Hoodie Allen,0.9,0.82,Pop,Pop
english_No_Interruption,English,Hoodie Allen,0.87,0.87,Pop,Pop
english_Act_My_Age,English,Hoodie Allen,0.94,0.9,Pop,Pop
english_The_Chase_Is_On,English,Hoodie Allen,0.88,0.84,Pop,Pop
english_This_Is_What_It_Feels_Like,English,Armin van Buuren,0.63,0.58,Pop,Pop
english_Not_Giving_Up_on_Love,English,Armin van Buuren,0.53,0.58,Pop,Pop
english_Another_You,English,Armin van Buuren,0.9,0.86,Pop,Pop
english_Sunny_Days,English,Armin van Buuren,0.6,0.63,Pop,Pop
english_Heading_Up_High,English,Armin van Buuren,0.59,0.54,Pop,Pop
english_All_the_Small_Things,English,blink-182,0.95,0.9,Pop,Pop
english_First_Date,English,blink-182,0.94,0.88,Pop,Pop
english_What's_My_Age_Again,English,blink-182,0.92,0.86,Pop,Pop
english_I_Miss_You,English,blink-182,0.54,0.43,Pop,Pop
english_The_Rock_Show,English,blink-182,0.93,0.89,Pop,Pop
english_Stacy's_Mom,English,Fountains of Wayne,0.93,0.79,Pop,Pop
english_1985,English,Bowling for Soup,0.96,0.8,Pop,Pop
english_Girl_All_the_Bad_Guys_Want,English,Bowling for Soup,0.96,0.8,Pop,Pop
english_High_School_Never_Ends,English,Bowling for Soup,0.79,0.71,Pop,Pop
english_Punk_Rock_101,English,Bowling for Soup,0.91,0.87,Pop,Pop
english_Check_Yes_Juliet,English,We the Kings,0.95,0.76,Pop,Pop
english_Skyway_Avenue,English,We the Kings,0.9,0.84,Pop,Pop
english_Say_You_Like_Me,English,We the Kings,0.82,0.59,Pop,Pop
english_Secret_Valentine,English,We the Kings,0.92,0.76,Pop,Pop
english_Heaven_Can_Wait,English,We the Kings,0.94,0.75,Pop,Pop
english_Teenage_Dream_(Acoustic),English,Katy Perry,0.9,0.7,Pop,Pop
english_Never_Really_Over,English,Katy Perry,0.94,0.88,Pop,Pop
english_Daisies,English,Katy Perry,0.88,0.74,Pop,Pop
english_Electric,English,Katy Perry,0.57,0.5,Pop,Pop
english_Want_U_Back,English,Cher Lloyd,0.95,0.9,Pop,Pop
english_Swagger_Jagger,English,Cher Lloyd,0.93,0.88,Pop,Pop
english_With_Ur_Love,English,Cher Lloyd,0.47,0.47,Pop,Pop
english_Oath,English,Cher Lloyd,0.96,0.92,Pop,Pop
english_Sirens,English,Cher Lloyd,0.61,0.56,Pop,Pop
english_Live_While_We're_Young,English,One Direction,0.87,0.51,Pop,Pop
english_Night_Changes,English,One Direction,0.93,0.75,Pop,Pop
english_Story_of_My_Life,English,One Direction,0.88,0.7,Pop,Pop
english_Steal_My_Girl,English,One Direction,0.94,0.88,Pop,Pop
english_Best_Song_Ever,English,One Direction,0.97,0.91,Pop,Pop
english_Too_Sweet,English,Hozier,0.77,0.58,Pop,Pop
english_Almost_(Sweet_Music),English,Hozier,0.9,0.8,Pop,Pop
english_Movement,English,Hozier,0.89,0.74,Pop,Pop
english_Pompeii_(Acoustic),English,Bastille,0.86,0.68,Pop,Pop
english_Quarter_Past_Midnight,English,Bastille,0.92,0.88,Pop,Pop
english_Send_Them_Off!,English,Bastille,0.88,0.84,Pop,Pop
english_World_Gone_Mad,English,Bastille,0.81,0.69,Pop,Pop
english_Laura_Palmer,English,Bastille,0.82,0.78,Pop,Pop
english_Paris,English,The Chainsmokers,0.78,0.77,Pop,Pop
english_Roses,English,The Chainsmokers,0.34,0.55,Pop,Pop
english_All_We_Know,English,The Chainsmokers,0.86,0.78,Pop,Pop
english_Quiet_Storm,English,Mobb Deep,0.52,0.86,Hip-Hop,Hip-Hop
english_Hell_on_Earth,English,Mobb Deep,0.7,0.66,Hip-Hop,Hip-Hop
english_Temperature's_Rising,English,Mobb Deep,0.5,0.8,Hip-Hop,Hip-Hop
english_Definition,English,Black Star,0.65,0.48,Hip-Hop,Hip-Hop
english_Thieves_in_the_Night,English,Black Star,0.62,0.48,Hip-Hop,Hip-Hop
english_Brown_Skin_Lady,English,Black Star,0.72,0.76,Hip-Hop,Hip-Hop
english_ReDefinition,English,Black Star,0.65,0.48,Hip-Hop,Hip-Hop
english_Mathematics,English,Mos Def,0.6,0.88,Hip-Hop,Hip-Hop
english_Umi_Says,English,Mos Def,0.8,0.7,Hip-Hop,Hip-Hop
english_Auditorium,English,Mos Def,0.58,0.84,Hip-Hop,Hip-Hop
english_They_Reminisce_Over_You,English,Pete Rock & CL Smooth,0.78,0.82,Hip-Hop,Hip-Hop
english_Straighten_It_Out,English,Pete Rock & CL Smooth,0.74,0.8,Hip-Hop,Hip-Hop
english_Lots_of_Lovin,English,Pete Rock & CL Smooth,0.82,0.78,Hip-Hop,Hip-Hop
english_Take_You_There,English,Pete Rock & CL Smooth,0.8,0.53,Hip-Hop,Hip-Hop
english_All_Souled_Out,English,Pete Rock & CL Smooth,0.7,0.79,Hip-Hop,Hip-Hop
english_Runnin,English,The Pharcyde,0.37,0.65,Hip-Hop,Hip-Hop
english_Passin_Me_By,English,The Pharcyde,0.8,0.76,Hip-Hop,Hip-Hop
english_Drop,English,The Pharcyde,0.82,0.62,Hip-Hop,Hip-Hop
english_Otha_Fish,English,The Pharcyde,0.78,0.8,Hip-Hop,Hip-Hop
english_Ya_Mama,English,The Pharcyde,0.74,0.85,Hip-Hop,Hip-Hop
english_That's_When_Ya_Lost,English,Souls of Mischief,0.72,0.86,Hip-Hop,Hip-Hop
english_Never_No_More,English,Souls of Mischief,0.7,0.84,Hip-Hop,Hip-Hop
english_Live_and_Let_Live,English,Souls of Mischief,0.76,0.8,Hip-Hop,Hip-Hop
english_Make_Your_Mind_Up,English,Souls of Mischief,0.69,0.52,Hip-Hop,Hip-Hop
english_Buggin_Out,English,A Tribe Called Quest,0.78,0.88,Hip-Hop,Hip-Hop
english_Oh_My_God,English,A Tribe Called Quest,0.65,0.48,Hip-Hop,Hip-Hop
english_Find_a_Way,English,A Tribe Called Quest,0.44,0.46,Hip-Hop,Hip-Hop
english_The_Choice_Is_Yours,English,Black Sheep,0.71,0.58,Hip-Hop,Hip-Hop
english_Flavor_of_the_Month,English,Black Sheep,0.78,0.84,Hip-Hop,Hip-Hop
english_Strobelite_Honey,English,Black Sheep,0.8,0.82,Hip-Hop,Hip-Hop
english_Similak_Child,English,Black Sheep,0.74,0.88,Hip-Hop,Hip-Hop
english_Try_Counting_Sheep,English,Black Sheep,0.72,0.83,Hip-Hop,Hip-Hop
english_Step_into_a_World,English,KRS-One,0.68,0.81,Hip-Hop,Hip-Hop
english_MC's_Act_Like_They_Don't_Know,English,KRS-One,0.7,0.92,Hip-Hop,Hip-Hop
english_Sound_of_da_Police,English,KRS-One,0.6,0.94,Hip-Hop,Hip-Hop
english_My_Philosophy,English,Boogie Down Productions,0.76,0.62,Hip-Hop,Hip-Hop
english_South_Bronx,English,Boogie Down Productions,0.64,0.9,Hip-Hop,Hip-Hop
english_Paid_in_Full,English,Eric B. & Rakim,0.89,0.76,Hip-Hop,Hip-Hop
english_I_Ain't_No_Joke,English,Eric B. & Rakim,0.68,0.9,Hip-Hop,Hip-Hop
english_Follow_the_Leader,English,Eric B. & Rakim,0.72,0.91,Hip-Hop,Hip-Hop
english_Don't_Sweat_the_Technique,English,Eric B. & Rakim,0.78,0.92,Hip-Hop,Hip-Hop
english_Just_a_Friend,English,Biz Markie,0.92,0.8,Hip-Hop,Hip-Hop
english_Vapors,English,Biz Markie,0.88,0.58,Hip-Hop,Hip-Hop
english_Nobody_Beats_the_Biz,English,Biz Markie,0.86,0.84,Hip-Hop,Hip-Hop
english_Make_the_Music_With_Your_Mouth,English,Biz Markie,0.88,0.82,Hip-Hop,Hip-Hop
english_Pickin'_Boogers,English,Biz Markie,0.8,0.86,Hip-Hop,Hip-Hop
english_La_Di_Da_Di,English,Doug E. Fresh & Slick Rick,0.94,0.82,Hip-Hop,Hip-Hop
english_The_Show,English,Doug E. Fresh,0.96,0.76,Hip-Hop,Hip-Hop
english_Children's_Story,English,Slick Rick,0.42,0.44,Hip-Hop,Hip-Hop
english_Mona_Lisa,English,Slick Rick,0.3,0.85,Hip-Hop,Hip-Hop
english_Teenage_Love,English,Slick Rick,0.58,0.57,Hip-Hop,Hip-Hop
english_Go!,English,Common,0.35,0.57,Hip-Hop,Hip-Hop
english_Universal_Mind_Control,English,Common,0.86,0.82,Hip-Hop,Hip-Hop
"english_Kick,_Push",English,Lupe Fiasco,0.62,0.52,Hip-Hop,Hip-Hop
english_Superstar,English,Lupe Fiasco,0.55,0.53,Hip-Hop,Hip-Hop
english_Battle_Scars,English,Lupe Fiasco,0.76,0.72,Hip-Hop,Hip-Hop
english_Reagan,English,Killer Mike,0.53,0.8,Hip-Hop,Hip-Hop
english_Untitled,English,Killer Mike,0.18,0.43,Hip-Hop,Hip-Hop
english_Ric_Flair,English,Killer Mike,0.78,0.88,Hip-Hop,Hip-Hop
english_Close_Your_Eyes,English,Run the Jewels,0.26,0.41,Hip-Hop,Hip-Hop
english_Legend_Has_It,English,Run the Jewels,0.72,0.92,Hip-Hop,Hip-Hop
english_Blockbuster_Night_Part_1,English,Run the Jewels,0.7,0.95,Hip-Hop,Hip-Hop
english_Talk_to_Me,English,Run the Jewels,0.32,0.6,Hip-Hop,Hip-Hop
english_Ooh_La_La,English,Run the Jewels,0.83,0.7,Hip-Hop,Hip-Hop
english_Nobody_Speak,English,DJ Shadow,0.78,0.89,Hip-Hop,Hip-Hop
english_Six_Days,English,DJ Shadow,0.65,0.4,Hip-Hop,Hip-Hop
english_Organ_Donor,English,DJ Shadow,0.68,0.84,Hip-Hop,Hip-Hop
english_Building_Steam_With_a_Grain_of_Salt,English,DJ Shadow,0.72,0.8,Hip-Hop,Hip-Hop
english_Midnight_in_a_Perfect_World,English,DJ Shadow,0.74,0.78,Hip-Hop,Hip-Hop
english_Method_Man,English,Wu-Tang Clan,0.73,0.49,Hip-Hop,Hip-Hop
english_Wu-Tang_Clan_Ain't_Nuthing_ta_F'_Wit,English,Wu-Tang Clan,0.72,0.92,Hip-Hop,Hip-Hop
english_Shimmy_Shimmy_Ya,English,Ol' Dirty Bastard,0.78,0.9,Hip-Hop,Hip-Hop
english_Got_Your_Money,English,Ol' Dirty Bastard,0.83,0.78,Hip-Hop,Hip-Hop
english_Brooklyn_Zoo,English,Ol' Dirty Bastard,0.74,0.92,Hip-Hop,Hip-Hop
english_Raw_Hide,English,Ol' Dirty Bastard,0.68,0.89,Hip-Hop,Hip-Hop
english_Return_to_the_36_Chambers,English,Ol' Dirty Bastard,0.66,0.91,Hip-Hop,Hip-Hop
english_Liquid_Swords,English,GZA,0.58,0.9,Hip-Hop,Hip-Hop
english_4th_Chamber,English,GZA,0.56,0.94,Hip-Hop,Hip-Hop
english_Cold_World,English,GZA,0.72,0.52,Hip-Hop,Hip-Hop
english_Duel_of_the_Iron_Mic,English,GZA,0.55,0.54,Hip-Hop,Hip-Hop
english_Glaciers_of_Ice,English,Raekwon,0.58,0.88,Hip-Hop,Hip-Hop
english_Criminology,English,Raekwon,0.62,0.9,Hip-Hop,Hip-Hop
english_Knowledge_God,English,Raekwon,0.6,0.86,Hip-Hop,Hip-Hop
english_Ice_Water,English,Raekwon,0.56,0.45,Hip-Hop,Hip-Hop
english_Knuckleheadz,English,Raekwon,0.64,0.54,Hip-Hop,Hip-Hop
english_Mighty_Healthy,English,Ghostface Killah,0.7,0.92,Hip-Hop,Hip-Hop
english_Nutmeg,English,Ghostface Killah,0.68,0.88,Hip-Hop,Hip-Hop
english_Ghost_Deini,English,Ghostface Killah,0.81,0.52,Hip-Hop,Hip-Hop
english_Malcolm,English,Ghostface Killah,0.81,0.52,Hip-Hop,Hip-Hop
english_Be_Easy,English,Ghostface Killah,0.78,0.43,Hip-Hop,Hip-Hop
english_Elevators_(Me_&_You),English,OutKast,0.65,0.44,Hip-Hop,Hip-Hop
english_SpottieOttieDopaliscious,English,OutKast,0.84,0.72,Hip-Hop,Hip-Hop
english_Hey_Ya!_Remix,English,OutKast,0.92,0.9,Hip-Hop,Hip-Hop
english_Player's_Ball,English,OutKast,0.86,0.78,Hip-Hop,Hip-Hop
"english_So_Fresh,_So_Clean_Remix",English,OutKast,0.9,0.86,Hip-Hop,Hip-Hop
english_Southernplayalisticadillacmuzik,English,OutKast,0.84,0.82,Hip-Hop,Hip-Hop
"english_Git_Up,_Git_Out",English,OutKast,0.76,0.8,Hip-Hop,Hip-Hop
english_Wheelz_of_Steel,English,OutKast,0.7,0.51,Hip-Hop,Hip-Hop
english_Return_of_the_'G',English,OutKast,0.78,0.86,Hip-Hop,Hip-Hop
english_Hootie_Hoo,English,OutKast,0.86,0.9,Hip-Hop,Hip-Hop
english_Kryptonite,English,Big Boi,0.69,0.44,Hip-Hop,Hip-Hop
english_Shutterbugg,English,Big Boi,0.45,0.83,Hip-Hop,Hip-Hop
english_Follow_Us,English,Big Boi,0.8,0.88,Hip-Hop,Hip-Hop
english_General_Patton,English,Big Boi,0.74,0.9,Hip-Hop,Hip-Hop
english_In_the_A,English,Big Boi,0.71,0.61,Hip-Hop,Hip-Hop
english_The_Way_You_Move,English,Big Boi,0.88,0.59,Hip-Hop,Hip-Hop
english_Apple_of_My_Eye,English,Big Boi,0.88,0.76,Hip-Hop,Hip-Hop
english_War,English,Kendrick Lamar,0.49,0.81,Hip-Hop,Hip-Hop
english_Ronald_Reagan_Era,English,Kendrick Lamar,0.64,0.9,Hip-Hop,Hip-Hop
english_Rigamortus,English,Kendrick Lamar,0.68,0.94,Hip-Hop,Hip-Hop
english_Another_One_Bites_the_Dust,English,Queen,0.63,0.74,Rock,Rock
english_Somebody_to_Love,English,Queen,0.38,0.45,Rock,Rock
english_Stairway_to_Heaven,English,Led Zeppelin,0.86,0.73,Rock,Rock
english_Whole_Lotta_Love,English,Led Zeppelin,0.82,0.94,Rock,Rock
english_Kashmir,English,Led Zeppelin,0.76,0.87,Rock,Rock
english_Immigrant_Song,English,Led Zeppelin,0.72,0.96,Rock,Rock
english_Comfortably_Numb,English,Pink Floyd,0.78,0.97,Rock,Rock
english_Another_Brick_in_the_Wall,English,Pink Floyd,0.77,0.6,Rock,Rock
english_Wish_You_Were_Here,English,Pink Floyd,0.39,0.19,Rock,Rock
english_Time,English,Pink Floyd,0.4,0.77,Rock,Rock
english_Money,English,Pink Floyd,0.47,0.4,Rock,Rock
english_Life_in_the_Fast_Lane,English,Eagles,0.84,0.82,Rock,Rock
english_New_Kid_in_Town,English,Eagles,0.88,0.7,Rock,Rock
english_Desperado,English,Eagles,0.78,0.6,Rock,Rock
english_Welcome_to_the_Jungle,English,Guns N' Roses,0.79,0.66,Rock,Rock
english_Paradise_City,English,Guns N' Roses,0.88,0.94,Rock,Rock
english_November_Rain,English,Guns N' Roses,0.72,0.61,Rock,Rock
english_Don't_Cry,English,Guns N' Roses,0.62,0.65,Rock,Rock
english_Back_in_Black,English,AC/DC,0.65,0.47,Rock,Rock
english_You_Shook_Me_All_Night_Long,English,AC/DC,0.9,0.92,Rock,Rock
english_Fade_to_Black,English,Metallica,0.72,0.78,Rock,Rock
english_Livin'_on_a_Prayer,English,Bon Jovi,0.96,0.9,Rock,Rock
english_It's_My_Life,English,Bon Jovi,0.91,0.86,Rock,Rock
english_You_Give_Love_a_Bad_Name,English,Bon Jovi,0.92,0.92,Rock,Rock
english_Always,English,Bon Jovi,0.47,0.76,Rock,Rock
english_Wonderwall,English,Oasis,0.66,0.5,Rock,Rock
english_Don't_Look_Back_in_Anger,English,Oasis,0.66,0.49,Rock,Rock
english_Champagne_Supernova,English,Oasis,0.86,0.74,Rock,Rock
english_Live_Forever,English,Oasis,0.78,0.4,Rock,Rock
english_Supersonic,English,Oasis,0.6,0.76,Rock,Rock
english_Paint_It_Black,English,The Rolling Stones,0.33,0.51,Rock,Rock
english_Gimme_Shelter,English,The Rolling Stones,0.5,0.73,Rock,Rock
english_Start_Me_Up,English,The Rolling Stones,0.62,0.76,Rock,Rock
english_Angie,English,The Rolling Stones,0.84,0.68,Rock,Rock
english_Sympathy_for_the_Devil,English,The Rolling Stones,0.82,0.92,Rock,Rock
english_Break_On_Through,English,The Doors,0.5,0.73,Rock,Rock
english_People_Are_Strange,English,The Doors,0.7,0.46,Rock,Rock
english_Love_Me_Two_Times,English,The Doors,0.32,0.47,Rock,Rock
english_Dancing_in_the_Dark,English,Bruce Springsteen,0.36,0.6,Rock,Rock
english_Thunder_Road,English,Bruce Springsteen,0.86,0.76,Rock,Rock
english_Hungry_Heart,English,Bruce Springsteen,0.33,0.55,Rock,Rock
english_American_Woman,English,The Guess Who,0.82,0.86,Rock,Rock
english_No_Sugar_Tonight,English,The Guess Who,0.84,0.8,Rock,Rock
english_These_Eyes,English,The Guess Who,0.88,0.72,Rock,Rock
english_Laughing,English,The Guess Who,0.47,0.79,Rock,Rock
english_Share_the_Land,English,The Guess Who,0.9,0.76,Rock,Rock
english_More_Than_a_Feeling,English,Boston,0.88,0.73,Rock,Rock
english_Peace_of_Mind,English,Boston,0.48,0.41,Rock,Rock
english_ForeplayLong_Time,English,Boston,0.88,0.9,Rock,Rock
english_Rock_and_Roll_Band,English,Boston,0.85,0.87,Rock,Rock
english_Smokin',English,Boston,0.86,0.92,Rock,Rock
english_Point_of_Know_Return,English,Kansas,0.88,0.82,Rock,Rock
english_Play_the_Game_Tonight,English,Kansas,0.9,0.84,Rock,Rock
english_The_Wall,English,Kansas,0.89,0.6,Rock,Rock
english_Burning_Heart,English,Survivor,0.9,0.92,Rock,Rock
english_High_on_You,English,Survivor,0.32,0.41,Rock,Rock
english_I_Can't_Hold_Back,English,Survivor,0.55,0.5,Rock,Rock
english_The_Search_Is_Over,English,Survivor,0.84,0.7,Rock,Rock
english_Owner_of_a_Lonely_Heart,English,Yes,0.88,0.86,Rock,Rock
english_Roundabout,English,Yes,0.84,0.84,Rock,Rock
english_I've_Seen_All_Good_People,English,Yes,0.86,0.82,Rock,Rock
english_Long_Distance_Runaround,English,Yes,0.84,0.84,Rock,Rock
english_Heart_of_the_Sunrise,English,Yes,0.8,0.9,Rock,Rock
english_Rosanna,English,Toto,0.92,0.82,Rock,Rock
english_Hold_the_Line,English,Toto,0.9,0.88,Rock,Rock
english_I_Won't_Hold_You_Back,English,Toto,0.86,0.7,Rock,Rock
english_99,English,Toto,0.71,0.75,Rock,Rock
english_Roll_Over_Beethoven,English,Chuck Berry,0.92,0.88,Rock,Rock
english_Maybellene,English,Chuck Berry,0.9,0.86,Rock,Rock
english_Rock_and_Roll_Music,English,Chuck Berry,0.87,0.84,Rock,Rock
english_Sweet_Little_Sixteen,English,Chuck Berry,0.93,0.9,Rock,Rock
english_Hound_Dog,English,Elvis Presley,0.96,0.88,Rock,Rock
english_Jailhouse_Rock,English,Elvis Presley,0.98,0.92,Rock,Rock
english_Heartbreak_Hotel,English,Elvis Presley,0.73,0.6,Rock,Rock
english_All_Shook_Up,English,Elvis Presley,0.92,0.73,Rock,Rock
english_Baba_O'Riley,English,The Who,0.3,0.46,Rock,Rock
english_Behind_Blue_Eyes,English,The Who,0.82,0.7,Rock,Rock
english_Pinball_Wizard,English,The Who,0.9,0.9,Rock,Rock
english_Won't_Get_Fooled_Again,English,The Who,0.86,0.94,Rock,Rock
english_Sunshine_of_Your_Love,English,Cream,0.44,0.54,Rock,Rock
english_White_Room,English,Cream,0.5,0.53,Rock,Rock
english_Crossroads,English,Cream,0.81,0.4,Rock,Rock
english_Badge,English,Cream,0.84,0.82,Rock,Rock
english_Strange_Brew,English,Cream,0.86,0.8,Rock,Rock
english_Layla,English,Derek and the Dominos,0.82,0.81,Rock,Rock
english_Bell_Bottom_Blues,English,Derek and the Dominos,0.84,0.76,Rock,Rock
english_Little_Wing,English,Derek and the Dominos,0.83,0.51,Rock,Rock
english_Tell_the_Truth,English,Derek and the Dominos,0.65,0.61,Rock,Rock
english_Why_Does_Love_Got_to_Be_So_Sad,English,Derek and the Dominos,0.8,0.86,Rock,Rock
english_Born_on_the_Bayou,English,Creedence Clearwater Revival,0.82,0.86,Rock,Rock
english_Proud_Mary,English,Creedence Clearwater Revival,0.92,0.88,Rock,Rock
english_Have_You_Ever_Seen_the_Rain,English,Creedence Clearwater Revival,0.81,0.52,Rock,Rock
english_American_Pie,English,Don McLean,0.34,0.54,Rock,Rock
english_Vincent,English,Don McLean,0.6,0.48,Rock,Rock
english_Castles_in_the_Air,English,Don McLean,0.77,0.45,Rock,Rock
english_And_I_Love_You_So,English,Don McLean,0.81,0.5,Rock,Rock
english_Money_for_Nothing,English,Dire Straits,0.43,0.64,Rock,Rock
english_Walk_of_Life,English,Dire Straits,0.64,0.58,Rock,Rock
english_Romeo_and_Juliet,English,Dire Straits,0.5,0.4,Rock,Rock
english_Brothers_in_Arms,English,Dire Straits,0.8,0.68,Rock,Rock
english_Don't_Fear_the_Reaper,English,Blue Oyster Cult,0.84,0.82,Rock,Rock
english_Burnin'_for_You,English,Blue Oyster Cult,0.32,0.4,Rock,Rock
english_Godzilla,English,Blue Oyster Cult,0.31,0.24,Rock,Rock
english_Astronomy,English,Blue Oyster Cult,0.8,0.78,Rock,Rock
english_Cities_on_Flame,English,Blue Oyster Cult,0.78,0.9,Rock,Rock
english_American_Girl,English,Tom Petty,0.81,0.52,Rock,Rock
english_Refugee,English,Tom Petty,0.79,0.47,Rock,Rock
english_I_Won't_Back_Down,English,Tom Petty,0.49,0.79,Rock,Rock
english_The_Chain,English,Fleetwood Mac,0.78,0.57,Rock,Rock
english_Rhiannon,English,Fleetwood Mac,0.88,0.78,Rock,Rock
english_Where_the_Streets_Have_No_Name,English,U2,0.9,0.86,Rock,Rock
english_Pride_(In_the_Name_of_Love),English,U2,0.75,0.43,Rock,Rock
english_Sunday_Bloody_Sunday,English,U2,0.78,0.9,Rock,Rock
english_Losing_My_Religion,English,R.E.M.,0.6,0.79,Rock,Rock
english_The_One_I_Love,English,R.E.M.,0.79,0.66,Rock,Rock
english_Man_on_the_Moon,English,R.E.M.,0.91,0.78,Rock,Rock
english_It's_the_End_of_the_World_as_We_Know_It,English,R.E.M.,0.73,0.82,Rock,Rock
english_Paranoid_Android,English,Radiohead,0.56,0.53,Rock,Rock
english_High_and_Dry,English,Radiohead,0.68,0.44,Rock,Rock
english_No_Surprises,English,Radiohead,0.21,0.32,Rock,Rock
english_Supersoaker,English,Kings of Leon,0.9,0.88,Rock,Rock
english_The_Bucket,English,Kings of Leon,0.84,0.86,Rock,Rock
english_Cold_Hard_Bitch,English,Jet,0.86,0.92,Rock,Rock
english_Rollover_DJ,English,Jet,0.88,0.9,Rock,Rock
english_Put_Your_Money_Where_Your_Mouth_Is,English,Jet,0.9,0.92,Rock,Rock
english_Somebody_Told_Me,English,The Killers,0.38,0.69,Rock,Rock
english_When_You_Were_Young,English,The Killers,0.94,0.86,Rock,Rock
english_All_These_Things_That_I've_Done,English,The Killers,0.88,0.84,Rock,Rock
english_Last_Nite,English,The Strokes,0.44,0.65,Rock,Rock
english_Reptilia,English,The Strokes,0.8,0.54,Rock,Rock
english_Hard_to_Explain,English,The Strokes,0.3,0.28,Rock,Rock
english_You_Only_Live_Once,English,The Strokes,0.94,0.88,Rock,Rock
english_Jeremy,English,Pearl Jam,0.72,0.88,Rock,Rock
english_Even_Flow,English,Pearl Jam,0.78,0.92,Rock,Rock
english_Black,English,Pearl Jam,0.53,0.64,Rock,Rock
english_Better_Man,English,Pearl Jam,0.7,0.61,Rock,Rock
english_Spoonman,English,Soundgarden,0.74,0.92,Rock,Rock
english_Fell_on_Black_Days,English,Soundgarden,0.7,0.82,Rock,Rock
english_Rusty_Cage,English,Soundgarden,0.72,0.94,Rock,Rock
english_Outshined,English,Soundgarden,0.76,0.88,Rock,Rock
english_Would,English,Alice in Chains,0.8,0.71,Rock,Rock
english_Man_in_the_Box,English,Alice in Chains,0.7,0.92,Rock,Rock
english_Rooster,English,Alice in Chains,0.72,0.82,Rock,Rock
english_No_Excuses,English,Alice in Chains,0.82,0.65,Rock,Rock
english_Down_in_a_Hole,English,Alice in Chains,0.74,0.7,Rock,Rock
english_Interstate_Love_Song,English,Stone Temple Pilots,0.86,0.84,Rock,Rock
english_Plush,English,Stone Temple Pilots,0.43,0.72,Rock,Rock
english_Vasoline,English,Stone Temple Pilots,0.69,0.68,Rock,Rock
english_Big_Empty,English,Stone Temple Pilots,0.74,0.76,Rock,Rock
english_Sex_Type_Thing,English,Stone Temple Pilots,0.7,0.94,Rock,Rock
english_Trippin'_on_a_Hole_in_a_Paper_Heart,English,Stone Temple Pilots,0.78,0.92,Rock,Rock
english_Lady_Picture_Show,English,Stone Temple Pilots,0.82,0.82,Rock,Rock
english_Crackerman,English,Stone Temple Pilots,0.74,0.9,Rock,Rock
english_Dead_&_Bloated,English,Stone Temple Pilots,0.72,0.88,Rock,Rock
english_How_You_Remind_Me,English,Nickelback,0.85,0.71,Rock,Rock
english_Far_Away,English,Nickelback,0.8,0.51,Rock,Rock
english_My_Immortal,English,Evanescence,0.54,0.55,Rock,Rock
english_Going_Under,English,Evanescence,0.79,0.87,Rock,Rock
english_Call_Me_When_You're_Sober,English,Evanescence,0.8,0.86,Rock,Rock
english_Lithium,English,Evanescence,0.72,0.76,Rock,Rock
english_American_Idiot,English,Green Day,0.38,0.76,Rock,Rock
english_Holiday,English,Green Day,0.91,0.76,Rock,Rock
english_Wake_Me_Up_When_September_Ends,English,Green Day,0.46,0.54,Rock,Rock
english_Basket_Case,English,Green Day,0.3,0.46,Rock,Rock
english_Run_to_the_Hills,English,Iron Maiden,0.85,0.43,Rock,Rock
english_The_Trooper,English,Iron Maiden,0.82,0.98,Rock,Rock
english_Wasted_Years,English,Iron Maiden,0.5,0.47,Rock,Rock
english_Breaking_the_Law,English,Judas Priest,0.81,0.57,Rock,Rock
english_You've_Got_Another_Thing_Comin',English,Judas Priest,0.9,0.92,Rock,Rock
english_Living_After_Midnight,English,Judas Priest,0.94,0.9,Rock,Rock
english_Turbo_Lover,English,Judas Priest,0.88,0.86,Rock,Rock
english_Iron_Man,English,Black Sabbath,0.94,0.96,Rock,Rock
english_War_Pigs,English,Black Sabbath,0.7,0.94,Rock,Rock
english_Children_of_the_Grave,English,Black Sabbath,0.5,0.55,Rock,Rock
english_Heaven_and_Hell,English,Black Sabbath,0.81,0.69,Rock,Rock
english_Overkill,English,Motorhead,0.44,0.42,Rock,Rock
english_Iron_Fist,English,Motorhead,0.78,0.94,Rock,Rock
english_Killed_by_Death,English,Motorhead,0.76,0.92,Rock,Rock
english_The_Game,English,Motorhead,0.86,0.78,Rock,Rock
english_Rock_You_Like_a_Hurricane,English,Scorpions,0.9,0.96,Rock,Rock
english_Still_Loving_You,English,Scorpions,0.72,0.62,Rock,Rock
english_Wind_of_Change,English,Scorpions,0.78,0.65,Rock,Rock
english_No_One_Like_You,English,Scorpions,0.92,0.88,Rock,Rock
english_Here_I_Go_Again,English,Whitesnake,0.95,0.82,Rock,Rock
english_Still_of_the_Night,English,Whitesnake,0.73,0.8,Rock,Rock
english_Love_Ain't_No_Stranger,English,Whitesnake,0.86,0.8,Rock,Rock
english_Fool_for_Your_Loving,English,Whitesnake,0.88,0.84,Rock,Rock
english_Talk_Dirty_to_Me,English,Poison,0.92,0.88,Rock,Rock
english_Nothin'_but_a_Good_Time,English,Poison,0.96,0.92,Rock,Rock
english_Unskinny_Bop,English,Poison,0.94,0.9,Rock,Rock
english_Ride_the_Wind,English,Poison,0.9,0.88,Rock,Rock
english_Home_Sweet_Home,English,Motley Crue,0.98,0.81,Rock,Rock
english_Kickstart_My_Heart,English,Motley Crue,0.92,0.96,Rock,Rock
"english_Girls,_Girls,_Girls",English,Motley Crue,0.9,0.92,Rock,Rock
english_Live_Wire,English,Motley Crue,0.84,0.84,Rock,Rock
english_No_More_Tears,English,Ozzy Osbourne,0.89,0.51,Rock,Rock
"english_Mama,_I'm_Coming_Home",English,Ozzy Osbourne,0.88,0.72,Rock,Rock
english_Bark_at_the_Moon,English,Ozzy Osbourne,0.84,0.94,Rock,Rock
english_Everlong_(Acoustic),English,Foo Fighters,0.86,0.72,Rock,Rock
english_Times_Like_These,English,Foo Fighters,0.67,0.43,Rock,Rock
english_Monkey_Wrench,English,Foo Fighters,0.82,0.92,Rock,Rock
english_My_Hero,English,Foo Fighters,0.63,0.54,Rock,Rock
english_All_Apologies,English,Nirvana,0.74,0.7,Rock,Rock
english_About_a_Girl,English,Nirvana,0.84,0.78,Rock,Rock
english_Sliver,English,Nirvana,0.8,0.86,Rock,Rock
english_Breed,English,Nirvana,0.72,0.94,Rock,Rock
english_Aneurysm,English,Nirvana,0.7,0.96,Rock,Rock
english_How_to_Save_a_Life,English,The Fray,0.64,0.5,Rock,Rock
english_Over_My_Head,English,The Fray,0.86,0.34,Rock,Rock
english_You_Found_Me,English,The Fray,0.69,0.59,Rock,Rock
english_Syndicate,English,The Fray,0.86,0.8,Rock,Rock
english_Use_Somebody_(Acoustic),English,Kings of Leon,0.88,0.7,Rock,Rock
english_Temple,English,Kings of Leon,0.78,0.8,Rock,Rock
english_On_Call,English,Kings of Leon,0.84,0.86,Rock,Rock
english_Notion,English,Kings of Leon,0.78,0.54,Rock,Rock
english_Pyro,English,Kings of Leon,0.82,0.76,Rock,Rock
english_Best_of_You_(Acoustic),English,Foo Fighters,0.86,0.74,Rock,Rock
english_Breakout,English,Foo Fighters,0.36,0.81,Rock,Rock
english_Resolve,English,Foo Fighters,0.84,0.8,Rock,Rock
english_Arlandria,English,Foo Fighters,0.88,0.9,Rock,Rock
english_These_Days,English,Foo Fighters,0.52,0.32,Rock,Rock
english_Accidentally_in_Love,English,Counting Crows,0.96,0.77,Rock,Rock
english_Round_Here,English,Counting Crows,0.9,0.81,Rock,Rock
english_Big_Yellow_Taxi,English,Counting Crows,0.73,0.52,Rock,Rock
english_A_Long_December,English,Counting Crows,0.63,0.42,Rock,Rock
english_Drive,English,Incubus,0.38,0.63,Rock,Rock
english_Pardon_Me,English,Incubus,0.57,0.63,Rock,Rock
english_Anna_Molly,English,Incubus,0.86,0.9,Rock,Rock
english_Megalomaniac,English,Incubus,0.46,0.64,Rock,Rock
english_All_These_Things_That_I've_Done_(Acoustic),English,The Killers,0.86,0.72,Rock,Rock
english_Read_My_Mind,English,The Killers,0.9,0.82,Rock,Rock
english_Runaways,English,The Killers,0.47,0.78,Rock,Rock
english_Smile_Like_You_Mean_It,English,The Killers,0.92,0.84,Rock,Rock
english_For_Reasons_Unknown,English,The Killers,0.86,0.88,Rock,Rock
english_Send_Me_an_Angel,English,Scorpions,0.63,0.71,Rock,Rock
english_Are_You_Experienced,English,Jimi Hendrix,0.82,0.9,Rock,Rock
english_Purple_Haze,English,Jimi Hendrix,0.49,0.91,Rock,Rock
english_Voodoo_Child_(Slight_Return),English,Jimi Hendrix,0.84,0.98,Rock,Rock
english_Hey_Joe,English,Jimi Hendrix,0.72,0.52,Rock,Rock
english_Black_Magic_Woman,English,Santana,0.9,0.84,Rock,Rock
english_Maria_Maria,English,Santana,0.92,0.82,Rock,Rock
english_Europa,English,Santana,0.66,0.55,Rock,Rock
english_Born_to_Be_Wild,English,Steppenwolf,0.68,0.84,Rock,Rock
english_Magic_Carpet_Ride,English,Steppenwolf,0.94,0.72,Rock,Rock
english_Rock_Me,English,Steppenwolf,0.9,0.81,Rock,Rock
english_Monster,English,Steppenwolf,0.79,0.78,Rock,Rock
english_The_Pusher,English,Steppenwolf,0.58,0.49,Rock,Rock
english_We_Built_This_City,English,Starship,0.81,0.69,Rock,Rock
english_Nothing's_Gonna_Stop_Us_Now,English,Starship,0.84,0.84,Rock,Rock
english_Sara,English,Starship,0.58,0.66,Rock,Rock
english_It's_Not_Enough,English,Starship,0.86,0.8,Rock,Rock
english_Find_Your_Way_Back,English,Starship,0.9,0.84,Rock,Rock
english_Centerfold,English,The J. Geils Band,0.44,0.47,Rock,Rock
english_Freeze_Frame,English,The J. Geils Band,0.67,0.66,Rock,Rock
english_Love_Stinks,English,The J. Geils Band,0.43,0.64,Rock,Rock
english_Give_It_to_Me,English,The J. Geils Band,0.83,0.73,Rock,Rock
english_Musta_Got_Lost,English,The J. Geils Band,0.86,0.82,Rock,Rock
english_The_Boys_Are_Back_in_Town,English,Thin Lizzy,0.89,0.84,Rock,Rock
english_Jailbreak,English,Thin Lizzy,0.88,0.92,Rock,Rock
english_Whiskey_in_the_Jar,English,Thin Lizzy,0.62,0.59,Rock,Rock
english_Rosalie,English,Thin Lizzy,0.86,0.9,Rock,Rock
english_Still_in_Love_With_You,English,Thin Lizzy,0.73,0.55,Rock,Rock
english_Barracuda,English,Heart,0.86,0.6,Rock,Rock
english_Crazy_on_You,English,Heart,0.68,0.49,Rock,Rock
english_Alone,English,Heart,0.82,0.69,Rock,Rock
english_Magic_Man,English,Heart,0.45,0.78,Rock,Rock
english_These_Dreams,English,Heart,0.78,0.69,Rock,Rock
english_More_Than_Words,English,Extreme,0.78,0.57,Rock,Rock
english_Hole_Hearted,English,Extreme,0.9,0.82,Rock,Rock
english_Get_the_Funk_Out,English,Extreme,0.88,0.9,Rock,Rock
english_Decadence_Dance,English,Extreme,0.86,0.92,Rock,Rock
english_Rest_in_Peace,English,Extreme,0.62,0.61,Rock,Rock
english_Plush_(Acoustic),English,Stone Temple Pilots,0.84,0.7,Rock,Rock
english_Creep_(Acoustic),English,Stone Temple Pilots,0.55,0.55,Rock,Rock
english_Interstate_Love_Song_(Acoustic),English,Stone Temple Pilots,0.86,0.72,Rock,Rock
english_Big_Bang_Baby,English,Stone Temple Pilots,0.88,0.9,Rock,Rock
english_Sour_Girl,English,Stone Temple Pilots,0.76,0.65,Rock,Rock
english_Californication,English,Red Hot Chili Peppers,0.49,0.49,Rock,Rock
english_Scar_Tissue,English,Red Hot Chili Peppers,0.92,0.7,Rock,Rock
english_Otherside,English,Red Hot Chili Peppers,0.6,0.49,Rock,Rock
english_Dani_California,English,Red Hot Chili Peppers,0.79,0.43,Rock,Rock
english_Crawling,English,Linkin Park,0.5,0.79,Rock,Rock
english_Somewhere_I_Belong,English,Linkin Park,0.68,0.56,Rock,Rock
english_Breaking_the_Habit,English,Linkin Park,0.84,0.8,Rock,Rock
english_Bring_Me_to_Life_(Acoustic),English,Evanescence,0.8,0.72,Rock,Rock
english_Lithium_(Acoustic),English,Evanescence,0.78,0.68,Rock,Rock
english_Tourniquet,English,Evanescence,0.44,0.58,Rock,Rock
english_Imaginary,English,Evanescence,0.84,0.78,Rock,Rock
english_Everybody's_Fool,English,Evanescence,0.8,0.82,Rock,Rock
english_Do_You_Want_To,English,Franz Ferdinand,0.82,0.59,Rock,Rock
english_No_You_Girls,English,Franz Ferdinand,0.88,0.88,Rock,Rock
english_Love_Illumination,English,Franz Ferdinand,0.92,0.88,Rock,Rock
english_Seven_Nation_Army_(Acoustic),English,The White Stripes,0.86,0.7,Rock,Rock
english_Hotel_Yorba,English,The White Stripes,0.81,0.68,Rock,Rock
english_We're_Going_to_Be_Friends,English,The White Stripes,0.83,0.59,Rock,Rock
english_Dead_Leaves_and_the_Dirty_Ground,English,The White Stripes,0.82,0.9,Rock,Rock
english_The_Denial_Twist,English,The White Stripes,0.84,0.88,Rock,Rock
english_Howlin'_for_You,English,The Black Keys,0.92,0.88,Rock,Rock
english_Lonely_Boy,English,The Black Keys,0.56,0.45,Rock,Rock
english_Gold_on_the_Ceiling,English,The Black Keys,0.9,0.92,Rock,Rock
english_Little_Black_Submarines,English,The Black Keys,0.86,0.8,Rock,Rock
english_Use_Me,English,Hozier,0.75,0.57,Rock,Rock
english_From_Eden,English,Hozier,0.84,0.78,Rock,Rock
english_Angel_of_Small_Death,English,Hozier,0.8,0.82,Rock,Rock
english_Take_Me_to_Church_(Acoustic),English,Hozier,0.82,0.7,Rock,Rock
english_Someone_New_(Acoustic),English,Hozier,0.84,0.68,Rock,Rock
english_Movement_(Acoustic),English,Hozier,0.8,0.66,Rock,Rock
english_Dinner_&_Diatribes,English,Hozier,0.88,0.86,Rock,Rock
english_Sex_on_Fire_(Acoustic),English,Kings of Leon,0.84,0.7,Rock,Rock
english_Use_Somebody_(Live),English,Kings of Leon,0.88,0.76,Rock,Rock
english_Temple_(Live),English,Kings of Leon,0.82,0.78,Rock,Rock
english_Pyro_(Live),English,Kings of Leon,0.8,0.74,Rock,Rock
english_Closer_(Live),English,Kings of Leon,0.82,0.76,Rock,Rock
english_Waterfalls,English,TLC,0.56,0.68,R&B,R&B
english_Unpretty,English,TLC,0.75,0.76,R&B,R&B
english_Diggin'_on_You,English,TLC,0.83,0.73,R&B,R&B
english_So_Sick,English,Ne-Yo,0.84,0.68,R&B,R&B
english_Miss_Independent,English,Ne-Yo,0.92,0.82,R&B,R&B
english_Sexy_Love,English,Ne-Yo,0.87,0.76,R&B,R&B
english_Coffee,English,Miguel,0.43,0.64,R&B,R&B
english_How_Many_Drinks,English,Miguel,0.83,0.7,R&B,R&B
english_Sky_Walker,English,Miguel,0.94,0.84,R&B,R&B
english_Lady,English,D'Angelo,0.31,0.26,R&B,R&B
english_Cruisin',English,D'Angelo,0.75,0.51,R&B,R&B
english_Me_and_Those_Dreamin'_Eyes_of_Mine,English,D'Angelo,0.8,0.52,R&B,R&B
english_Confessions_Part_II,English,Usher,0.86,0.74,R&B,R&B
english_U_Got_It_Bad,English,Usher,0.75,0.61,R&B,R&B
english_Nice_&_Slow,English,Usher,0.7,0.63,R&B,R&B
english_You_Make_Me_Wanna,English,Usher,0.9,0.76,R&B,R&B
english_Breathe_Again,English,Toni Braxton,0.55,0.52,R&B,R&B
english_You're_Makin'_Me_High,English,Toni Braxton,0.87,0.85,R&B,R&B
english_Another_Sad_Love_Song,English,Toni Braxton,0.82,0.7,R&B,R&B
english_He_Wasn't_Man_Enough,English,Toni Braxton,0.9,0.82,R&B,R&B
english_The_Boy_Is_Mine,English,Brandy,0.88,0.78,R&B,R&B
english_Have_You_Ever,English,Brandy,0.82,0.65,R&B,R&B
english_Almost_Doesn't_Count,English,Brandy,0.82,0.64,R&B,R&B
english_Angel_in_Disguise,English,Brandy,0.7,0.78,R&B,R&B
english_Baby,English,Brandy,0.59,0.46,R&B,R&B
english_Motivation,English,Kelly Rowland,0.88,0.94,R&B,R&B
english_Like_This,English,Kelly Rowland,0.47,0.78,R&B,R&B
english_Kisses_Down_Low,English,Kelly Rowland,0.88,0.78,R&B,R&B
english_Dirty_Laundry,English,Kelly Rowland,0.9,0.75,R&B,R&B
english_Commander,English,Kelly Rowland,0.94,0.86,R&B,R&B
english_Pretty_Wings,English,Maxwell,0.88,0.72,R&B,R&B
english_Lifetime,English,Maxwell,0.56,0.38,R&B,R&B
english_Sumthin'_Sumthin',English,Maxwell,0.79,0.52,R&B,R&B
english_Green_Light,English,John Legend,0.87,0.92,R&B,R&B
english_Save_Room,English,John Legend,0.77,0.53,R&B,R&B
english_Used_to_Love_U,English,John Legend,0.88,0.8,R&B,R&B
english_Trust,English,Keyshia Cole,0.46,0.5,R&B,R&B
english_I_Should_Have_Cheated,English,Keyshia Cole,0.8,0.74,R&B,R&B
english_Spotlight,English,Jennifer Hudson,0.61,0.91,R&B,R&B
english_If_This_Isn't_Love,English,Jennifer Hudson,0.86,0.74,R&B,R&B
english_And_I_Am_Telling_You,English,Jennifer Hudson,0.82,0.78,R&B,R&B
english_Where_You_At,English,Jennifer Hudson,0.87,0.67,R&B,R&B
english_No_One_Gonna_Love_You,English,Jennifer Hudson,0.67,0.57,R&B,R&B
english_Love_on_Top,English,Beyonce,0.96,0.88,R&B,R&B
english_Listen,English,Beyonce,0.24,0.39,R&B,R&B
english_Love_in_This_Club,English,Usher,0.92,0.86,R&B,R&B
english_There_Goes_My_Baby,English,Usher,0.78,0.46,R&B,R&B
english_Trading_Places,English,Usher,0.9,0.8,R&B,R&B
english_Can_U_Help_Me,English,Usher,0.46,0.58,R&B,R&B
english_Pretty_Girl_Rock,English,Keri Hilson,0.94,0.86,R&B,R&B
english_Knock_You_Down,English,Keri Hilson,0.89,0.76,R&B,R&B
english_Energy,English,Keri Hilson,0.81,0.73,R&B,R&B
english_Turnin_Me_On,English,Keri Hilson,0.78,0.68,R&B,R&B
english_We_Need_a_Resolution,English,Aaliyah,0.84,0.78,R&B,R&B
english_Rock_the_Boat,English,Aaliyah,0.82,0.68,R&B,R&B
english_Try_Again,English,Aaliyah,0.85,0.61,R&B,R&B
english_Are_You_That_Somebody,English,Aaliyah,0.88,0.84,R&B,R&B
english_More_Than_a_Woman,English,Aaliyah,0.87,0.77,R&B,R&B
english_We_Find_Love,English,Daniel Caesar,0.84,0.5,R&B,R&B
english_Blessed,English,Daniel Caesar,0.86,0.34,R&B,R&B
english_Talk,English,Khalid,0.38,0.29,R&B,R&B
english_Better,English,Khalid,0.3,0.85,R&B,R&B
english_Young_Dumb_&_Broke,English,Khalid,0.94,0.84,R&B,R&B
english_Love_Lies,English,Khalid,0.83,0.57,R&B,R&B
english_Back_at_One,English,Brian McKnight,0.92,0.7,R&B,R&B
english_Anytime,English,Brian McKnight,0.81,0.57,R&B,R&B
english_One_Last_Cry,English,Brian McKnight,0.87,0.64,R&B,R&B
english_Love_of_My_Life,English,Brian McKnight,0.88,0.66,R&B,R&B
english_Still,English,Brian McKnight,0.18,0.52,R&B,R&B
english_Differences,English,Ginuwine,0.34,0.77,R&B,R&B
english_Pony,English,Ginuwine,0.51,0.62,R&B,R&B
english_So_Anxious,English,Ginuwine,0.81,0.73,R&B,R&B
english_In_Those_Jeans,English,Ginuwine,0.78,0.59,R&B,R&B
english_None_of_Ur_Friends_Business,English,Ginuwine,0.9,0.78,R&B,R&B
english_Just_a_Friend_2002,English,Mario,0.92,0.8,R&B,R&B
english_How_Could_You,English,Mario,0.59,0.52,R&B,R&B
english_Crying_Out_for_Me,English,Mario,0.88,0.72,R&B,R&B
english_Thinkin'_About_You,English,Mario,0.89,0.59,R&B,R&B
english_Fallin',English,Alicia Keys,0.82,0.54,R&B,R&B
english_No_One,English,Alicia Keys,0.52,0.51,R&B,R&B
english_Girl_on_Fire,English,Alicia Keys,0.94,0.84,R&B,R&B
english_Unthinkable,English,Alicia Keys,0.88,0.72,R&B,R&B
english_Heard_It_All_Before,English,Sunshine Anderson,0.9,0.76,R&B,R&B
english_Something_I_Wanna_Give_You,English,Sunshine Anderson,0.88,0.74,R&B,R&B
english_Crazy_Love,English,Sunshine Anderson,0.51,0.6,R&B,R&B
english_Force_of_Nature,English,Sunshine Anderson,0.58,0.6,R&B,R&B
english_Being_with_You,English,Sunshine Anderson,0.35,0.74,R&B,R&B
english_Can_We_Talk,English,Tevin Campbell,0.81,0.48,R&B,R&B
english_I'm_Ready,English,Tevin Campbell,0.33,0.45,R&B,R&B
english_Tell_Me_What_You_Want_Me_to_Do,English,Tevin Campbell,0.9,0.72,R&B,R&B
english_Alone_with_You,English,Tevin Campbell,0.36,0.42,R&B,R&B
english_Always_in_My_Heart,English,Tevin Campbell,0.86,0.68,R&B,R&B
english_The_First_Time_Ever_I_Saw_Your_Face,English,Roberta Flack,0.56,0.46,R&B,R&B
english_Killing_Me_Softly,English,Roberta Flack,0.57,0.55,R&B,R&B
english_Feel_Like_Makin'_Love,English,Roberta Flack,0.8,0.64,R&B,R&B
english_Where_Is_the_Love,English,Roberta Flack,0.81,0.59,R&B,R&B
english_The_Closer_I_Get_to_You,English,Roberta Flack,0.85,0.65,R&B,R&B
english_You_Are_Not_Alone,English,Michael Jackson,0.77,0.6,R&B,R&B
english_The_Lady_in_My_Life,English,Michael Jackson,0.85,0.59,R&B,R&B
english_Butterflies,English,Michael Jackson,0.45,0.88,R&B,R&B
english_Break_of_Dawn,English,Michael Jackson,0.76,0.6,R&B,R&B
english_I'm_Not_the_Only_One,English,Sam Smith,0.38,0.54,R&B,R&B
english_Lay_Me_Down,English,Sam Smith,0.71,0.51,R&B,R&B
english_How_Do_You_Sleep,English,Sam Smith,0.36,0.73,R&B,R&B
english_Take_a_Bow,English,Rihanna,0.73,0.68,R&B,R&B
english_Kiss_It_Better,English,Rihanna,0.81,0.71,R&B,R&B
english_Call_Out_My_Name,English,The Weeknd,0.64,0.61,R&B,R&B
english_Die_for_You,English,The Weeknd,0.7,0.54,R&B,R&B
english_Often,English,The Weeknd,0.81,0.76,R&B,R&B
english_Wicked_Games,English,The Weeknd,0.71,0.75,R&B,R&B
english_Trip,English,Ella Mai,0.28,0.39,R&B,R&B
english_Naked,English,Ella Mai,0.32,0.53,R&B,R&B
english_Shot_Clock,English,Ella Mai,0.88,0.78,R&B,R&B
english_Gut_Feeling,English,Ella Mai,0.86,0.76,R&B,R&B
english_Comfortable,English,H.E.R.,0.64,0.56,R&B,R&B
english_Pick_Up_Your_Feelings,English,Jazmine Sullivan,0.88,0.8,R&B,R&B
english_Bust_Your_Windows,English,Jazmine Sullivan,0.84,0.82,R&B,R&B
english_Need_U_Bad,English,Jazmine Sullivan,0.82,0.57,R&B,R&B
english_Let_It_Burn,English,Jazmine Sullivan,0.5,0.52,R&B,R&B
"english_Lions,_Tigers_&_Bears",English,Jazmine Sullivan,0.77,0.63,R&B,R&B
english_Streetcar,English,Daniel Caesar,0.88,0.66,R&B,R&B
english_Freudian,English,Daniel Caesar,0.86,0.7,R&B,R&B
english_Hold_Me_Down,English,Daniel Caesar,0.51,0.64,R&B,R&B
english_Transform,English,Daniel Caesar,0.64,0.82,R&B,R&B
english_Get_You_(Acoustic),English,Daniel Caesar,0.88,0.66,R&B,R&B
english_End_of_the_Road,English,Boyz II Men,0.94,0.96,R&B,R&B
english_I'll_Make_Love_to_You,English,Boyz II Men,0.89,0.71,R&B,R&B
english_On_Bended_Knee,English,Boyz II Men,0.76,0.62,R&B,R&B
english_Water_Runs_Dry,English,Boyz II Men,0.86,0.68,R&B,R&B
english_Motownphilly,English,Boyz II Men,0.94,0.84,R&B,R&B
english_I_Want_You_Back,English,NSYNC,0.76,0.58,R&B,R&B
english_Tearin'_Up_My_Heart,English,NSYNC,0.94,0.86,R&B,R&B
english_This_I_Promise_You,English,NSYNC,0.85,0.65,R&B,R&B
english_Gone,English,NSYNC,0.71,0.88,R&B,R&B
english_Before_I_Let_You_Go,English,Blackstreet,0.86,0.68,R&B,R&B
english_Don't_Leave_Me,English,Blackstreet,0.87,0.63,R&B,R&B
english_Joy,English,Blackstreet,0.39,0.68,R&B,R&B
english_Tonight's_the_Night,English,Blackstreet,0.82,0.6,R&B,R&B
english_Bump_n'_Grind,English,R. Kelly,0.85,0.82,R&B,R&B
english_Step_in_the_Name_of_Love,English,R. Kelly,0.5,0.79,R&B,R&B
english_When_a_Woman's_Fed_Up,English,R. Kelly,0.84,0.68,R&B,R&B
english_I_Believe_I_Can_Fly,English,R. Kelly,0.88,0.7,R&B,R&B
english_Let's_Get_Married,English,Jagged Edge,0.84,0.59,R&B,R&B
english_Promise,English,Jagged Edge,0.53,0.61,R&B,R&B
english_Where_the_Party_At,English,Jagged Edge,0.77,0.61,R&B,R&B
english_Walked_Outta_Heaven,English,Jagged Edge,0.82,0.56,R&B,R&B
english_He_Can't_Love_U,English,Jagged Edge,0.91,0.73,R&B,R&B
english_Tell_Me,English,Groove Theory,0.82,0.45,R&B,R&B
english_Keep_Tryin',English,Groove Theory,0.9,0.74,R&B,R&B
english_10_Minute_High,English,Groove Theory,0.88,0.76,R&B,R&B
english_Am_I_Dreaming,English,Groove Theory,0.86,0.7,R&B,R&B
english_Come_Home,English,Groove Theory,0.67,0.53,R&B,R&B
english_Love_Like_This,English,Faith Evans,0.51,0.48,R&B,R&B
english_All_Night_Long,English,Faith Evans,0.83,0.62,R&B,R&B
english_You_Used_to_Love_Me,English,Faith Evans,0.88,0.74,R&B,R&B
english_Again,English,Faith Evans,0.61,0.65,R&B,R&B
english_Return_of_the_Mack,English,Mark Morrison,0.96,0.88,R&B,R&B
english_Trippin',English,Mark Morrison,0.74,0.72,R&B,R&B
english_Moan_&_Groan,English,Mark Morrison,0.86,0.78,R&B,R&B
english_Let's_Get_Down,English,Mark Morrison,0.47,0.78,R&B,R&B
english_Differences_(Remix),English,Ginuwine,0.9,0.76,R&B,R&B
english_So_Anxious_(Remix),English,Ginuwine,0.88,0.78,R&B,R&B
english_In_Those_Jeans_(Remix),English,Ginuwine,0.92,0.82,R&B,R&B
english_Pony_(Live),English,Ginuwine,0.39,0.66,R&B,R&B
english_Hell_Yeah,English,Ginuwine,0.14,0.32,R&B,R&B
english_Rock_Wit_U,English,Ashanti,0.86,0.87,R&B,R&B
english_Foolish,English,Ashanti,0.9,0.74,R&B,R&B
english_Rain_on_Me,English,Ashanti,0.43,0.18,R&B,R&B
english_Like_a_Boy,English,Ciara,0.88,0.88,R&B,R&B
"english_1,_2_Step",English,Ciara,0.96,0.9,R&B,R&B
english_Goodies,English,Ciara,0.88,0.9,R&B,R&B
english_Oh,English,Ciara,0.89,0.82,R&B,R&B
english_Survivor,English,Destiny's Child,0.46,0.46,R&B,R&B
"english_Bills,_Bills,_Bills",English,Destiny's Child,0.92,0.86,R&B,R&B
"english_Jumpin',_Jumpin'",English,Destiny's Child,0.96,0.9,R&B,R&B
english_Independent_Women,English,Destiny's Child,0.94,0.88,R&B,R&B
english_He_Wasn't_Man_Enough_(Remix),English,Toni Braxton,0.92,0.84,R&B,R&B
english_You're_Makin'_Me_High_(Remix),English,Toni Braxton,0.9,0.82,R&B,R&B
english_Un-Break_My_Heart_(Live),English,Toni Braxton,0.84,0.68,R&B,R&B
english_Breathe_Again_(Live),English,Toni Braxton,0.88,0.7,R&B,R&B
english_Family_Affair,English,Mary J. Blige,0.94,0.86,R&B,R&B
english_Be_Without_You,English,Mary J. Blige,0.57,0.62,R&B,R&B
english_Real_Love,English,Mary J. Blige,0.73,0.72,R&B,R&B
english_Not_Gon'_Cry,English,Mary J. Blige,0.43,0.64,R&B,R&B
english_No_More_Drama,English,Mary J. Blige,0.86,0.78,R&B,R&B
english_Golden,English,Jill Scott,0.54,0.69,R&B,R&B
english_A_Long_Walk,English,Jill Scott,0.74,0.53,R&B,R&B
english_He_Loves_Me,English,Jill Scott,0.9,0.74,R&B,R&B
english_Gettin'_in_the_Way,English,Jill Scott,0.88,0.78,R&B,R&B
english_It's_Love,English,Jill Scott,0.85,0.59,R&B,R&B
english_Brown_Skin,English,India.Arie,0.82,0.65,R&B,R&B
english_Video,English,India.Arie,0.67,0.47,R&B,R&B
english_I_Am_Not_My_Hair,English,India.Arie,0.9,0.7,R&B,R&B
english_Ready_for_Love,English,India.Arie,0.7,0.63,R&B,R&B
english_Little_Things,English,India.Arie,0.63,0.51,R&B,R&B
english_Halfcrazy,English,Musiq Soulchild,0.9,0.74,R&B,R&B
english_Just_Friends,English,Musiq Soulchild,0.92,0.8,R&B,R&B
english_Teachme,English,Musiq Soulchild,0.86,0.7,R&B,R&B
english_Back_to_Sleep,English,Chris Brown,0.58,0.55,R&B,R&B
english_Take_You_Down,English,Chris Brown,0.76,0.43,R&B,R&B
english_Yo_(Excuse_Me_Miss),English,Chris Brown,0.94,0.84,R&B,R&B
english_With_You,English,Chris Brown,0.87,0.48,R&B,R&B
english_No_Guidance,English,Chris Brown,0.9,0.82,R&B,R&B
english_Dangerously_in_Love,English,Beyonce,0.92,0.72,R&B,R&B
"english_Me,_Myself_and_I",English,Beyonce,0.36,0.42,R&B,R&B
english_Best_Thing_I_Never_Had,English,Beyonce,0.55,0.54,R&B,R&B
english_1+1,English,Beyonce,0.88,0.72,R&B,R&B
english_You_Don't_Know_My_Name,English,Alicia Keys,0.46,0.82,R&B,R&B
english_Diary,English,Alicia Keys,0.65,0.57,R&B,R&B
english_Karma,English,Alicia Keys,0.36,0.81,R&B,R&B
english_Try_Sleeping_with_a_Broken_Heart,English,Alicia Keys,0.59,0.63,R&B,R&B
english_Teenage_Love_Affair,English,Alicia Keys,0.85,0.69,R&B,R&B
english_Love_on_Top_(Live),English,Beyonce,0.94,0.86,R&B,R&B
english_Halo_(Acoustic),English,Beyonce,0.9,0.7,R&B,R&B
english_Irreplaceable_(Acoustic),English,Beyonce,0.88,0.68,R&B,R&B
english_If_I_Were_a_Boy_(Live),English,Beyonce,0.86,0.7,R&B,R&B
english_Listen_(Live),English,Beyonce,0.84,0.72,R&B,R&B
english_Can't_Let_Go,English,Mariah Carey,0.86,0.34,R&B,R&B
english_Dreamlover,English,Mariah Carey,0.92,0.84,R&B,R&B
english_My_All,English,Mariah Carey,0.76,0.66,R&B,R&B
english_Everything_Is_Everything,English,Lauryn Hill,0.83,0.64,R&B,R&B
english_Doo_Wop_(That_Thing),English,Lauryn Hill,0.74,0.7,R&B,R&B
english_Nothing_Even_Matters,English,Lauryn Hill,0.8,0.58,R&B,R&B
english_Can't_Take_My_Eyes_Off_You,English,Lauryn Hill,0.91,0.71,R&B,R&B
english_Superwoman,English,Karyn White,0.7,0.54,R&B,R&B
english_Romantic,English,Karyn White,0.87,0.9,R&B,R&B
english_Secret_Rendezvous,English,Karyn White,0.94,0.84,R&B,R&B
english_The_Way_I_Feel_About_You,English,Karyn White,0.88,0.76,R&B,R&B
english_Love_Saw_It,English,Karyn White,0.86,0.74,R&B,R&B
english_Just_Be_a_Man_About_It,English,Toni Braxton,0.84,0.68,R&B,R&B
english_Spanish_Guitar,English,Toni Braxton,0.83,0.61,R&B,R&B
english_You_Mean_the_World_to_Me,English,Toni Braxton,0.9,0.7,R&B,R&B
english_Seven_Whole_Days,English,Toni Braxton,0.86,0.74,R&B,R&B
english_I_Love_Me_Some_Him,English,Toni Braxton,0.78,0.61,R&B,R&B
english_Bed,English,J. Holiday,0.69,0.76,R&B,R&B
english_Suffocate,English,J. Holiday,0.36,0.81,R&B,R&B
english_Be_With_Me,English,J. Holiday,0.82,0.89,R&B,R&B
english_Come_Here,English,J. Holiday,0.84,0.67,R&B,R&B
english_It's_Yours,English,J. Holiday,0.76,0.44,R&B,R&B
english_Where_My_Girls_At,English,702,0.94,0.86,R&B,R&B
english_Steelo,English,702,0.92,0.84,R&B,R&B
english_Get_It_Together,English,702,0.86,0.34,R&B,R&B
english_I_Still_Love_You,English,702,0.72,0.62,R&B,R&B
english_Don't_Be_Cruel,English,Bobby Brown,0.92,0.86,R&B,R&B
english_Roni,English,Bobby Brown,0.59,0.73,R&B,R&B
english_If_It_Isn't_Love,English,New Edition,0.94,0.86,R&B,R&B
english_Can_You_Stand_the_Rain,English,New Edition,0.82,0.53,R&B,R&B
english_Cool_It_Now,English,New Edition,0.94,0.84,R&B,R&B
english_Candy_Girl,English,New Edition,0.94,0.79,R&B,R&B
english_I_Wish,English,Stevie Wonder,0.52,0.55,R&B,R&B
english_Me,English,Tamia,0.47,0.78,R&B,R&B
english_Adore,English,Prince,0.82,0.68,R&B,R&B
english_Cream,English,Prince,0.78,0.96,R&B,R&B
english_Sexual_Healing,English,Marvin Gaye,0.83,0.85,R&B,R&B
english_Ain't_That_Peculiar,English,Marvin Gaye,0.63,0.8,R&B,R&B
english_How_Sweet_It_Is,English,Marvin Gaye,0.86,0.65,R&B,R&B
english_Got_to_Give_It_Up,English,Marvin Gaye,0.98,0.9,R&B,R&B
english_Rock_Steady,English,Aretha Franklin,0.59,0.67,R&B,R&B
english_Think,English,Aretha Franklin,0.69,0.56,R&B,R&B
english_Baby_I_Love_You,English,Aretha Franklin,0.69,0.77,R&B,R&B
english_Brick_House,English,Commodores,0.96,0.88,R&B,R&B
english_Easy,English,Commodores,0.61,0.73,R&B,R&B
english_Nightshift,English,Commodores,0.37,0.46,R&B,R&B
english_Three_Times_a_Lady,English,Commodores,0.88,0.7,R&B,R&B
english_Lady_(You_Bring_Me_Up),English,Commodores,0.94,0.86,R&B,R&B
english_Give_It_to_Me_Baby,English,Rick James,0.96,0.9,R&B,R&B
english_Super_Freak,English,Rick James,0.98,0.92,R&B,R&B
english_Mary_Jane,English,Rick James,0.45,0.33,R&B,R&B
english_Cold_Blooded,English,Rick James,0.51,0.49,R&B,R&B
english_You_and_I,English,Rick James,0.48,0.78,R&B,R&B
english_Between_the_Sheets,English,The Isley Brothers,0.45,0.78,R&B,R&B
english_For_the_Love_of_You,English,The Isley Brothers,0.92,0.7,R&B,R&B
english_Groove_with_You,English,The Isley Brothers,0.94,0.8,R&B,R&B
english_Voyage_to_Atlantis,English,The Isley Brothers,0.88,0.72,R&B,R&B
english_It's_Your_Thing,English,The Isley Brothers,0.96,0.88,R&B,R&B
english_Lady_Marmalade,English,Labelle,0.87,0.82,R&B,R&B
english_What_Can_I_Do_for_You,English,Labelle,0.47,0.78,R&B,R&B
english_You_Turn_Me_On,English,Labelle,0.78,0.96,R&B,R&B
english_Nightbirds,English,Labelle,0.71,0.53,R&B,R&B
english_Messin'_with_My_Mind,English,Labelle,0.88,0.8,R&B,R&B
english_On_the_Wings_of_Love,English,Jeffrey Osborne,0.87,0.67,R&B,R&B
english_Stay_with_Me_Tonight,English,Jeffrey Osborne,0.94,0.96,R&B,R&B
english_You_Should_Be_Mine,English,Jeffrey Osborne,0.9,0.8,R&B,R&B
english_We're_Going_All_the_Way,English,Jeffrey Osborne,0.58,0.51,R&B,R&B
english_Plane_Love,English,Jeffrey Osborne,0.86,0.74,R&B,R&B
english_Shining_Star,English,The Manhattans,0.68,0.58,R&B,R&B
english_Kiss_and_Say_Goodbye,English,The Manhattans,0.88,0.68,R&B,R&B
english_There's_No_Me_Without_You,English,The Manhattans,0.9,0.7,R&B,R&B
english_Wish_That_You_Were_Mine,English,The Manhattans,0.88,0.72,R&B,R&B
english_Before_You_Walk_Out_of_My_Life,English,Monica,0.88,0.72,R&B,R&B
english_Angel_of_Mine,English,Monica,0.92,0.74,R&B,R&B
english_For_You_I_Will,English,Monica,0.9,0.7,R&B,R&B
english_So_Gone,English,Monica,0.63,0.47,R&B,R&B
english_Everything_to_Me,English,Monica,0.73,0.68,R&B,R&B
english_Why_I_Love_You_So_Much,English,Monica,0.92,0.76,R&B,R&B
english_Don't_Take_It_Personal,English,Monica,0.9,0.78,R&B,R&B
english_Like_This_and_Like_That,English,Monica,0.94,0.86,R&B,R&B
english_The_First_Night,English,Monica,0.96,0.88,R&B,R&B
english_Sideline_Ho,English,Monica,0.88,0.82,R&B,R&B
english_Pretty_Wings_(Live),English,Maxwell,0.88,0.7,R&B,R&B
english_Ascension_(Live),English,Maxwell,0.9,0.76,R&B,R&B
english_Lifetime_(Live),English,Maxwell,0.86,0.74,R&B,R&B
english_This_Woman's_Work,English,Maxwell,0.57,0.56,R&B,R&B
english_Break_You_Off,English,The Roots,0.92,0.82,R&B,R&B
english_Silent_Treatment,English,The Roots,0.77,0.45,R&B,R&B
english_Don't_Say_Nuthin',English,The Roots,0.6,0.6,R&B,R&B
english_Stingy,English,Ginuwine,0.79,0.62,R&B,R&B
english_There_It_Is,English,Ginuwine,0.88,0.8,R&B,R&B
english_When_Doves_Cry,English,Ginuwine,0.86,0.66,R&B,R&B
english_Piece_of_My_Love,English,Guy,0.92,0.8,R&B,R&B
english_Groove_Me,English,Guy,0.94,0.84,R&B,R&B
english_Let's_Chill,English,Guy,0.9,0.74,R&B,R&B
english_D-O-G_Me_Out,English,Guy,0.88,0.82,R&B,R&B
english_I_Like,English,Guy,0.92,0.8,R&B,R&B
english_Someone_to_Love,English,Jon B.,0.66,0.44,R&B,R&B
english_They_Don't_Know,English,Jon B.,0.84,0.61,R&B,R&B
english_Are_U_Still_Down,English,Jon B.,0.88,0.74,R&B,R&B
english_Cool_Relax,English,Jon B.,0.94,0.8,R&B,R&B
english_Pretty_Girl,English,Jon B.,0.77,0.58,R&B,R&B
english_Don't_Leave,English,Blackstreet,0.87,0.63,R&B,R&B
english_No_Diggity_(Live),English,Blackstreet,0.94,0.84,R&B,R&B
english_Fix,English,Blackstreet,0.88,0.76,R&B,R&B
english_Joy_(Live),English,Blackstreet,0.9,0.78,R&B,R&B
english_GirlfriendBoyfriend,English,Blackstreet,0.92,0.82,R&B,R&B
english_Knockin'_Da_Boots,English,H-Town,0.92,0.82,R&B,R&B
english_They_Like_It_Slow,English,H-Town,0.9,0.76,R&B,R&B
english_Lick_U_Up,English,H-Town,0.83,0.95,R&B,R&B
english_Part_Time_Lover,English,H-Town,0.88,0.78,R&B,R&B
english_Annie's_Song,English,John Denver,0.86,0.61,Country,Country
english_Sunshine_on_My_Shoulders,English,John Denver,0.94,0.68,Country,Country
english_Rocky_Mountain_High,English,John Denver,0.96,0.8,Country,Country
english_Back_Home_Again,English,John Denver,0.58,0.27,Country,Country
english_A_Boy_Named_Sue,English,Johnny Cash,0.94,0.88,Country,Country
english_Man_in_Black,English,Johnny Cash,0.86,0.78,Country,Country
english_9_to_5,English,Dolly Parton,0.3,0.85,Country,Country
english_Coat_of_Many_Colors,English,Dolly Parton,0.92,0.7,Country,Country
english_Here_You_Come_Again,English,Dolly Parton,0.94,0.78,Country,Country
english_Islands_in_the_Stream,English,Dolly Parton,0.96,0.82,Country,Country
english_The_Dance,English,Garth Brooks,0.63,0.71,Country,Country
english_If_Tomorrow_Never_Comes,English,Garth Brooks,0.82,0.62,Country,Country
english_Thunder_Rolls,English,Garth Brooks,0.66,0.73,Country,Country
english_Ain't_Goin'_Down_('Til_the_Sun_Comes_Up),English,Garth Brooks,0.84,0.84,Country,Country
english_Cowboy_Casanova,English,Carrie Underwood,0.92,0.86,Country,Country
english_Blown_Away,English,Carrie Underwood,0.66,0.48,Country,Country
english_Something_in_the_Water,English,Carrie Underwood,0.92,0.83,Country,Country
english_My_Best_Friend,English,Tim McGraw,0.86,0.72,Country,Country
english_Just_to_See_You_Smile,English,Tim McGraw,0.9,0.72,Country,Country
english_Something_Like_That,English,Tim McGraw,0.98,0.88,Country,Country
english_Somebody_Like_You,English,Keith Urban,0.6,0.76,Country,Country
english_Days_Go_By,English,Keith Urban,0.46,0.47,Country,Country
english_You'll_Think_of_Me,English,Keith Urban,0.62,0.5,Country,Country
english_Wasted_Time,English,Keith Urban,0.79,0.84,Country,Country
english_Just_a_Kiss,English,Lady A,0.65,0.63,Country,Country
english_Downtown,English,Lady A,0.57,0.56,Country,Country
english_American_Honey,English,Lady A,0.9,0.72,Country,Country
english_Bartender,English,Lady A,0.44,0.57,Country,Country
english_This_Is_How_We_Roll,English,Florida Georgia Line,0.84,0.84,Country,Country
english_Simple,English,Florida Georgia Line,0.73,0.7,Country,Country
english_Lucille,English,Kenny Rogers,0.86,0.72,Country,Country
english_Coward_of_the_County,English,Kenny Rogers,0.88,0.74,Country,Country
english_Through_the_Years,English,Kenny Rogers,0.79,0.78,Country,Country
english_Check_Yes_or_No,English,George Strait,0.96,0.82,Country,Country
english_Carrying_Your_Love_with_Me,English,George Strait,0.92,0.74,Country,Country
english_Write_This_Down,English,George Strait,0.57,0.32,Country,Country
english_Neon_Moon,English,Brooks & Dunn,0.88,0.7,Country,Country
english_My_Maria,English,Brooks & Dunn,0.96,0.82,Country,Country
english_Red_Dirt_Road,English,Brooks & Dunn,0.92,0.72,Country,Country
english_Colder_Weather,English,Zac Brown Band,0.9,0.72,Country,Country
english_Free,English,Zac Brown Band,0.8,0.73,Country,Country
english_Homegrown,English,Zac Brown Band,0.69,0.55,Country,Country
english_Knee_Deep,English,Zac Brown Band,0.37,0.66,Country,Country
english_My_Church,English,Maren Morris,0.96,0.84,Country,Country
english_The_Bones,English,Maren Morris,0.56,0.7,Country,Country
english_80s_Mercedes,English,Maren Morris,0.96,0.86,Country,Country
english_Girl,English,Maren Morris,0.76,0.72,Country,Country
english_I_Could_Use_a_Love_Song,English,Maren Morris,0.9,0.72,Country,Country
english_Come_Back_Song,English,Darius Rucker,0.94,0.82,Country,Country
english_Homegrown_Honey,English,Darius Rucker,0.96,0.84,Country,Country
english_If_I_Told_You,English,Darius Rucker,0.5,0.48,Country,Country
english_Crash_and_Burn,English,Thomas Rhett,0.73,0.7,Country,Country
english_Marry_Me,English,Thomas Rhett,0.59,0.56,Country,Country
english_Life_Changes,English,Thomas Rhett,0.96,0.84,Country,Country
english_Beer_Can't_Fix,English,Thomas Rhett,0.98,0.9,Country,Country
english_Take_Your_Time,English,Sam Hunt,0.87,0.57,Country,Country
english_House_Party,English,Sam Hunt,0.58,0.64,Country,Country
english_Break_Up_in_a_Small_Town,English,Sam Hunt,0.9,0.78,Country,Country
english_Make_You_Miss_Me,English,Sam Hunt,0.92,0.74,Country,Country
english_Beautiful_Crazy,English,Luke Combs,0.78,0.52,Country,Country
english_When_It_Rains_It_Pours,English,Luke Combs,0.98,0.88,Country,Country
english_Hurricane,English,Luke Combs,0.62,0.72,Country,Country
english_She_Got_the_Best_of_Me,English,Luke Combs,0.9,0.74,Country,Country
english_Lovin'_on_You,English,Luke Combs,0.88,0.66,Country,Country
"english_Forever_and_Ever,_Amen",English,Randy Travis,0.96,0.8,Country,Country
english_Deeper_Than_the_Holler,English,Randy Travis,0.92,0.74,Country,Country
english_Three_Wooden_Crosses,English,Randy Travis,0.9,0.7,Country,Country
english_On_the_Other_Hand,English,Randy Travis,0.8,0.56,Country,Country
english_Diggin'_Up_Bones,English,Randy Travis,0.86,0.76,Country,Country
english_Strawberry_Wine,English,Deana Carter,0.85,0.87,Country,Country
english_Did_I_Shave_My_Legs_for_This,English,Deana Carter,0.94,0.78,Country,Country
english_We_Danced_Anyway,English,Deana Carter,0.96,0.82,Country,Country
english_Count_Me_In,English,Deana Carter,0.9,0.74,Country,Country
english_How_Do_I_Get_There,English,Deana Carter,0.88,0.72,Country,Country
english_Independence_Day,English,Martina McBride,0.62,0.53,Country,Country
english_A_Broken_Wing,English,Martina McBride,0.67,0.68,Country,Country
english_Valentine,English,Martina McBride,0.42,0.13,Country,Country
english_This_One's_for_the_Girls,English,Martina McBride,0.96,0.84,Country,Country
english_Brand_New_Man,English,Brooks & Dunn,0.38,0.53,Country,Country
english_Hard_Workin'_Man,English,Brooks & Dunn,0.96,0.88,Country,Country
english_You're_Gonna_Miss_Me_When_I'm_Gone,English,Brooks & Dunn,0.94,0.84,Country,Country
english_She_Used_to_Be_Mine,English,Brooks & Dunn,0.88,0.72,Country,Country
english_Hillbilly_Deluxe,English,Brooks & Dunn,0.98,0.92,Country,Country
english_Redneck_Woman,English,Gretchen Wilson,0.96,0.9,Country,Country
english_Here_for_the_Party,English,Gretchen Wilson,0.98,0.92,Country,Country
english_Homewrecker,English,Gretchen Wilson,0.87,0.74,Country,Country
english_When_I_Think_About_Cheatin',English,Gretchen Wilson,0.88,0.74,Country,Country
english_All_Jacked_Up,English,Gretchen Wilson,0.96,0.94,Country,Country
english_Mud_on_the_Tires,English,Brad Paisley,0.98,0.88,Country,Country
english_Then,English,Brad Paisley,0.41,0.41,Country,Country
english_She's_Everything,English,Brad Paisley,0.96,0.78,Country,Country
english_Ticks,English,Brad Paisley,0.92,0.85,Country,Country
english_Drink_in_My_Hand,English,Eric Church,0.98,0.92,Country,Country
english_Talladega,English,Eric Church,0.92,0.74,Country,Country
english_Record_Year,English,Eric Church,0.26,0.41,Country,Country
english_Give_Me_Back_My_Hometown,English,Eric Church,0.9,0.72,Country,Country
english_Drunk_on_You,English,Luke Bryan,0.98,0.92,Country,Country
english_Play_It_Again,English,Luke Bryan,0.96,0.88,Country,Country
english_Crash_My_Party,English,Luke Bryan,0.94,0.84,Country,Country
english_That's_My_Kind_of_Night,English,Luke Bryan,0.98,0.94,Country,Country
english_Strip_It_Down,English,Luke Bryan,0.92,0.76,Country,Country
english_Pontoon,English,Little Big Town,0.98,0.9,Country,Country
english_Boondocks,English,Little Big Town,0.96,0.86,Country,Country
english_Tornado,English,Little Big Town,0.76,0.61,Country,Country
english_Remember_When,English,Alan Jackson,0.79,0.6,Country,Country
english_Drive_(For_Daddy_Gene),English,Alan Jackson,0.94,0.72,Country,Country
english_It's_Five_O'Clock_Somewhere,English,Alan Jackson,0.32,0.47,Country,Country
english_Little_Bitty,English,Alan Jackson,0.82,0.7,Country,Country
english_Neon_Moon_(Live),English,Brooks & Dunn,0.9,0.74,Country,Country
english_My_Maria_(Live),English,Brooks & Dunn,0.96,0.84,Country,Country
english_Blue_Clear_Sky,English,George Strait,0.96,0.84,Country,Country
english_I_Cross_My_Heart,English,George Strait,0.81,0.49,Country,Country
english_Ocean_Front_Property,English,George Strait,0.92,0.8,Country,Country
english_All_My_Ex's_Live_in_Texas,English,George Strait,0.98,0.88,Country,Country
english_Any_Man_of_Mine,English,Shania Twain,0.98,0.9,Country,Country
english_From_This_Moment_On,English,Shania Twain,0.63,0.41,Country,Country
"english_Honey,_I'm_Home",English,Shania Twain,0.19,0.46,Country,Country
english_Some_Girls_Do,English,Sawyer Brown,0.96,0.88,Country,Country
english_Step_That_Step,English,Sawyer Brown,0.98,0.9,Country,Country
english_The_Walk,English,Sawyer Brown,0.87,0.65,Country,Country
english_Six_Days_on_the_Road,English,Sawyer Brown,0.94,0.86,Country,Country
english_This_Night_Won't_Last_Forever,English,Sawyer Brown,0.9,0.72,Country,Country
english_National_Working_Woman's_Holiday,English,Sammy Kershaw,0.96,0.88,Country,Country
english_She_Don't_Know_She's_Beautiful,English,Sammy Kershaw,0.98,0.9,Country,Country
english_Queen_of_My_Double_Wide_Trailer,English,Sammy Kershaw,0.98,0.92,Country,Country
english_Cadillac_Style,English,Sammy Kershaw,0.79,0.6,Country,Country
"english_Heads_Carolina,_Tails_California",English,Jo Dee Messina,0.98,0.9,Country,Country
english_Bye_Bye,English,Jo Dee Messina,0.8,0.76,Country,Country
english_Stand_Beside_Me,English,Jo Dee Messina,0.94,0.8,Country,Country
english_Bring_On_the_Rain,English,Jo Dee Messina,0.65,0.69,Country,Country
english_Lesson_in_Leavin',English,Jo Dee Messina,0.92,0.82,Country,Country
english_Somewhere_with_You,English,Kenny Chesney,0.9,0.72,Country,Country
english_Get_Along,English,Kenny Chesney,0.36,0.42,Country,Country
english_American_Kids,English,Kenny Chesney,0.72,0.66,Country,Country
"english_No_Shoes,_No_Shirt,_No_Problems",English,Kenny Chesney,0.99,0.92,Country,Country
english_Barefoot_Blue_Jean_Night,English,Jake Owen,0.98,0.92,Country,Country
english_Beachin',English,Jake Owen,0.96,0.86,Country,Country
english_Anywhere_with_You,English,Jake Owen,0.98,0.9,Country,Country
english_Real_Life,English,Jake Owen,0.7,0.57,Country,Country
english_Down_to_the_Honkytonk,English,Jake Owen,0.98,0.92,Country,Country
english_Busy_Man,English,Billy Ray Cyrus,0.94,0.84,Country,Country
"english_Ready,_Set,_Don't_Go",English,Billy Ray Cyrus,0.92,0.76,Country,Country
english_Trail_of_Tears,English,Billy Ray Cyrus,0.34,0.75,Country,Country
english_Daddy's_Hands,English,Holly Dunn,0.92,0.68,Country,Country
english_You_Really_Had_Me_Going,English,Holly Dunn,0.94,0.8,Country,Country
english_Strangers_Again,English,Holly Dunn,0.9,0.72,Country,Country
english_Maybe_I_Mean_Yes,English,Holly Dunn,0.96,0.82,Country,Country
english_There_Goes_My_Heart_Again,English,Holly Dunn,0.61,0.4,Country,Country
english_Meet_in_the_Middle,English,Diamond Rio,0.96,0.86,Country,Country
english_One_More_Day,English,Diamond Rio,0.7,0.5,Country,Country
english_Beautiful_Mess,English,Diamond Rio,0.87,0.64,Country,Country
english_Love_a_Little_Stronger,English,Diamond Rio,0.94,0.84,Country,Country
english_How_Your_Love_Makes_Me_Feel,English,Diamond Rio,0.98,0.9,Country,Country
english_Watermelon_Crawl,English,Tracy Byrd,0.98,0.92,Country,Country
english_Keeper_of_the_Stars,English,Tracy Byrd,0.94,0.72,Country,Country
english_The_Truth_About_Men,English,Tracy Byrd,0.96,0.88,Country,Country
english_Ten_Rounds_with_Jose_Cuervo,English,Tracy Byrd,0.98,0.94,Country,Country
english_Drinkin'_Bone,English,Tracy Byrd,0.96,0.9,Country,Country
english_She's_in_Love_with_the_Boy,English,Trisha Yearwood,0.96,0.82,Country,Country
english_How_Do_I_Live,English,Trisha Yearwood,0.82,0.61,Country,Country
english_Walkaway_Joe,English,Trisha Yearwood,0.92,0.74,Country,Country
english_XXX's_and_OOO's,English,Trisha Yearwood,0.98,0.88,Country,Country
english_Perfect_Love,English,Trisha Yearwood,0.86,0.64,Country,Country
english_In_a_Different_Light,English,Doug Stone,0.56,0.29,Country,Country
english_Why_Didn't_I_Think_of_That,English,Doug Stone,0.94,0.84,Country,Country
english_Wagon_Wheel_(Live),English,Darius Rucker,0.98,0.88,Country,Country
english_Southern_State_of_Mind,English,Darius Rucker,0.84,0.48,Country,Country
english_Buy_Me_a_Boat,English,Chris Janson,0.98,0.9,Country,Country
english_Fix_a_Drink,English,Chris Janson,0.98,0.92,Country,Country
english_Good_Vibes,English,Chris Janson,0.99,0.94,Country,Country
english_Drunk_Girl,English,Chris Janson,0.9,0.74,Country,Country
english_Holdin'_Her,English,Chris Janson,0.92,0.76,Country,Country
english_Where_Were_You_(When_the_World_Stopped_Turning),English,Alan Jackson,0.62,0.4,Country,Country
english_Chasin'_That_Neon_Rainbow,English,Alan Jackson,0.8,0.55,Country,Country
english_Midnight_in_Montgomery,English,Alan Jackson,0.58,0.46,Country,Country
english_Go_Rest_High_on_That_Mountain,English,Vince Gill,0.6,0.38,Country,Country
english_When_I_Call_Your_Name,English,Vince Gill,0.66,0.44,Country,Country
english_Look_at_Us,English,Vince Gill,0.59,0.69,Country,Country
english_Pocket_Full_of_Gold,English,Vince Gill,0.7,0.48,Country,Country
english_Don't_Let_Our_Love_Start_Slippin'_Away,English,Vince Gill,0.84,0.6,Country,Country
english_If_I_Didn't_Have_You,English,Randy Travis,0.76,0.44,Country,Country
english_He_Walked_on_Water,English,Randy Travis,0.72,0.42,Country,Country
english_Is_It_Still_Over,English,Randy Travis,0.66,0.5,Country,Country
english_Too_Gone_Too_Long,English,Randy Travis,0.7,0.52,Country,Country
english_Hard_Rock_Bottom_of_Your_Heart,English,Randy Travis,0.64,0.46,Country,Country
english_Believe,English,Brooks & Dunn,0.47,0.66,Country,Country
english_That_Ain't_No_Way_to_Go,English,Brooks & Dunn,0.66,0.56,Country,Country
english_She's_Not_the_Cheatin'_Kind,English,Brooks & Dunn,0.7,0.58,Country,Country
english_Lost_and_Found,English,Brooks & Dunn,0.42,0.48,Country,Country
english_Unanswered_Prayers,English,Garth Brooks,0.82,0.52,Country,Country
"english_Two_of_a_Kind,_Workin'_on_a_Full_House",English,Garth Brooks,0.88,0.7,Country,Country
english_Rodeo,English,Garth Brooks,0.36,0.42,Country,Country
english_Standing_Outside_the_Fire,English,Garth Brooks,0.86,0.72,Country,Country
english_Concrete_Angel,English,Martina McBride,0.52,0.44,Country,Country
english_Wild_Angels,English,Martina McBride,0.78,0.54,Country,Country
english_Love's_the_Only_House,English,Martina McBride,0.82,0.58,Country,Country
english_Safe_in_the_Arms_of_Love,English,Martina McBride,0.88,0.68,Country,Country
english_Don't_Take_the_Girl,English,Tim McGraw,0.7,0.48,Country,Country
"english_I_Like_It,_I_Love_It",English,Tim McGraw,0.88,0.7,Country,Country
english_Real_Good_Man,English,Tim McGraw,0.84,0.68,Country,Country
english_Living_and_Living_Well,English,George Strait,0.86,0.6,Country,Country
english_He_Didn't_Have_to_Be,English,Brad Paisley,0.82,0.48,Country,Country
english_Online,English,Brad Paisley,0.9,0.66,Country,Country
english_Teardrops_on_My_Guitar,English,Taylor Swift,0.58,0.63,Country,Country
english_Our_Song,English,Taylor Swift,0.69,0.44,Country,Country
english_Tim_McGraw,English,Taylor Swift,0.78,0.48,Country,Country
english_Fifteen,English,Taylor Swift,0.64,0.65,Country,Country
english_Southern_Voice,English,Tim McGraw,0.82,0.62,Country,Country
english_Toes,English,Zac Brown Band,0.94,0.76,Country,Country
english_Drink_a_Beer,English,Luke Bryan,0.58,0.44,Country,Country
english_Beer_Never_Broke_My_Heart,English,Luke Combs,0.94,0.82,Country,Country
english_Rich,English,Maren Morris,0.81,0.79,Country,Country
english_Lyin'_Eyes,English,Eagles,0.72,0.5,Country,Country
english_Peaceful_Easy_Feeling,English,Eagles,0.84,0.46,Country,Country
english_Take_Me_as_I_Am,English,Faith Hill,0.85,0.69,Country,Country
english_This_Kiss,English,Faith Hill,0.92,0.72,Country,Country
english_There_You'll_Be,English,Faith Hill,0.78,0.61,Country,Country
english_Mississippi_Girl,English,Faith Hill,0.9,0.66,Country,Country
english_Austin,English,Blake Shelton,0.76,0.48,Country,Country
english_God's_Country,English,Blake Shelton,0.84,0.72,Country,Country
english_Honey_Bee,English,Blake Shelton,0.92,0.74,Country,Country
english_Boys_'Round_Here,English,Blake Shelton,0.94,0.8,Country,Country
english_What_Hurts_the_Most,English,Rascal Flatts,0.55,0.56,Country,Country
english_Bless_the_Broken_Road,English,Rascal Flatts,0.86,0.52,Country,Country
english_Mayberry,English,Rascal Flatts,0.84,0.6,Country,Country
english_Fast_Cars_and_Freedom,English,Rascal Flatts,0.88,0.7,Country,Country
english_Somebody's_Hero,English,Jamie O'Neal,0.9,0.7,Country,Country
english_There_Is_No_Arizona,English,Jamie O'Neal,0.7,0.52,Country,Country
english_When_I_Think_About_Angels,English,Jamie O'Neal,0.86,0.62,Country,Country
english_Frantic,English,Jamie O'Neal,0.78,0.71,Country,Country
english_Trying_to_Find_Atlantis,English,Jamie O'Neal,0.84,0.64,Country,Country
english_If_You're_Going_Through_Hell,English,Rodney Atkins,0.88,0.68,Country,Country
english_Watching_You,English,Rodney Atkins,0.42,0.74,Country,Country
english_Take_a_Back_Road,English,Rodney Atkins,0.92,0.72,Country,Country
english_These_Are_My_People,English,Rodney Atkins,0.86,0.66,Country,Country
english_Farmer's_Daughter,English,Rodney Atkins,0.86,0.52,Country,Country
english_Leave_the_Pieces,English,The Wreckers,0.72,0.54,Country,Country
"english_Stand_Still,_Look_Pretty",English,The Wreckers,0.84,0.6,Country,Country
"english_My,_Oh_My",English,The Wreckers,0.49,0.41,Country,Country
english_Tennessee,English,The Wreckers,0.82,0.52,Country,Country
english_Red_Ragtop,English,Tim McGraw,0.66,0.5,Country,Country
english_Where_the_Green_Grass_Grows,English,Tim McGraw,0.88,0.66,Country,Country
english_Something_Like_That_(Live),English,Tim McGraw,0.9,0.7,Country,Country
english_Down_on_the_Farm,English,Tim McGraw,0.92,0.78,Country,Country
english_Starting_Over,English,Chris Stapleton,0.73,0.72,Country,Country
english_Fire_Away,English,Chris Stapleton,0.66,0.5,Country,Country
english_Millionaire,English,Chris Stapleton,0.76,0.68,Country,Country
english_Traveller,English,Chris Stapleton,0.71,0.65,Country,Country
english_Nobody_to_Blame,English,Chris Stapleton,0.74,0.6,Country,Country
english_Maggie's_Song,English,Chris Stapleton,0.62,0.42,Country,Country
english_Arkansas,English,Chris Stapleton,0.66,0.46,Country,Country
english_Parachute,English,Chris Stapleton,0.47,0.54,Country,Country
english_Colder_Weather_(Live),English,Zac Brown Band,0.7,0.5,Country,Country
english_Chicken_Fried_(Live),English,Zac Brown Band,0.9,0.7,Country,Country
english_Free_(Live),English,Zac Brown Band,0.86,0.56,Country,Country
english_Toes_(Live),English,Zac Brown Band,0.93,0.73,Country,Country
english_Highway_20_Ride,English,Zac Brown Band,0.72,0.48,Country,Country
english_You_Should_Probably_Leave,English,Chris Stapleton,0.68,0.46,Country,Country
english_Joy_of_My_Life,English,Chris Stapleton,0.84,0.54,Country,Country
english_White_Horse,English,Chris Stapleton,0.66,0.55,Country,Country
english_Devil_Always_Made_Me_Think_Twice,English,Chris Stapleton,0.7,0.58,Country,Country
english_Second_One_to_Know,English,Chris Stapleton,0.76,0.64,Country,Country
english_Hometown_Girl,English,Josh Turner,0.93,0.65,Country,Country
english_Long_Black_Train,English,Josh Turner,0.72,0.48,Country,Country
english_Your_Man,English,Josh Turner,0.49,0.37,Country,Country
english_Time_Is_Love,English,Josh Turner,0.85,0.57,Country,Country
english_Why_Don't_We_Just_Dance,English,Josh Turner,0.92,0.7,Country,Country
english_The_House_That_Built_Me,English,Miranda Lambert,0.46,0.49,Country,Country
english_Bluebird,English,Miranda Lambert,0.82,0.54,Country,Country
english_Automatic,English,Miranda Lambert,0.36,0.71,Country,Country
english_Tin_Man,English,Miranda Lambert,0.76,0.79,Country,Country
english_My_Wish,English,Rascal Flatts,0.86,0.5,Country,Country
english_Here_Comes_Goodbye,English,Rascal Flatts,0.64,0.48,Country,Country
english_Stand,English,Rascal Flatts,0.38,0.37,Country,Country
english_Take_Me_There,English,Rascal Flatts,0.9,0.68,Country,Country
english_Rewind,English,Rascal Flatts,0.57,0.38,Country,Country
english_The_Good_Stuff,English,Kenny Chesney,0.82,0.52,Country,Country
english_Anything_but_Mine,English,Kenny Chesney,0.8,0.5,Country,Country
english_Beer_in_Mexico,English,Kenny Chesney,0.86,0.68,Country,Country
english_When_the_Sun_Goes_Down,English,Kenny Chesney,0.82,0.69,Country,Country
english_Follow_Your_Arrow,English,Kacey Musgraves,0.88,0.62,Country,Country
english_Merry_Go_'Round,English,Kacey Musgraves,0.72,0.5,Country,Country
english_Biscuits,English,Kacey Musgraves,0.51,0.59,Country,Country
english_Big_Green_Tractor,English,Jason Aldean,0.88,0.62,Country,Country
english_She's_Country,English,Jason Aldean,0.9,0.74,Country,Country
english_Fly_Over_States,English,Jason Aldean,0.82,0.6,Country,Country
english_Night_Train,English,Jason Aldean,0.38,0.46,Country,Country
english_Take_It_from_Me,English,Jordan Davis,0.76,0.44,Country,Country
english_Singles_You_Up,English,Jordan Davis,0.88,0.7,Country,Country
english_Slow_Dance_in_a_Parking_Lot,English,Jordan Davis,0.82,0.54,Country,Country
english_Almost_Maybes,English,Jordan Davis,0.8,0.58,Country,Country
english_Buy_Dirt,English,Jordan Davis,0.9,0.52,Country,Country
english_Somebody_Else_Will,English,Justin Moore,0.84,0.64,Country,Country
english_Small_Town_USA,English,Justin Moore,0.88,0.66,Country,Country
english_Til_My_Last_Day,English,Justin Moore,0.9,0.6,Country,Country
english_Bait_a_Hook,English,Justin Moore,0.92,0.72,Country,Country
english_Point_at_You,English,Justin Moore,0.86,0.68,Country,Country
english_You_Should_Be_Here,English,Cole Swindell,0.7,0.48,Country,Country
english_Middle_of_a_Memory,English,Cole Swindell,0.82,0.56,Country,Country
english_Chillin'_It,English,Cole Swindell,0.9,0.7,Country,Country
english_Love_You_Too_Late,English,Cole Swindell,0.65,0.77,Country,Country
english_Break_Up_in_the_End,English,Cole Swindell,0.66,0.5,Country,Country
english_I_Hope_You're_Happy_Now,English,Carly Pearce,0.72,0.58,Country,Country
english_Every_Little_Thing,English,Carly Pearce,0.78,0.4,Country,Country
english_Next_Girl,English,Carly Pearce,0.82,0.66,Country,Country
english_Hide_the_Wine,English,Carly Pearce,0.86,0.72,Country,Country
english_What_He_Didn't_Do,English,Carly Pearce,0.64,0.46,Country,Country
english_Whitehouse_Road,English,Tyler Childers,0.78,0.66,Country,Country
english_All_Your'n,English,Tyler Childers,0.88,0.58,Country,Country
english_House_Fire,English,Tyler Childers,0.74,0.46,Country,Country
english_Burning_House,English,Cam,0.66,0.44,Country,Country
english_Diane,English,Cam,0.78,0.48,Country,Country
english_Till_There's_Nothing_Left,English,Cam,0.47,0.44,Country,Country
english_Mayday,English,Cam,0.69,0.52,Country,Country
english_Country_Ain't_Never_Been_Pretty,English,Cam,0.82,0.58,Country,Country
english_More_Hearts_Than_Mine,English,Ingrid Andress,0.76,0.5,Country,Country
english_Lady_Like,English,Ingrid Andress,0.84,0.64,Country,Country
english_Wishful_Drinking,English,Ingrid Andress,0.87,0.62,Country,Country
english_Seeing_Someone_Else,English,Ingrid Andress,0.72,0.54,Country,Country
english_Good_Person,English,Ingrid Andress,0.8,0.56,Country,Country
english_I'd_Be_Better_Off_(In_a_Pine_Box),English,Doug Stone,0.88,0.68,Country,Country
english_Too_Busy_Being_in_Love,English,Doug Stone,0.9,0.7,Country,Country
english_Come_in_Out_of_the_Pain,English,Doug Stone,0.87,0.62,Country,Country
english_Born_to_Fly,English,Sara Evans,0.98,0.88,Country,Country
english_Suds_in_the_Bucket,English,Sara Evans,0.96,0.9,Country,Country
english_A_Little_Bit_Stronger,English,Sara Evans,0.94,0.76,Country,Country
english_No_Place_That_Far,English,Sara Evans,0.92,0.72,Country,Country
english_I_Could_Not_Ask_for_More,English,Sara Evans,0.76,0.57,Country,Country
english_Groban_–_Canto_Alla_Vita,English,Josh Groban,0.23,0.33,Classical,Classical
english_Akiko_Shikata_–_白夢の繭_Ricordando_il_passato,English,志方あきこ,0.45,0.51,Classical,Classical
english_Schubert_–_Ave_Maria,English,Franz Schubert,0.48,0.39,Classical,Classical
english_Puccini_–_O_Mio_Babbino_Caro,English,Giacomo Puccini,0.62,0.48,Classical,Classical
english_Puccini_–_Nessun_Dorma,English,Giacomo Puccini,0.7,0.66,Classical,Classical
"english_Bach_–_Jesu,_Joy_of_Man’s_Desiring",English,Johann Sebastian Bach,0.76,0.61,Classical,Classical
english_Grieg_–_In_the_Hall_of_the_Mountain_King,English,Edvard Grieg,0.56,0.65,Classical,Classical
english_Massenet_–_Meditation_from_Thaïs,English,Jules Massenet,0.74,0.38,Classical,Classical
english_Beethoven_–_Adagio_Cantabile,English,Ludwig van Beethoven,0.64,0.42,Classical,Classical
english_Schubert_–_Serenade,English,Franz Schubert,0.72,0.46,Classical,Classical
english_Pärt_–_Summa,English,Arvo Pärt,0.6,0.34,Classical,Classical
english_Richter_–_On_the_Nature_of_Daylight,English,Max Richter,0.58,0.4,Classical,Classical
english_Satie_–_Je_te_veux,English,Erik Satie,0.66,0.48,Classical,Classical
english_Górecki_–_Totus_Tuus,English,Henryk Górecki,0.66,0.42,Classical,Classical
english_Glass_–_Einstein_on_the_Beach,English,Philip Glass,0.72,0.7,Classical,Classical
english_Glass_–_Akhnaten,English,Philip Glass,0.66,0.68,Classical,Classical
english_Speedball,English,John Zorn,0.36,0.81,Jazz,Jazz
english_They_All_Laughed,English,Tony Bennett,0.75,0.71,Jazz,Jazz
english_Parabola,English,Jawbreaker,0.54,0.64,Jazz,Jazz
english_Toto_Dies,English,Nellie McKay,0.61,0.61,Jazz,Jazz
english_ライラニア,English,志方あきこ,0.61,0.57,Jazz,Jazz
english_ナゾ？,English,志方あきこ,0.6,0.63,Jazz,Jazz
english_Stupid,English,Stupid,0.67,0.68,Jazz,Jazz
english_Powerhouse,English,Raymond Scott,0.66,0.61,Jazz,Jazz
english_Dream,English,Michael Bublé,0.62,0.48,Jazz,Jazz
english_Pinky,English,Sarah Vaughan,0.41,0.48,Jazz,Jazz
english_Once_In_Your_Life,English,Betty Carter,0.85,0.49,Jazz,Jazz
english_Whispering,English,Frank Sinatra,0.88,0.52,Jazz,Jazz
english_Rituals,English,Nicola Conte,0.65,0.61,Jazz,Jazz
english_Bliss,English,Rosie Brown,0.93,0.56,Jazz,Jazz
english_Nights_at_the_Turntable,English,Gerry Mulligan,0.81,0.36,Jazz,Jazz
english_I_Love_Paris,English,Etta Jones,0.86,0.34,Jazz,Jazz
english_Beast_of_Burden,English,Donald Byrd,0.86,0.34,Jazz,Jazz
english_Wave,English,Nancy Wilson,0.76,0.34,Jazz,Jazz
english_Hit_The_Spot,English,Leslie Mendelson,0.82,0.36,Jazz,Jazz
english_Dreamsville,English,Pat Martino,0.87,0.52,Jazz,Jazz
english_A_Soft_Place_To_Fall,English,Nelson Rangell,0.86,0.34,Jazz,Jazz
english_Manoir_Des_Mes_Reves,English,Django Reinhardt,0.86,0.34,Jazz,Jazz
english_Feel_The_Vibe,English,Loose Ends,0.83,0.55,Jazz,Jazz
english_High_Night,English,Till Brönner,0.86,0.34,Jazz,Jazz
english_When_My_Angers_Starts_To_Cry,English,Beady Belle,0.86,0.34,Jazz,Jazz
english_Só_Danço_Samba,English,Till Brönner,0.86,0.34,Jazz,Jazz
english_Tudo_Que_Voce_Podia_Ser,English,Azymuth,0.81,0.46,Jazz,Jazz
english_Memphis_in_June,English,Julie London,0.86,0.34,Jazz,Jazz
english_Noon_At_The_Moon,English,Calm,0.73,0.41,Jazz,Jazz
english_Scar,English,Joe Henry,0.86,0.34,Jazz,Jazz
english_In_Between_the_Heartaches,English,George Duke,0.83,0.41,Jazz,Jazz
english_L,English,Nat King Cole,0.85,0.51,Jazz,Jazz
english_A_Child_Is_Born,English,Paul McCandless,0.89,0.55,Jazz,Jazz
english_Some_Traveling_Music,English,Frank Sinatra,0.86,0.34,Jazz,Jazz
english_A_Taste_Of_Honey,English,Chet Baker,0.86,0.34,Jazz,Jazz
english_I_Remember_Clifford,English,Art Blakey & The Jazz Messengers,0.89,0.46,Jazz,Jazz
english_First-Time_Love,English,Dave Grusin,0.86,0.34,Jazz,Jazz
english_Gabriel's_Oboe,English,Chris Botti,0.86,0.34,Jazz,Jazz
english_Get_It_On,English,Monodeluxe,0.84,0.49,Jazz,Jazz
english_The_Breeze,English,Leena Conquest,0.81,0.36,Jazz,Jazz
english_Byrd_Plays,English,Incognito,0.82,0.36,Jazz,Jazz
english_59,English,Jacky Terrasson,0.76,0.42,Jazz,Jazz
english_Dinosaur,English,Al Jarreau,0.74,0.39,Jazz,Jazz
english_Meditation,English,TOM & JOY,0.86,0.34,Jazz,Jazz
english_Proof,English,Pat Metheny,0.87,0.4,Jazz,Jazz
english_Song_For_the_Oud,English,James Uhart,0.8,0.43,Jazz,Jazz
english_Birds_Of_Paradise,English,Carla Bley,0.82,0.39,Jazz,Jazz
english_Moon_Over_Naples,English,Bert Kaempfert,0.75,0.55,Jazz,Jazz
english_Alabama,English,John Coltrane,0.5,0.47,Jazz,Jazz
english_Hey_Eugene,English,Pink Martini,0.84,0.62,Jazz,Jazz
english_Moonlight_Serenade,English,Frank Sinatra,0.8,0.42,Jazz,Jazz
english_Le_Poisson_Des_Mers_Du_Sud,English,Isabelle Antena,0.85,0.45,Jazz,Jazz
english_Samba_Em_Prelúdio,English,Esperanza Spalding,0.83,0.26,Jazz,Jazz
english_Audrey,English,Dave Brubeck,0.79,0.31,Jazz,Jazz
english_Lover's_Leap,English,Béla Fleck and the Flecktones,0.76,0.42,Jazz,Jazz
english_Besame_Mucho,English,Dave Brubeck,0.72,0.35,Jazz,Jazz
english_A_Man_Alone,English,Frank Sinatra,0.54,0.37,Jazz,Jazz
english_Dear_Prudence,English,Brad Mehldau,0.42,0.13,Jazz,Jazz
english_Sunset_Road,English,Béla Fleck and the Flecktones,0.82,0.3,Jazz,Jazz
english_Someone's_Rocking_My_Dreamboat,English,The Ink Spots,0.4,0.42,Jazz,Jazz
english_Some_Enchanted_Evening,English,Frank Sinatra,0.83,0.26,Jazz,Jazz
english_If_I_Could_See,English,Mahavishnu Orchestra,0.83,0.26,Jazz,Jazz
english_Koto_Song,English,Dave Brubeck,0.83,0.26,Jazz,Jazz
english_Ain't_Misbehavin',English,Dinah Washington,0.82,0.58,Jazz,Jazz
english_You'll_Never_Walk_Alone,English,Frank Sinatra,0.75,0.47,Jazz,Jazz
english_Out_of_Nowhere,English,Dave Brubeck,0.72,0.35,Jazz,Jazz
english_Manteca_Theme,English,Dizzy Gillespie,0.52,0.49,Jazz,Jazz
english_I_Wanna_Get_Married,English,Nellie McKay,0.8,0.58,Jazz,Jazz
english_Miles_Davis,English,Rainald Grebe,0.64,0.6,Jazz,Jazz
english_Acapella,English,A-Live,0.64,0.6,Jazz,Jazz
english_Molecular_Structure,English,Mose Allison,0.52,0.55,Jazz,Jazz
english_Simone,English,Boz Scaggs,0.35,0.48,Jazz,Jazz
english_Really,English,Nellie McKay,0.55,0.58,Jazz,Jazz
english_Somebody's_Body,English,George Duke,0.42,0.46,Jazz,Jazz
english_sorriso～Memoria,English,志方あきこ,0.65,0.66,Jazz,Jazz
english_LAYLANIA,English,志方あきこ,0.52,0.72,Jazz,Jazz
english_Farfalle,English,志方あきこ,0.53,0.64,Jazz,Jazz
english_The_Trial_Of_Your_Betrayal,English,Shadow Keep,0.64,0.62,Jazz,Jazz
english_Mark_Of_The_Usurper,English,Shadow Keep,0.64,0.62,Jazz,Jazz
english_Corruption_Within,English,Shadow Keep,0.64,0.62,Jazz,Jazz
english_Arena,English,志方あきこ,0.73,0.63,Jazz,Jazz
english_As_one,English,Shikata,0.67,0.68,Jazz,Jazz
english_Incêndio,English,Stupid,0.69,0.67,Jazz,Jazz
english_It's_Karma_Bitch,English,Anjulie,0.58,0.63,Jazz,Jazz
english_Calamity,English,Marjolaine,0.69,0.67,Jazz,Jazz
english_Constante_Transição,English,Stupid,0.69,0.67,Jazz,Jazz
english_Japanese_Beer,English,Stupid,0.69,0.67,Jazz,Jazz
english_Desce_o_céu,English,Stupid,0.66,0.67,Jazz,Jazz
english_OPIUM_II,English,Ofasia,0.68,0.67,Jazz,Jazz
english_Show_Me_Love,English,Kalliope,0.68,0.67,Jazz,Jazz
english_Orient_Express,English,Joe Zawinul,0.49,0.91,Jazz,Jazz
english_Moist,English,Nastassja Kinski,0.75,0.68,Jazz,Jazz
english_Would_You,English,Touch and Go,0.69,0.88,Jazz,Jazz
english_Mi_niña_Lola,English,Buika,0.46,0.68,Jazz,Jazz
english_History_Repeating,English,Shirley Bassey,0.7,0.63,Jazz,Jazz
english_Be_Careful,English,Peter Cincotti,0.46,0.76,Jazz,Jazz
english_Salty_Papa_Blues,English,Dinah Washington,0.44,0.64,Jazz,Jazz
english_Freakmachine,English,Tied & Tickled Trio,0.64,0.64,Jazz,Jazz
english_Perry_Mason_Theme,English,Buddy Morrow,0.33,0.49,Jazz,Jazz
english_Shoot_To_Kill,English,Quincy Jones & His Orchestra,0.32,0.55,Jazz,Jazz
english_French_Quarter,English,Alex North & His Orchestra,0.34,0.42,Jazz,Jazz
english_Experiment_In_Terror,English,Henry Mancini,0.35,0.61,Jazz,Jazz
english_A_Distant_Voice,English,Sonny Simmons,0.29,0.51,Jazz,Jazz
english_Peace,English,Desert Island Dicks,0.43,0.57,Jazz,Jazz
english_Racine_de_deux,English,Grumpf Quartet,0.47,0.77,Jazz,Jazz
english_Till_The_Cows_Come_Home,English,Lucille Bogan,0.65,0.76,Jazz,Jazz
english_Nice_Guys,English,Art Ensemble Of Chicago,0.39,0.34,Jazz,Jazz
english_鳳凰-Phoenix,English,Jazztronik,0.57,0.5,Jazz,Jazz
english_Night_Waltz,English,Keiko Matsui,0.53,0.53,Jazz,Jazz
english_Splitter,English,"greenwood, johnny",0.17,0.35,Jazz,Jazz
english_22nd_Century,English,Nina Simone,0.7,0.7,Jazz,Jazz
english_3,English,Bohren & der Club of Gore,0.58,0.57,Jazz,Jazz
english_Eclipse,English,Charles Mingus,0.3,0.22,Jazz,Jazz
english_The_Night,English,Morphine,0.59,0.55,Jazz,Jazz
english_Lobby,English,The Kilimanjaro Darkjazz Ensemble,0.58,0.52,Jazz,Jazz
english_Maximum_Black,English,Bohren & der Club of Gore,0.62,0.51,Jazz,Jazz
english_And_Her_Tears_Flowed_Like_Wine,English,Stan Kenton,0.43,0.64,Jazz,Jazz
english_The_Confidence_Man,English,Patti Austin,0.43,0.64,Jazz,Jazz
english_I'm_Down_In_the_Dumps,English,Magda Piskorczyk,0.61,0.57,Jazz,Jazz
english_De_Drums,English,Jarek Śmietana & Wojtek Karolak,0.42,0.57,Jazz,Jazz
english_Crye_Me_A_River,English,Dinah Washington,0.43,0.64,Jazz,Jazz
english_For_All_We_Know,English,Nina Simone,0.39,0.53,Jazz,Jazz
english_Harlem_Fuss,English,Fats Waller And His Buddies,0.68,0.71,Jazz,Jazz
english_Zat_You_Santa_Claus,English,Louis Armstrong,0.51,0.49,Jazz,Jazz
english_Presence,English,Nils Petter Molvær,0.51,0.49,Jazz,Jazz
english_Roma,English,Pizzicato Five,0.6,0.5,Jazz,Jazz
english_Zahouly,English,ZAILM Atoyanh,0.61,0.54,Jazz,Jazz
english_Will,English,Terje Rypdal,0.27,0.67,Jazz,Jazz
english_Krush,English,ZAILM Atoyanh,0.68,0.58,Jazz,Jazz
english_Part_505,English,ZAILM Atoyanh,0.65,0.55,Jazz,Jazz
english_Skeletonised,English,Parrket,0.51,0.49,Jazz,Jazz
english_Umgekehrt,English,Ursull Manchill,0.64,0.6,Jazz,Jazz
english_TounH_Siah,English,Zailm Atoyanh Group,0.59,0.6,Jazz,Jazz
english_Invaders_Must_Die,English,Prodigy,0.55,0.73,Electronic,Electronic
english_Come_to_Daddy,English,Aphex Twin,0.46,0.67,Electronic,Electronic
english_Pills,English,Primal Scream,0.4,0.7,Electronic,Electronic
english_Acid_Annie,English,Natalia Kills,0.36,0.81,Electronic,Electronic
english_Tension,English,Orbital,0.31,0.51,Electronic,Electronic
english_The_Carpathians,English,Ben Frost,0.38,0.79,Electronic,Electronic
english_American_Trash,English,Innerpartysystem,0.61,0.72,Electronic,Electronic
english_Control_Freak,English,Recoil,0.54,0.83,Electronic,Electronic
english_Elephant,English,Idiot Pilot,0.63,0.82,Electronic,Electronic
english_Super_Space_Invaders,English,Eisenfunk,0.64,0.7,Electronic,Electronic
english_Cobrastyle,English,Teddy Bears,0.83,0.85,Electronic,Electronic
english_Power_to_the_Beats,English,Utah Saints,0.6,0.8,Electronic,Electronic
english_Spiritual_Trance,English,Infected Mushroom,0.55,0.61,Electronic,Electronic
english_Decent_Cancer,English,Ashbury Heights,0.38,0.79,Electronic,Electronic
english_Fama_Tuba,English,Helium Vola,0.56,0.63,Electronic,Electronic
english_Young_Boys,English,Lords of Acid,0.77,0.91,Electronic,Electronic
english_The_Girls,English,Diorama,0.38,0.79,Electronic,Electronic
english_I'm_Gonna_Show_You_Crazy,English,Bebe Rexha,0.3,0.85,Electronic,Electronic
english_The_Childcatcher,English,Patrick Wolf,0.57,0.65,Electronic,Electronic
english_Trainwreck,English,Banks,0.3,0.85,Electronic,Electronic
english_Obsession,English,Gesaffelstein,0.46,0.7,Electronic,Electronic
english_Stillbirth,English,Alice Glass,0.5,0.66,Electronic,Electronic
english_Motorhead,English,Primal Scream,0.38,0.36,Electronic,Electronic
english_Stress,English,Crim3s,0.3,0.85,Electronic,Electronic
english_Cowboy_Bob,English,Butthole Surfers,0.3,0.85,Electronic,Electronic
english_Mao_Tse_Tung_Said,English,Alabama 3,0.68,0.69,Electronic,Electronic
english_Pretty_Little_Eyes,English,The Presets,0.7,0.83,Electronic,Electronic
english_Stalker,English,Recoil,0.56,0.55,Electronic,Electronic
english_Pressure_Torture,English,Venetian Snares,0.54,0.82,Electronic,Electronic
english_They_Want_Us_To_Make_A_Symphon,English,Le Tigre,0.36,0.44,Electronic,Electronic
english_Cobalto_Azul,English,Jyoji,0.72,0.63,Electronic,Electronic
english_Welcome_To_The_Breakdown,English,I Fight Dragons,0.24,0.41,Electronic,Electronic
english_Hanakisou,English,志方あきこ,0.46,0.62,Electronic,Electronic
english_Je_T'Aime,English,Goddess,0.71,0.61,Electronic,Electronic
english_Kill,English,Moth,0.36,0.86,Electronic,Electronic
english_Lost,English,Elyzium,0.38,0.79,Electronic,Electronic
english_Fire,English,Prodigy,0.6,0.76,Electronic,Electronic
english_Family,English,Björk,0.54,0.51,Electronic,Electronic
english_Phone_Call,English,The Faint,0.77,0.92,Electronic,Electronic
english_My_Pants_On_Fire,English,Easy Bake Omen,0.74,0.75,Electronic,Electronic
english_anger-E,English,bINARY üBER-gLOTS,0.39,0.72,Electronic,Electronic
english_Riot,English,Flying Lotus,0.74,0.62,Electronic,Electronic
english_Seven_Stars,English,Air,0.65,0.44,Electronic,Electronic
english_Worlds_Converged,English,Midnight Juggernauts,0.53,0.55,Electronic,Electronic
english_Mental_Universe,English,Free the Robots,0.37,0.65,Electronic,Electronic
english_Flash_Ram,English,Brainiac,0.42,0.71,Electronic,Electronic
english_The_Symbiote,English,Eprom,0.37,0.65,Electronic,Electronic
english_Lector's_Cell,English,The Reds,0.55,0.68,Electronic,Electronic
english_Interlude_I,English,Covenant,0.55,0.59,Electronic,Electronic
english_Leed's_House,English,The Reds,0.6,0.64,Electronic,Electronic
english_Dum_Dum_Dice,English,The Reds,0.58,0.67,Electronic,Electronic
english_Can't_Bring_You_Back,English,The Reds,0.53,0.56,Electronic,Electronic
english_Till_the_End,English,The Reds,0.54,0.7,Electronic,Electronic
english_Lost_Forever,English,The Reds,0.61,0.65,Electronic,Electronic
english_Lookout,English,The Reds,0.54,0.7,Electronic,Electronic
english_Strangeness,English,The Reds,0.5,0.73,Electronic,Electronic
english_Shaken_Cold,English,The Reds,0.58,0.67,Electronic,Electronic
english_Beat_Away,English,The Reds,0.54,0.7,Electronic,Electronic
english_Survival,English,Somatic Responses,0.49,0.61,Electronic,Electronic
english_Mister_Z,English,The Reds,0.5,0.73,Electronic,Electronic
english_Three_Forty_Seven,English,Bruce Cohen,0.5,0.73,Electronic,Electronic
english_Alexandria_by_Night,English,Tim Doyle,0.52,0.61,Electronic,Electronic
english_Empty,English,t r y ^ d,0.57,0.43,Electronic,Electronic
english_Ready_to_Lose,English,The Knife,0.43,0.77,Electronic,Electronic
english_Kitty_Cat,English,Amon Tobin,0.68,0.73,Electronic,Electronic
english_If_It_Really_Is_Me,English,Polygon Window,0.55,0.59,Electronic,Electronic
english_Rain_of_Brass_Petals,English,Akira Yamaoka,0.24,0.42,Electronic,Electronic
english_Berserker,English,Gary Numan,0.36,0.44,Electronic,Electronic
english_Terre_Zippy,English,Speedy J,0.57,0.66,Electronic,Electronic
english_Pain_Game,English,Fonik,0.47,0.77,Electronic,Electronic
english_7,English,Hecq,0.43,0.66,Electronic,Electronic
english_Double_Vision,English,Cabaret Voltaire,0.49,0.54,Electronic,Electronic
english_Mudo_e_Surdo,English,Paus,0.39,0.47,Electronic,Electronic
english_Atoll,English,Lustmord,0.47,0.77,Electronic,Electronic
english_Trinity,English,Lustmord,0.47,0.77,Electronic,Electronic
english_17,English,Hecq,0.43,0.77,Electronic,Electronic
english_Gjallarhorn,English,The Panacea,0.43,0.77,Electronic,Electronic
english_L'Hôtel,English,Yello,0.29,0.51,Electronic,Electronic
english_Nicolas_Ritter,English,Matthew Herbert,0.47,0.77,Electronic,Electronic
english_April,English,Slambo,0.69,0.65,Electronic,Electronic
english_Sing_Me_a_Lullaby,English,Slambo,0.69,0.65,Electronic,Electronic
english_Fort_Gnox,English,Zan-zan-zawa-veia,0.58,0.61,Electronic,Electronic
english_Necropolis,English,A Covenant of Thorns,0.54,0.7,Electronic,Electronic
english_Tha_Dog_Song,English,Slambo,0.69,0.65,Electronic,Electronic
english_Cavalier,English,They Live,0.43,0.77,Electronic,Electronic
english_Floating,English,Slambo,0.69,0.65,Electronic,Electronic
english_Over-sked,English,Zan-zan-zawa-veia,0.81,0.74,Electronic,Electronic
english_Dead_Cows,English,Slambo,0.69,0.65,Electronic,Electronic
english_Carjacker,English,Slambo,0.69,0.65,Electronic,Electronic
english_Consumed,English,Slambo,0.68,0.64,Electronic,Electronic
english_Dragonkin,English,Slambo,0.68,0.67,Electronic,Electronic
english_The_Warmth,English,Slambo,0.68,0.67,Electronic,Electronic
english_Sibelius_–_Finlandia,English,Jean Sibelius,0.78,0.8,Classical,Classical
english_Stravinsky_–_The_Firebird_Suite,English,Igor Stravinsky,0.64,0.82,Classical,Classical
english_Stravinsky_–_Pulcinella_Suite,English,Igor Stravinsky,0.72,0.68,Classical,Classical
english_Stravinsky_–_Symphony_of_Psalms,English,Igor Stravinsky,0.6,0.62,Classical,Classical
english_Prokofiev_–_Romeo_and_Juliet_Suite,English,Sergei Prokofiev,0.7,0.78,Classical,Classical
english_Prokofiev_–_Lieutenant_Kijé_Suite,English,Sergei Prokofiev,0.76,0.68,Classical,Classical
english_Elgar_–_Violin_Concerto,English,Edward Elgar,0.72,0.7,Classical,Classical
english_Vaughan_Williams_–_Sea_Symphony,English,Ralph Vaughan Williams,0.74,0.72,Classical,Classical
english_Britten_–_Young_Person's_Guide_to_the_Orchestra,English,Benjamin Britten,0.86,0.74,Classical,Classical
english_Britten_–_Simple_Symphony,English,Benjamin Britten,0.82,0.7,Classical,Classical
english_Britten_–_Violin_Concerto,English,Benjamin Britten,0.68,0.74,Classical,Classical
english_Copland_–_Billy_the_Kid_Suite,English,Aaron Copland,0.8,0.7,Classical,Classical
english_Gershwin_–_Piano_Concerto_in_F,English,George Gershwin,0.8,0.76,Classical,Classical
english_Gershwin_–_Cuban_Overture,English,George Gershwin,0.82,0.78,Classical,Classical
english_Gershwin_–_Variations_on_'I_Got_Rhythm',English,George Gershwin,0.88,0.82,Classical,Classical
english_Handel_–_Water_Music_Suite,English,George Frideric Handel,0.84,0.68,Classical,Classical
english_Fauré_–_Cantique_de_Jean_Racine,English,Gabriel Fauré,0.78,0.61,Classical,Classical
english_Albinoni_–_Sonata_in_G_Minor,English,Tomaso Albinoni,0.68,0.54,Classical,Classical
english_Rachmaninoff_–_Rhapsody_on_a_Theme_of_Paganini,English,Sergei Rachmaninoff,0.68,0.76,Classical,Classical
english_Borodin_–_Polovtsian_Dances,English,Alexander Borodin,0.8,0.76,Classical,Classical
english_Borodin_–_Prince_Igor_Overture,English,Alexander Borodin,0.76,0.78,Classical,Classical
english_Rimsky-Korsakov_–_Russian_Easter_Overture,English,Nikolai Rimsky-Korsakov,0.82,0.8,Classical,Classical
english_Rimsky-Korsakov_–_Antar_Symphony,English,Nikolai Rimsky-Korsakov,0.72,0.68,Classical,Classical
english_Khachaturian_–_Gayane_Suite,English,Aram Khachaturian,0.84,0.82,Classical,Classical
english_Khachaturian_–_Masquerade_Suite,English,Aram Khachaturian,0.8,0.76,Classical,Classical
english_Glazunov_–_Violin_Concerto,English,Alexander Glazunov,0.78,0.74,Classical,Classical
english_Glazunov_–_Raymonda_Suite,English,Alexander Glazunov,0.82,0.7,Classical,Classical
english_Myaskovsky_–_Cello_Concerto,English,Nikolai Myaskovsky,0.62,0.64,Classical,Classical
english_Hummel_–_Trumpet_Concerto_in_E,English,Johann Nepomuk Hummel,0.88,0.74,Classical,Classical
english_Hummel_–_Piano_Concerto_in_A_Minor,English,Johann Nepomuk Hummel,0.8,0.72,Classical,Classical
english_Hummel_–_Mandolin_Concerto,English,Johann Nepomuk Hummel,0.84,0.7,Classical,Classical
english_Spohr_–_Faust_Overture,English,Louis Spohr,0.68,0.72,Classical,Classical
english_Mendelssohn_–_Violin_Concerto_in_E_Minor,English,Felix Mendelssohn,0.8,0.74,Classical,Classical
english_Mendelssohn_–_Hebrides_Overture,English,Felix Mendelssohn,0.74,0.64,Classical,Classical
english_Schumann_–_Piano_Concerto_in_A_Minor,English,Robert Schumann,0.76,0.7,Classical,Classical
english_Bizet_–_Carmen_Habanera,English,Georges Bizet,0.82,0.7,Classical,Classical
english_Bizet_–_L'Arlésienne_Suite,English,Georges Bizet,0.8,0.74,Classical,Classical
english_Bizet_–_Symphony_in_C,English,Georges Bizet,0.78,0.72,Classical,Classical
english_Delibes_–_Coppélia_Waltz,English,Léo Delibes,0.86,0.66,Classical,Classical
english_And_Still_We_Move,English,Crissi Cochrane,0.77,0.72,Jazz,Jazz
english_Rosemary's_Baby_Main_Theme_Vocal,English,Krzysztof Komeda,0.38,0.64,Jazz,Jazz
english_This_Obsession,English,Victoria Hart,0.32,0.6,Jazz,Jazz
english_Cinny's_Waltz,English,Holly Cole,0.88,0.44,Jazz,Jazz
english_Nuthinduan_Waltz,English,Andrew Bird's Bowl of Fire,0.36,0.42,Jazz,Jazz
english_Smooth_Jazz_Christmas_Overture,English,Dave Koz,0.82,0.36,Jazz,Jazz
english_overworld_theme,English,Five Star Hotel,0.41,0.77,Electronic,Electronic
english_Magoo_Opening,English,Cornelius,0.76,0.68,Electronic,Electronic
english_Going_to_Georgia,English,Atom and His Package,0.59,0.61,Electronic,Electronic
english_17_years,English,Ratatat,0.49,0.63,Electronic,Electronic
english_Auto-Lite_Spark_Plugs,English,Raymond Scott,0.49,0.63,Electronic,Electronic
english_Loco,English,Loving Paris,0.49,0.63,Electronic,Electronic
english_Sky_High,English,Nick Hopkin,0.58,0.69,Electronic,Electronic
english_Series_20,English,Nick Hopkin,0.49,0.63,Electronic,Electronic
english_Loop_One,English,Martin Dolgener,0.49,0.63,Electronic,Electronic
english_Tastes_Like_Chicken,English,Nick Hopkin,0.64,0.63,Electronic,Electronic
english_Surf_Bitches,English,Blood Ninjas,0.49,0.63,Electronic,Electronic
english_Gumby_hat,English,T.H.N.,0.49,0.63,Electronic,Electronic
english_Ecuador,English,Buz,0.26,0.47,Electronic,Electronic
english_Try_It_On_You,English,The Reds,0.5,0.73,Electronic,Electronic
english_The_Highest_Flood,English,Forest Swords,0.66,0.71,Electronic,Electronic
english_Rino's_Prayer,English,Leftfield,0.66,0.66,Electronic,Electronic
english_Theme_from_Earthshaker,English,Cabaret Voltaire,0.47,0.77,Electronic,Electronic
english_Violin_Concerto,English,Mieczysław Weinberg,0.88,0.65,Classical,Classical
english_Stabat_Mater,English,Karol Szymanowski,0.85,0.66,Classical,Classical
english_Requiem,English,Alfred Schnittke,0.35,0.82,Classical,Classical
english_Credo,English,Krzysztof Penderecki,0.39,0.24,Classical,Classical
english_Tabula_Rasa,English,Arvo Pärt,0.52,0.83,Classical,Classical
english_Opening,English,Philip Glass,0.47,0.77,Classical,Classical
english_Danse_Macabre,English,Camille Saint-Saëns,0.53,0.66,Classical,Classical
english_Carnaval,English,Robert Schumann,0.5,0.59,Classical,Classical
english_Finlandia,English,Jean Sibelius,0.64,0.6,Classical,Classical
english_Moonlight_Sonata,English,Ludwig van Beethoven,0.68,0.57,Classical,Classical
english_Lacrimosa,English,Wolfgang Amadeus Mozart,0.24,0.39,Classical,Classical
english_Für_Elise,English,Ludwig van Beethoven,0.75,0.58,Classical,Classical
english_Pavane,English,Gabriel Fauré,0.84,0.6,Classical,Classical
english_The_Swan,English,Camille Saint-Saëns,0.56,0.32,Classical,Classical
english_The_Blue_Danube,English,Johann Strauss II,0.91,0.72,Classical,Classical
english_1812_Overture,English,Pyotr Ilyich Tchaikovsky,0.81,0.83,Classical,Classical
english_Serenade,English,Franz Schubert,0.65,0.5,Classical,Classical
english_Magnificat,English,Johann Sebastian Bach,0.69,0.54,Classical,Classical
english_Cantique_de_Jean_Racine,English,Gabriel Fauré,0.78,0.61,Classical,Classical
english_Rhapsody_on_a_Theme_of_Paganini,English,Sergei Rachmaninoff,0.4,0.31,Classical,Classical
english_Vocalise,English,Sergei Rachmaninoff,0.88,0.85,Classical,Classical
english_Scheherazade,English,Nikolai Rimsky-Korsakov,0.26,0.13,Classical,Classical
english_Symphony_No_40,English,Wolfgang Amadeus Mozart,0.63,0.8,classical,Classical
english_Power_Of_Love,English,Mahavishnu Orchestra,0.82,0.44,Jazz,Jazz
english_Beyond_the_Sea_(La_Mer),English,Django Reinhardt,0.85,0.58,Jazz,Jazz
english_Bei_Mir_Bist_Du_Schon,English,The Puppini Sisters,0.79,0.6,Jazz,Jazz
english_黄昏泣き,English,東京事変,0.39,0.19,Jazz,Jazz
english_Baltimore,English,Nina Simone,0.6,0.44,Jazz,Jazz
english_Together,English,Matthew Halsall,0.58,0.47,Jazz,Jazz
english_Being_Me,English,Abbey Lincoln,0.66,0.46,Jazz,Jazz
english_I_Told_Jesus,English,Roberta Flack,0.66,0.59,Jazz,Jazz
english_Ending_Image,English,Arve Henriksen,0.55,0.58,Jazz,Jazz
english_Bye_Bye_Blackbird,English,Rahsaan Roland Kirk,0.71,0.47,Jazz,Jazz
english_Piosenka_dla_Stasia,English,Anna Maria Jopek & Friends with Pat Metheny,0.66,0.46,Jazz,Jazz
english_Sometimes,English,Duncan Parsons,0.61,0.65,Jazz,Jazz
english_I'll_be_seeing_you,English,Frank Sinatra,0.9,0.5,Jazz,Jazz
english_I'm_Old_Fashioned,English,Chet Baker,0.77,0.44,Jazz,Jazz
english_Everybody_Loves_Somebody,English,Frank Sinatra,0.89,0.68,Jazz,Jazz
english_The_Man_I_Love,English,Dinah Shore,0.7,0.62,Jazz,Jazz
english_Autumn_in_New_York,English,Jo Stafford,0.78,0.45,Jazz,Jazz
english_La_Rosita,English,Coleman Hawkins,0.82,0.56,Jazz,Jazz
english_Bless_You,English,The Ink Spots,0.83,0.64,Jazz,Jazz
english_Att_angöra_en_brygga,English,Monica Zetterlund,0.74,0.41,Jazz,Jazz
english_Any_Old_Time,English,Artie Shaw,0.74,0.41,Jazz,Jazz
english_Ev'ry_Time_We_Say_Goodbye,English,John Coltrane,0.82,0.51,Jazz,Jazz
english_Don't_Sit_Under_the_Apple_Tree_(With_Anyone_Else_but_Me),English,The Andrews Sisters,0.83,0.49,Jazz,Jazz
english_Nightbird,English,Eva Cassidy,0.62,0.3,Jazz,Jazz
english_Mad_About_the_Boy,English,Lena Horne,0.74,0.41,Jazz,Jazz
english_Killing_Me_Softly_With_Her_Song,English,Perry Como,0.9,0.68,Jazz,Jazz
english_Le_Cinéma,English,Claude Nougaro,0.74,0.41,Jazz,Jazz
english_How_Much_Is_That_Doggie_In_The_Window,English,Patti Page,0.89,0.69,Jazz,Jazz
english_Everybody_Loves_My_Baby,English,The Boswell Sisters,0.86,0.64,Jazz,Jazz
"english_Medley_Jack_&_NealCalifornia,_Here_I_Come",English,Tom Waits,0.54,0.49,Jazz,Jazz
english_Blue_Moon,English,Billy Eckstine,0.71,0.45,Jazz,Jazz
english_新不了情,English,萬芳,0.88,0.63,Jazz,Jazz
english_My_Blue_Heaven,English,Artie Shaw,0.93,0.74,Jazz,Jazz
english_How_Deep_Is_The_Ocean,English,John Coltrane,0.74,0.41,Jazz,Jazz
english_Easy_to_Remember,English,Billie Holiday,0.6,0.45,Jazz,Jazz
english_Harvest_Time,English,Herbie Hancock,0.74,0.41,Jazz,Jazz
english_I'm_nobody's_baby,English,Mildred Bailey,0.74,0.41,Jazz,Jazz
english_Where_Or_When,English,George Michael,0.28,0.54,Jazz,Jazz
english_After_You've_Gone,English,Marion Harris,0.75,0.71,Jazz,Jazz
english_And_I_Love_Her,English,"Harry Connick, Jr.",0.82,0.6,Jazz,Jazz
english_A_Tree_in_the_Meadow,English,Margaret Whiting,0.65,0.52,Jazz,Jazz
english_Crazy_She_Calls_Me,English,Chet Baker,0.78,0.42,Jazz,Jazz
english_I_Like_The_Sunrise,English,Amel Larrieux,0.84,0.8,Jazz,Jazz
english_Zeigefinger,English,Bohren & der Club of Gore,0.51,0.65,Jazz,Jazz
english_Body_and_Soul_(Live),English,Carmen McRae,0.33,0.61,Jazz,Jazz
english_Willow_Weep_for_Me,English,Nina Simone,0.29,0.38,Jazz,Jazz
english_Low_Down_Man,English,Squirrel Nut Zippers,0.37,0.44,Jazz,Jazz
english_Can_I_Keep_Him,English,Anja Garbarek,0.72,0.36,Jazz,Jazz
english_Days_of_Wine_and_Roses,English,Henry Mancini,0.73,0.39,Jazz,Jazz
english_Trav'lin_Light,English,Billie Holiday,0.39,0.19,Jazz,Jazz
english_Ten_Cents_A_Dance,English,Ruth Etting,0.12,0.24,Jazz,Jazz
english_Lonelytown,English,Paula Cole,0.14,0.28,Jazz,Jazz
english_The_Waltz,English,Silje Nergaard,0.43,0.31,Jazz,Jazz
english_Blues,English,Django Reinhardt,0.2,0.25,Jazz,Jazz
english_Love_Where_Did_You_Go,English,Dayna Kurtz,0.36,0.38,Jazz,Jazz
english_Helsinki-Vantaa,English,Ultra Bra,0.6,0.39,Jazz,Jazz
english_Yöllä,English,Ultra Bra,0.42,0.21,Jazz,Jazz
english_Smoke_Gets_in_Your_Eyes,English,Roxy Music,0.82,0.56,Jazz,Jazz
english_These_Foolish_Things,English,Roxy Music,0.63,0.48,Jazz,Jazz
english_Inside_Each_Other,English,Emma Salokoski Ensemble,0.47,0.37,Jazz,Jazz
english_God_Give_Me_Strength,English,Elvis Costello live with the Metropole Orkest,0.69,0.66,Jazz,Jazz
english_Journey_Of_The_Heart,English,Nnenna Freelon,0.44,0.3,Jazz,Jazz
english_Casting,English,Deep Tree Mantra,0.57,0.38,Jazz,Jazz
english_Chasing_Pavements_(Live),English,Adele,0.59,0.57,Jazz,Jazz
english_Chaotica,English,The Bambi Molesters,0.59,0.57,Jazz,Jazz
english_Misty_Canyon,English,Sven Libaek,0.6,0.56,Jazz,Jazz
english_Little_Angel,English,Bobby Hutcherson,0.45,0.38,Jazz,Jazz
english_Quasars,English,Sven Libaek,0.51,0.43,Jazz,Jazz
english_The_Bell_That_Couldn't_Jingle,English,Burt Bacharach,0.56,0.42,Jazz,Jazz
english_And_You_Know_That,English,Yellowjackets,0.59,0.57,Jazz,Jazz
english_Getting_Nowhere,English,Roy Budd,0.62,0.58,Jazz,Jazz
"english_Baby,_It's_Cold_Outside",English,Al Hirt; Margret Ann,0.51,0.49,Jazz,Jazz
english_Wild_Blues,English,Wild Bill Davis,0.59,0.57,Jazz,Jazz
english_Guns_&_Roses,English,Paradise Lunch,0.72,0.66,Jazz,Jazz
"english_My_Children,_My_Angels",English,Dr.John,0.48,0.53,Jazz,Jazz
english_Help_Yourself,English,Amy Winehouse,0.69,0.45,Jazz,Jazz
english_You_Ain't_Gotta_Lie_(Momma_Said),English,Kendrick Lamar,0.59,0.44,Jazz,Jazz
english_Child_Song,English,The Cinematic Orchestra,0.71,0.44,Jazz,Jazz
english_Moondance,English,Michael Bublé,0.87,0.65,Jazz,Jazz
english_If_The_Stars_Were_Mine,English,Melody Gardot,0.73,0.44,Jazz,Jazz
english_I've_Got_You_Under_My_Skin,English,Michael Bublé,0.92,0.73,Jazz,Jazz
english_It's_Gonna_Be,English,Norah Jones,0.54,0.48,Jazz,Jazz
"english_Quando,_Quando,_Quando",English,Michael Bublé,0.84,0.57,Jazz,Jazz
english_Blame_It_on_the_Moon,English,Katie Melua,0.53,0.47,Jazz,Jazz
english_Let's_Never_Stop_Falling_In_Love,English,Pink Martini,0.8,0.55,Jazz,Jazz
english_Lover_Undercover,English,Melody Gardot,0.76,0.38,Jazz,Jazz
english_Roxanne,English,George Michael,0.75,0.43,Jazz,Jazz
english_How_Can_You_Mend_a_Broken_Heart,English,Michael Bublé,0.69,0.47,Jazz,Jazz
english_Love_Ain't_Gonna_Let_You_Down,English,Jamie Cullum,0.82,0.5,Jazz,Jazz
english_Autumn_Nocturne,English,Lou Donaldson,0.8,0.43,Jazz,Jazz
english_Be_Your_Girl,English,Teedra Moses,0.76,0.47,Jazz,Jazz
english_Sway_(Quien_Sera),English,Dean Martin,0.78,0.43,Jazz,Jazz
english_Ruby_Baby,English,Donald Fagen,0.77,0.46,Jazz,Jazz
english_Maxine,English,Donald Fagen,0.64,0.48,Jazz,Jazz
english_Here's_To_Life,English,Shirley Horn,0.76,0.48,Jazz,Jazz
english_One_Shine,English,The Roots,0.74,0.41,Jazz,Jazz
english_All_Through_The_Night,English,Ella Fitzgerald,0.84,0.53,Jazz,Jazz
english_Miss_Riddle,English,Boz Scaggs,0.71,0.47,Jazz,Jazz
english_The_Goodbye_Look,English,Donald Fagen,0.75,0.46,Jazz,Jazz
"english_Bewitched,_Bothered,_And_Bewildered",English,Ella Fitzgerald,0.79,0.47,Jazz,Jazz
english_Alone_and_I,English,Herbie Hancock,0.77,0.5,Jazz,Jazz
english_Mr_Magic_(Through_the_Smoke),English,Amy Winehouse,0.69,0.45,Jazz,Jazz
english_The_Gardens_Of_Sampson_&_Beasley,English,Pink Martini,0.78,0.44,Jazz,Jazz
english_Red_Baron,English,Billy Cobham,0.76,0.62,Jazz,Jazz
english_It'll_Come,English,Belleruche,0.75,0.45,Jazz,Jazz
english_Walk_Between_Raindrops,English,Donald Fagen,0.8,0.44,Jazz,Jazz
english_Abidan,English,Electric Masada,0.74,0.6,Jazz,Jazz
english_Crab_Apple_Jam,English,David Snell,0.86,0.73,Jazz,Jazz
english_Beyond_the_Stars,English,Jimi Tenor,0.65,0.69,Jazz,Jazz
english_This_Will_Be,English,Natalie Cole,0.51,0.45,Jazz,Jazz
english_Midget,English,Jaga Jazzist,0.49,0.43,Jazz,Jazz
english_Fake,English,The Brand New Heavies,0.2,0.25,Jazz,Jazz
english_Surrender,English,The Brand New Heavies,0.49,0.91,Jazz,Jazz
english_Waste_My_Time,English,The Brand New Heavies,0.57,0.79,Jazz,Jazz
english_How_Do_You_Think,English,The Brand New Heavies,0.69,0.63,Jazz,Jazz
english_How_We_Do_This,English,The Brand New Heavies,0.57,0.79,Jazz,Jazz
english_It_Could_Be_Me,English,The Brand New Heavies,0.78,0.83,Jazz,Jazz
english_Show_Me_the_Way,English,Zap Mama,0.57,0.79,Jazz,Jazz
english_Jerkoff,English,Bourbon Princess,0.38,0.56,Jazz,Jazz
english_Don't_Sleep_In_The_Subway,English,Frank Sinatra,0.78,0.65,Jazz,Jazz
english_Ex_ego,English,Możdżer Danielsson Fresco,0.76,0.75,Jazz,Jazz
english_Panama,English,The Cat Empire,0.94,0.79,Jazz,Jazz
english_Jive_Samba,English,Cannonball Adderley,0.76,0.74,Jazz,Jazz
english_Nothing,English,Nikka Costa,0.47,0.78,Jazz,Jazz
english_Heart_Shaped_Rock,English,Berry Weight,0.81,0.7,Jazz,Jazz
english_Govinda_Jai_Jai,English,Alice Coltrane,0.77,0.58,Jazz,Jazz
english_Holding_Me_Down,English,Toby Lightman,0.67,0.63,Jazz,Jazz
english_This_Little_Bird,English,Allison Crowe,0.8,0.71,Jazz,Jazz
english_Asta_II,English,Możdżer Danielsson Fresco,0.47,0.35,Jazz,Jazz
english_Me_jedyne_niebo,English,A. M. Jopek & Pat Metheny,0.63,0.49,Jazz,Jazz
english_Canela,English,Santana,0.78,0.48,Jazz,Jazz
english_Che_Cossè_L'amor,English,Vinicio Capossela,0.5,0.42,Jazz,Jazz
english_Summer_Sun,English,Koop (Featuring Yukimi Nagano),0.7,0.45,Jazz,Jazz
english_Bubblebath,English,Simply Put,0.27,0.33,Jazz,Jazz
english_Algiers_Stomp,English,Preservation Hall Jazz Band,0.66,0.57,Jazz,Jazz
english_thoughts_of_you,English,Freddie Fox,0.4,0.24,Jazz,Jazz
english_This_Way,English,Acoustic Alchemy,0.99,0.87,Jazz,Jazz
english_That_Easy,English,Clara Hill,0.46,0.28,Jazz,Jazz
english_Drummin'_Man,English,Gene Krupa,0.81,0.69,Jazz,Jazz
english_She_Could_Be_Mine,English,Dave Grusin,0.78,0.53,Jazz,Jazz
english_Where_Love_Shines,English,Incognito,0.9,0.76,Jazz,Jazz
english_What_A_Little_Moonlight_Can_Do,English,Emilie-Claire Barlow,0.9,0.78,Jazz,Jazz
english_Shadows_in_the_Rain,English,Sting and Gil Evans,0.81,0.69,Jazz,Jazz
english_I_Am_A_Missile,English,The Kingsize Five,0.9,0.78,Jazz,Jazz
english_Some_Of_These_Days,English,"Ted Lewis & His Band, featuring Sophie Tucker",0.81,0.69,Jazz,Jazz
english_Dizzy's_Dream,English,The Dave Brubeck Quartet,0.81,0.69,Jazz,Jazz
english_Is_you_or_is_you_aint_my_baby,English,Renee Olstead,0.71,0.64,Jazz,Jazz
english_Beautiful_People,English,Mathilde Santing,0.76,0.56,Jazz,Jazz
english_Thando's_Groove,English,Sibongile Khumalo,0.82,0.55,Jazz,Jazz
english_Tropidelico,English,The Quantic Soul Orchestra,0.82,0.55,Jazz,Jazz
english_Innocence,English,Keith Jarrett,0.51,0.59,Jazz,Jazz
english_test3,English,The Courageous Egg,0.77,0.61,Jazz,Jazz
english_Trubbel,English,Monica Zetterlund,0.78,0.42,Jazz,Jazz
english_Humpty_Dumpty,English,Placebo,0.77,0.48,Jazz,Jazz
english_Too_Young_To_Go_Steady,English,Karrin Allyson,0.65,0.56,Jazz,Jazz
english_You_for_Me,English,Blossom Dearie,0.77,0.48,Jazz,Jazz
english_I'm_Hip,English,Blossom Dearie,0.85,0.58,Jazz,Jazz
english_There's_More_to_Life,English,Tiago Iorc,0.84,0.57,Jazz,Jazz
english_Heart_and_Soul,English,Mel Tormé,0.68,0.71,Jazz,Jazz
english_That_Fascinating_Thing,English,Squirrel Nut Zippers,0.77,0.48,Jazz,Jazz
english_By_the_Numbers,English,John Coltrane,0.78,0.44,Jazz,Jazz
english_Lose_&_Win,English,Beady Belle,0.59,0.49,Jazz,Jazz
english_I_Walk_a_Little_Faster,English,Blossom Dearie,0.79,0.36,Jazz,Jazz
english_Kool_Kat_Walk,English,Julee Cruise,0.79,0.52,Jazz,Jazz
english_Ice,English,Jazzanova,0.76,0.69,Jazz,Jazz
english_Last_Tango_for_Astor,English,Al Di Meola,0.77,0.48,Jazz,Jazz
english_All_Of_You,English,Helen Merrill,0.81,0.65,Jazz,Jazz
english_Let_it_be_me,English,Inger Marie Gundersen,0.83,0.59,Jazz,Jazz
english_Soiree,English,Bill Evans,0.77,0.48,Jazz,Jazz
english_A_Little_Bird_Told_Me,English,Evelyn Knight,0.77,0.48,Jazz,Jazz
english_Miles_of_Blue_(Blue_Miles),English,Joe Sample,0.69,0.43,Jazz,Jazz
english_If_Only,English,Patrice Rushen,0.32,0.6,Jazz,Jazz
english_Looking_At_My_Feet,English,Room Eleven,0.64,0.48,Jazz,Jazz
english_Looney_Little_Tooney,English,Willie The Lion Smith,0.5,0.53,Jazz,Jazz
english_I_Have_A_Ghost_Now_What,English,Jaga Jazzist,0.83,0.5,Jazz,Jazz
english_Fertile_Field,English,Bobby McFerrin,0.85,0.61,Jazz,Jazz
english_The_House_I_Live_In,English,Frank Sinatra,0.88,0.58,Jazz,Jazz
english_Çal_Kapımı,English,Birsen Tezer,0.86,0.58,Jazz,Jazz
english_Wack_Wack,English,Buddy Rich,0.57,0.56,Jazz,Jazz
english_Dikalo,English,Manu Dibango,0.88,0.58,Jazz,Jazz
english_What_Game_Shall_We_Play_Today,English,Chick Corea & Gary Burton,0.79,0.62,Jazz,Jazz
english_All_I'm_Good_For,English,Benny Sings,0.85,0.61,Jazz,Jazz
english_What_a_Wonderful_World,English,Kenny G,0.89,0.76,Jazz,Jazz
english_Metropolis,English,Toshiyuki Honda,0.49,0.63,Jazz,Jazz
english_Karen,English,Le Maximum Kouette,0.66,0.63,Jazz,Jazz
english_Don´t_Worry_Be_Happy,English,Bobby McFerrin,0.88,0.58,Jazz,Jazz
english_Pogoda_Ducha,English,Hanna Banaszak,0.88,0.58,Jazz,Jazz
"english_Don`t_Worry,_Be_Happy",English,Bobby McFerrin,0.89,0.6,Jazz,Jazz
english_Over_The_Rainbow,English,Art Tatum,0.83,0.61,Jazz,Jazz
english_Christina,English,Earl Klugh,0.8,0.46,Jazz,Jazz
english_Consuelo's_Love_Theme,English,Chuck Mangione,0.86,0.66,Jazz,Jazz
english_Passing_Strangers,English,Sarah Vaughan,0.47,0.52,Jazz,Jazz
english_B'Bye,English,Chuck Mangione,0.77,0.58,Jazz,Jazz
english_An_Affair_to_Remember,English,Emile Pandolfi,0.84,0.63,Jazz,Jazz
english_A_Song_For_You,English,Christina Aguilera,0.52,0.35,Jazz,Jazz
english_Your_Lonely_Heart,English,Natalie Cole,0.5,0.42,Jazz,Jazz
english_Who_Can_I_Turn_to,English,Tony Bennett,0.63,0.61,Jazz,Jazz
english_C'est_La_Vie,English,Andrzej Zaucha,0.69,0.63,Jazz,Jazz
english_Who_Can_I_Turn_To_(When_Nobody_Needs_Me),English,Wynton Marsalis,0.6,0.56,Jazz,Jazz
english_Misty_(Instrumental),English,Erroll Garner,0.6,0.56,Jazz,Jazz
english_View_from_the_Hill,English,McCoy Tyner,0.43,0.52,Jazz,Jazz
english_Sometimes_I'm_Happy,English,Alberta Hunter,0.47,0.52,Jazz,Jazz
english_But_I_Am_a_Good_Girl,English,Christina Aguilera,0.85,0.73,Jazz,Jazz
english_Pure,English,Boney James,0.72,0.62,Jazz,Jazz
english_De_Zee,English,Trijntje Oosterhuis,0.63,0.74,Jazz,Jazz
english_Stone_Groove,English,Boney James,0.8,0.56,Jazz,Jazz
english_All_About_the_Weather,English,Phoebe Partridge,0.86,0.57,Jazz,Jazz
english_Pure_[Mig's_Petalpusher_Vocal],English,Blue Six,0.8,0.56,Jazz,Jazz
english_I'm_Thru_With_Love,English,Marilyn Monroe,0.89,0.71,Jazz,Jazz
english_(This_Is)_A_Fine_Romance,English,Marilyn Monroe,0.82,0.69,Jazz,Jazz
english_Sacred,English,Amel Larrieux,0.82,0.69,Jazz,Jazz
english_Morgen_Kinder_wirds_was_geben,English,Christmazz,0.82,0.69,Jazz,Jazz
english_All_I_want_for_Christmazz,English,Christmazz,0.82,0.69,Jazz,Jazz
english_Lust_For_Life,English,Vikter Duplaix,0.68,0.41,Jazz,Jazz
english_Journey_Home,English,Maria Schneider Orchestra,0.77,0.68,Jazz,Jazz
english_Allégresse,English,Maria Schneider Orchestra,0.82,0.6,Jazz,Jazz
english_Last_Season,English,Maria Schneider Orchestra,0.82,0.6,Jazz,Jazz
english_Evanescence,English,Maria Schneider Orchestra,0.7,0.61,Jazz,Jazz
english_Green_Piece,English,Maria Schneider Orchestra,0.82,0.6,Jazz,Jazz
english_My_Lament,English,Maria Schneider Orchestra,0.66,0.61,Jazz,Jazz
english_Gush,English,Maria Schneider Orchestra,0.54,0.42,Jazz,Jazz
english_El_Viento,English,Maria Schneider Orchestra,0.82,0.6,Jazz,Jazz
english_Waxwing,English,Maria Schneider Orchestra,0.85,0.65,Jazz,Jazz
english_Man_of_the_Hour,English,Norah Jones,0.61,0.51,Jazz,Jazz
english_Beyond_the_Son,English,Koop,0.8,0.56,Jazz,Jazz
english_Hiperbole,English,Skalpel,0.56,0.36,Jazz,Jazz
english_Something_Stupid,English,Frank Sinatra,0.83,0.66,Jazz,Jazz
english_Do_I_Love_You,English,Jane Monheit,0.81,0.5,Jazz,Jazz
english_The_Desperate_Ones,English,Nina Simone,0.6,0.58,Jazz,Jazz
english_Ninjazz,English,Skalpel,0.38,0.22,Jazz,Jazz
english_Laura,English,Oscar Peterson,0.56,0.67,Jazz,Jazz
english_What_Would_I_Do,English,Norah Jones,0.76,0.44,Jazz,Jazz
english_Moonlight_in_Vermont,English,Gerry Mulligan,0.76,0.44,Jazz,Jazz
"english_Cherie,_I_Love_You",English,Nat King Cole,0.76,0.44,Jazz,Jazz
english_Colombia,English,Anjulie,0.86,0.78,Jazz,Jazz
english_Entrance,English,Keith Jarrett,0.36,0.86,Jazz,Jazz
english_I_Could_Make_You_Care,English,Frank Sinatra,0.76,0.44,Jazz,Jazz
english_Stardust,English,Glenn Miller & Benny Goodman,0.71,0.75,Jazz,Jazz
english_Sweet_Lorraine,English,Coleman Hawkins,0.76,0.44,Jazz,Jazz
english_Blue_Angel,English,Terje Rypdal,0.75,0.43,Jazz,Jazz
english_Mother's_Whistler,English,Moondog,0.76,0.44,Jazz,Jazz
english_I'll_Be_Home_For_Christmas,English,Anita Baker,0.69,0.66,Jazz,Jazz
english_Doloroso,English,Ray Barretto,0.76,0.44,Jazz,Jazz
english_All_to_Me,English,Shoshana Bean,0.67,0.6,Jazz,Jazz
english_Nova_bossa,English,Shakatak,0.76,0.69,Jazz,Jazz
english_The_Touch_Of_Your_Lips,English,Oscar Peterson & Ben Webster,0.76,0.44,Jazz,Jazz
english_He's_My_Guy,English,marjorie barnes,0.72,0.73,Jazz,Jazz
english_Ode,English,David Darling & Jan Garbarek,0.43,0.35,Jazz,Jazz
english_What_Child_Is_This,English,Mahalia Jackson,0.86,0.35,Jazz,Jazz
english_In_This_Room,English,Leslie Tucker,0.62,0.37,Jazz,Jazz
english_Wayfarer,English,John Surman,0.43,0.18,Jazz,Jazz
english_Sunny_Diego,English,The Keith Burton Orchestra,0.54,0.31,Jazz,Jazz
english_Sun,English,Tom Rule,0.75,0.43,Jazz,Jazz
english_Paranoid_Eyes,English,Alex Ryon,0.86,0.35,Jazz,Jazz
english_Wayfearing_Stranger,English,Jimmy Kelly,0.82,0.56,Jazz,Jazz
english_Rudolph_das_kleine_Renntier,English,Michael Schanze,0.81,0.63,Jazz,Jazz
english_Wrap_Your_Troubles_in_Dreams,English,Bing Crosby,0.79,0.66,Jazz,Jazz
english_International_Flight,English,David Snell,0.84,0.68,Jazz,Jazz
english_With_Plenty_of_Money_and_You,English,Count Basie,0.79,0.66,Jazz,Jazz
english_Sabre_Dance,English,Les Baxter,0.88,0.71,Jazz,Jazz
english_Bella_Símamær,English,Björk,0.79,0.66,Jazz,Jazz
english_(Still)_Terminally_Ambivalent_Over_You,English,The Real Tuesday Weld,0.81,0.52,Jazz,Jazz
english_Button_up_Your_Overcoat,English,Ruth Etting,0.89,0.81,Jazz,Jazz
english_Cement_Mixer,English,Slim Gaillard,0.79,0.66,Jazz,Jazz
english_Trololo_Song,English,Trololo Man,0.89,0.71,Jazz,Jazz
english_Flat_Foot_Floogie,English,Slim Gaillard,0.79,0.66,Jazz,Jazz
english_Body_&_Soul,English,Art Tatum,0.79,0.66,Jazz,Jazz
english_Sabres,English,Eldad Lidor,0.79,0.66,Jazz,Jazz
english_Van_Lingle_Mungo,English,Dave Frishberg,0.79,0.66,Jazz,Jazz
english_Stone_Cold_Dead_In_The_Market,English,Wilmoth Houdini,0.92,0.73,Jazz,Jazz
english_Giffin,English,Mr. Scruff,0.66,0.48,Jazz,Jazz
english_Bad_Boy,English,9 Lazy 9,0.47,0.78,Jazz,Jazz
english_Hypnotic,English,Boney James,0.72,0.69,Jazz,Jazz
english_Sankofa,English,Hypnotic Brass Ensemble,0.64,0.52,Jazz,Jazz
english_God_Must_Be_a_Boogie_Man,English,Joni Mitchell,0.7,0.45,Jazz,Jazz
english_The_Mirror,English,Nostalgia 77,0.76,0.63,Jazz,Jazz
english_New_Country,English,Jean-Luc Ponty,0.55,0.32,Jazz,Jazz
english_Journey_Into_Love,English,Lonnie Liston Smith,0.53,0.26,Jazz,Jazz
english_Time_and_Space,English,Hiromi,0.78,0.55,Jazz,Jazz
english_Charade,English,Kevin Spacey,0.74,0.66,Jazz,Jazz
english_Faking_Jazz_Together,English,Connan Mockasin,0.46,0.35,Jazz,Jazz
english_The_Turnaround,English,The Herbaliser,0.49,0.43,Jazz,Jazz
english_Doppelganger,English,Jaga Jazzist,0.52,0.83,Jazz,Jazz
english_The_Human_Abstract,English,David Axelrod,0.57,0.38,Jazz,Jazz
english_Erophone,English,Pluto Project,0.53,0.51,Jazz,Jazz
english_Stwisted,English,Edie Brickell and New Bohemians,0.7,0.65,Jazz,Jazz
english_Black_And_Brown_Cherries,English,Abdullah Ibrahim,0.41,0.27,Jazz,Jazz
english_Music_Is_Through,English,Jamie Cullum,0.85,0.79,Jazz,Jazz
english_Rush,English,The Seatbelts,0.66,0.66,Jazz,Jazz
english_Road_Of_Bones,English,Acoustic Ladyland,0.73,0.72,Jazz,Jazz
english_Mark_One,English,Tommy Flanagan,0.94,0.96,Jazz,Jazz
english_Double_Talk,English,Fats Navarro,0.57,0.5,Jazz,Jazz
english_Clusterthing,English,Flat Earth Society,0.94,0.96,Jazz,Jazz
english_Hotter_Than_That,English,Louis Armstrong and His Hot Five,0.94,0.96,Jazz,Jazz
english_It's_Crazy,English,Eddie Harris,0.47,0.48,Jazz,Jazz
english_Karla's_Changes,English,David Sánchez,0.8,0.93,Jazz,Jazz
english_Jazz_de_Luxe,English,Earl Fuller's Famous Jazz Band,0.89,0.9,Jazz,Jazz
english_Chevdo,English,FOWL,0.94,0.96,Jazz,Jazz
english_Hambone,English,Archie Shepp,0.67,0.78,Jazz,Jazz
english_And_She_Sang,English,The Puppini Sisters,0.89,0.7,Jazz,Jazz
english_Weed_Whacker,English,Béla Fleck and the Flecktones,0.84,0.84,Jazz,Jazz
english_Captain_Caribe,English,Earl Klugh,0.91,0.85,Jazz,Jazz
english_Be-Bop,English,Arturo Sandoval,0.84,0.84,Jazz,Jazz
english_Trickle_Trickle,English,The Manhattan Transfer,0.84,0.84,Jazz,Jazz
english_Oceansong,English,Rippingtons,0.81,0.54,Jazz,Jazz
english_Maynard_Ferguson,English,Arturo Sandoval,0.84,0.84,Jazz,Jazz
english_The_Fruit,English,Bud Powell,0.48,0.4,Jazz,Jazz
english_Spin,English,Steve Cole,0.42,0.38,Jazz,Jazz
english_Off_to_the_Races,English,Donald Byrd,0.83,0.75,Jazz,Jazz
english_Got_It_Goin'_On,English,Eric Darius,0.91,0.85,Jazz,Jazz
english_The_Thinker,English,George Benson,0.84,0.84,Jazz,Jazz
english_Billy_Boy,English,Nelson Rangell,0.84,0.84,Jazz,Jazz
english_Salt_Lick,English,Tribal Tech,0.84,0.84,Jazz,Jazz
english_Cruise_Control,English,Special EFX,0.84,0.84,Jazz,Jazz
english_Today's_Top_Story,English,Nelson Rangell,0.84,0.84,Jazz,Jazz
english_Ahma,English,Maria Kalaniemi,0.84,0.84,Jazz,Jazz
english_La_Salsa_En_Mi,English,Bernie Williams,0.72,0.64,Jazz,Jazz
english_Mobimientos_Del_Alma,English,Earl Klugh,0.84,0.84,Jazz,Jazz
english_Saturday_Night,English,Nelson Rangell,0.88,0.74,Jazz,Jazz
english_(There's)_Always_Something_There_To_Remind_Me,English,Stanley Turrentine,0.84,0.84,Jazz,Jazz
english_Autumn_Serenade,English,Terry Pollard,0.84,0.84,Jazz,Jazz
english_Step_Swing,English,Lollo Meier,0.71,0.9,Jazz,Jazz
english_Emotional_Weather_Report,English,Tom Waits,0.46,0.54,Jazz,Jazz
english_The_Dog_Song,English,Nellie McKay,0.87,0.71,Jazz,Jazz
"english_Protons,_Neutrons,_Electrons",English,The Cat Empire,0.95,0.79,Jazz,Jazz
english_Not_Nice,English,9 Lazy 9,0.68,0.52,Jazz,Jazz
english_Luktar-Gvendur,English,Björk,0.76,0.6,Jazz,Jazz
english_Ease,English,Hanne Hukkelberg,0.48,0.41,Jazz,Jazz
english_Loveless_Love,English,Louis Armstrong,0.63,0.53,Jazz,Jazz
english_Midnight_in_Moscow,English,New Orleans Syncopators,0.63,0.8,Jazz,Jazz
english_The_Kraken,English,Squirrel Nut Zippers,0.49,0.67,Jazz,Jazz
english_Melancholy_Blues,English,Louis Armstrong And His Hot Seven,0.43,0.47,Jazz,Jazz
english_Keyhole_Blues,English,Louis Armstrong And His Hot Seven,0.85,0.85,Jazz,Jazz
english_Once_in_a_While,English,Louis Armstrong and His Hot Five,0.36,0.3,Jazz,Jazz
english_Gommé,English,Markus Stockhausen,0.85,0.85,Jazz,Jazz
english_Thunder_Showers,English,Ty Showers,0.85,0.63,Jazz,Jazz
english_Gras,English,Kammerflimmer Kollektief,0.42,0.76,Jazz,Jazz
english_Konstant,English,Kammerflimmer Kollektief,0.42,0.76,Jazz,Jazz
english_The_World_Is_My_Ashtray,English,Deejay Punk-Roc,0.42,0.76,Jazz,Jazz
english_Jewel,English,Jun Miyake,0.71,0.6,Jazz,Jazz
english_Darkroom,English,Rez,0.9,0.81,Jazz,Jazz
english_Precipice,English,Tribal Tech,0.91,0.85,Jazz,Jazz
english_El_Toro,English,Chico Hamilton,0.47,0.74,Jazz,Jazz
english_Silence,English,Ty Showers,0.36,0.81,Jazz,Jazz
english_December,English,Norah Jones,0.51,0.59,Jazz,Jazz
english_Lilac_Wine,English,Katie Melua,0.55,0.6,Jazz,Jazz
english_You_Can't_Always_Get_What_You_Want,English,Ituana,0.88,0.68,Jazz,Jazz
english_All_My_Tomorrows,English,Frank Sinatra,0.74,0.36,Jazz,Jazz
english_Sleepless_Nights,English,Norah Jones,0.88,0.44,Jazz,Jazz
english_I_Can_See_Clearly_Now,English,Holly Cole,0.82,0.66,Jazz,Jazz
english_I_Don't_Miss_You_Anymore,English,Lisa Ekdahl,0.72,0.47,Jazz,Jazz
english_Dear_Heart,English,Jack Jones,0.87,0.59,Jazz,Jazz
english_It's_Raining_Somewhere_Else,English,Toby Fox,0.87,0.49,Jazz,Jazz
english_Blue_Cafe,English,The Style Council,0.83,0.49,Jazz,Jazz
english_Trail_Blazer,English,Acoustic Alchemy,0.88,0.59,Jazz,Jazz
english_Hide_&_Seek,English,Count Basic,0.84,0.55,Jazz,Jazz
english_Perfect_Day,English,Povo,0.85,0.54,Jazz,Jazz
english_Do_I_Worry,English,The Ink Spots,0.56,0.45,Jazz,Jazz
english_Sunny,English,Wes Montgomery,0.88,0.69,Jazz,Jazz
english_Don't_Try_This_At_Home,English,Metropolitan Jazz Affair,0.61,0.3,Jazz,Jazz
english_When_the_Moon_Was_Blue,English,El-P,0.44,0.34,Jazz,Jazz
english_Blue_Water_Blues,English,Jasmine Brunch,0.41,0.25,Jazz,Jazz
english_Bossa_Rocka,English,The George Benson Quartett,0.2,0.15,Jazz,Jazz
english_Don't_Know_Why,English,Norah Jones,0.8,0.37,Jazz,Jazz
english_Come_Away_with_Me,English,Norah Jones,0.83,0.61,Jazz,Jazz
english_Seven_Years,English,Norah Jones,0.57,0.85,Jazz,Jazz
english_Shoot_the_Moon,English,Norah Jones,0.94,0.96,Jazz,Jazz
english_One_Flight_Down,English,Norah Jones,0.62,0.5,Jazz,Jazz
english_Nightingale,English,Norah Jones,0.73,0.46,Jazz,Jazz
english_Those_Sweet_Words,English,Norah Jones,0.7,0.51,Jazz,Jazz
english_(There_Is)_No_Greater_Love,English,Amy Winehouse,0.73,0.56,Jazz,Jazz
english_Chasing_Pirates,English,Norah Jones,0.69,0.52,Jazz,Jazz
english_In_The_Morning,English,Norah Jones,0.73,0.8,Jazz,Jazz
english_Thinking_About_You,English,Norah Jones,0.47,0.78,Jazz,Jazz
english_Sister_Moon,English,Sting,0.73,0.48,Jazz,Jazz
english_Tezeta,English,Mulatu Astatke,0.64,0.4,Jazz,Jazz
english_The_Paris_Match,English,The Style Council,0.65,0.47,Jazz,Jazz
english_If_The_Stars_Were_Mine_(Orchestral_Version),English,Melody Gardot,0.71,0.44,Jazz,Jazz
english_April_in_Paris,English,Ella Fitzgerald,0.51,0.47,Jazz,Jazz
english_Look_What_You're_Doin'_to_Me,English,Jazzanova,0.79,0.5,Jazz,Jazz
english_I_Gotta_Right_To_Sing_The_Blues,English,Louis Armstrong,0.69,0.44,Jazz,Jazz
english_Purple_Rain,English,Urselle,0.69,0.61,Jazz,Jazz
english_Nancy_(With_The_Laughing_Face),English,Frank Sinatra,0.79,0.39,Jazz,Jazz
english_Under_the_Bridges_of_Paris,English,Dean Martin,0.83,0.5,Jazz,Jazz
english_Just_One_Of_Those_Things,English,Sarah Vaughan,0.94,0.79,Jazz,Jazz
english_Journey_into_Melody,English,Stanley Turrentine,0.73,0.37,Jazz,Jazz
english_O_Morro_Nao_Tem_Vez,English,Stan Getz,0.77,0.44,Jazz,Jazz
english_I_Hold_No_Grudge,English,Nina Simone,0.67,0.48,Jazz,Jazz
english_The_River,English,Keith Jarrett Trio,0.53,0.46,Jazz,Jazz
english_Give_Me_That_Slow_Knowing_Smile,English,Lisa Ekdahl,0.58,0.38,Jazz,Jazz
english_You_Take_My_Breath_Away,English,Eva Cassidy,0.85,0.76,Jazz,Jazz
english_Take_Me_Home,English,Holly Cole,0.76,0.73,Jazz,Jazz
english_My_Spanish_Heart,English,Chick Corea,0.76,0.27,Jazz,Jazz
english_Cinema_Paradiso_(Main_Theme),English,Charlie Haden & Pat Metheny,0.78,0.45,Jazz,Jazz
english_Slow_Dance,English,John Coltrane,0.86,0.82,Jazz,Jazz
english_Love_You_Madly,English,Ella Fitzgerald,0.85,0.68,Jazz,Jazz
english_Bahia,English,Stan Getz,0.78,0.33,Jazz,Jazz
english_Travels,English,Pat Metheny,0.79,0.29,Jazz,Jazz
english_I_Will_Find_the_Way,English,Pat Metheny,0.66,0.27,Jazz,Jazz
english_You_Are_Too_Beautiful,English,John Coltrane,0.76,0.27,Jazz,Jazz
english_Everything_I've_Got,English,Blossom Dearie,0.39,0.66,Jazz,Jazz
english_Cynical,English,Rufus Jr,0.64,0.47,Jazz,Jazz
english_Day_is_Done,English,Brad Mehldau Trio,0.39,0.19,Jazz,Jazz
english_Tribute_to_Tom,English,Nick Elward,0.79,0.6,Jazz,Jazz
english_Electric_AlleyCat,English,Theo Parrish,0.71,0.49,electronic,Electronic
english_Watching_The_Planets_(featuring_Karen_O),English,The Flaming Lips,0.59,0.49,electronic,Electronic
english_Anstromm-Feck_4,English,Squarepusher,0.63,0.73,electronic,Electronic
english_Ominous,English,SubVibe,0.17,0.26,electronic,Electronic
english_Fyuz,English,Add N To (X),0.65,0.69,electronic,Electronic
english_Es_Paradis,English,Fatboy Slim,0.35,0.63,electronic,Electronic
english_Deadly_Media,English,Hexstatic,0.56,0.62,electronic,Electronic
english_Radio_Caca,English,Jackson and His Computer Band,0.69,0.72,electronic,Electronic
english_Aura,English,Figure,0.6,0.45,electronic,Electronic
english_Crackdown,English,Sinister Souls,0.35,0.63,electronic,Electronic
english_I_Want_To_Join_A_Gang,English,Kid606,0.35,0.63,electronic,Electronic
english_Hunger,English,Vergel Evans,0.42,0.77,electronic,Electronic
english_Technology_Dump,English,Keshco,0.64,0.71,electronic,Electronic
english_Wikkd_Things,English,Nigil Caenaan,0.4,0.66,electronic,Electronic
english_cruSH,English,krovo,0.66,0.47,electronic,Electronic
english_The_Shinein,English,Skream,0.42,0.6,electronic,Electronic
english_Azzazin,English,Muslimgauze,0.56,0.53,electronic,Electronic
english_The_Alien_Question,English,Rapoon,0.52,0.56,electronic,Electronic
english_Ruins,English,Axiom Ambient,0.64,0.58,electronic,Electronic
english_Imperials,English,Ratatat,0.57,0.39,electronic,Electronic
english_Dancing_On_The_Water,English,Pnau,0.66,0.56,electronic,Electronic
english_Matchsticks,English,Aphex Twin,0.23,0.36,electronic,Electronic
english_Exit_Woundz,English,Burial,0.3,0.28,electronic,Electronic
english_Phoenix_Cylinder,English,Tycho,0.43,0.34,electronic,Electronic
english_Michael,English,Telepathe,0.86,0.78,electronic,Electronic
english_Love_Kills,English,Little Boots,0.57,0.66,electronic,Electronic
english_200_Bars,English,Spiritualized,0.71,0.5,electronic,Electronic
english_Active,English,Dark Party,0.54,0.4,electronic,Electronic
english_Amine,English,Arovane,0.17,0.15,electronic,Electronic
english_Majestic_Feeling,English,Solar Fields,0.59,0.49,electronic,Electronic
english_Close_Encounters,English,The Orb,0.46,0.34,electronic,Electronic
english_Proton__Electron,English,Carbon Based Lifeforms,0.43,0.39,electronic,Electronic
english_Galaxies_Part_Two,English,Asura,0.61,0.5,electronic,Electronic
english_Leylines,English,Aes Dana,0.48,0.42,electronic,Electronic
english_Futureworld,English,Trans Am,0.6,0.59,electronic,Electronic
english_Sub_Zero,English,Pariah,0.44,0.37,electronic,Electronic
english_DOT,English,Sync24,0.38,0.44,electronic,Electronic
english_Sub_Morphing,English,Aes Dana,0.34,0.28,electronic,Electronic
english_Global_Access,English,Blu Mar Ten,0.56,0.38,electronic,Electronic
english_Slowsnow,English,matryoshka,0.68,0.4,electronic,Electronic
english_Out_of_Touch,English,Darkstar,0.78,0.61,electronic,Electronic
english_Weakness,English,George Fitzgerald,0.77,0.69,electronic,Electronic
english_Space_Coke,English,Telemetrik,0.4,0.34,electronic,Electronic
english_The_Third_Planet,English,Biosphere,0.5,0.46,electronic,Electronic
english_Pressure,English,Spacetime Continuum,0.74,0.84,electronic,Electronic
english_Interstate,English,System 7,0.37,0.31,electronic,Electronic
english_Memory_Shell_(lost_radio_e-dit),English,Aes Dana,0.34,0.28,electronic,Electronic
english_Reincarnation,English,Easily Embarrassed,0.67,0.61,electronic,Electronic
english_Delta,English,The Higher Intelligence Agency,0.91,0.74,electronic,Electronic
english_Black_And_White,English,iTAL tEK,0.68,0.76,electronic,Electronic
english_Odyssey_To_Anyoona,English,Jam & Spoon,0.56,0.49,electronic,Electronic
english_Universal_Sunrise,English,Cell,0.3,0.22,electronic,Electronic
english_Les_Nocturnes,English,Silicone Soul,0.34,0.28,electronic,Electronic
english_Ampere,English,Loscil,0.49,0.39,electronic,Electronic
english_Für_Luise,English,Cluster & Brian Eno,0.61,0.34,electronic,Electronic
english_Above,English,Hecq,0.34,0.28,electronic,Electronic
english_Magical,English,Little Boots,0.54,0.5,electronic,Electronic
english_Hangar_84,English,System 7,0.57,0.47,electronic,Electronic
english_Fresh,English,Nalepa,0.51,0.64,electronic,Electronic
english_Station_Seven,English,Telemetrik,0.45,0.38,electronic,Electronic
english_The_Journey,English,Tangerine Dream,0.8,0.52,electronic,Electronic
english_1st_Impression,English,Pete Namlook,0.67,0.56,electronic,Electronic
english_Braille_Wounds,English,Cepia,0.22,0.28,electronic,Electronic
english_Summer_of_Freedom,English,Manual,0.44,0.34,electronic,Electronic
english_Church_(Remix_by_Secede),English,Kettel,0.61,0.48,electronic,Electronic
english_Magnet,English,Telemetrik,0.26,0.66,electronic,Electronic
english_Forget,English,Sabrepulse,0.5,0.73,electronic,Electronic
english_Kumk'U,English,Tzolk'in,0.3,0.28,electronic,Electronic
english_My_Lightyear,English,Telemetrik,0.34,0.28,electronic,Electronic
english_Circadians,English,Protoculture,0.57,0.44,electronic,Electronic
english_Walking_Wounded_(Hard_Vocal_mix),English,Everything But the Girl,0.31,0.28,electronic,Electronic
english_Subway,English,Spacetime Continuum,0.23,0.35,electronic,Electronic
english_Terra_Tronics,English,Protoculture,0.6,0.5,electronic,Electronic
english_Soul_Baptist,English,Skywatchers,0.44,0.41,electronic,Electronic
english_Deepest_Days,English,David Helpling,0.64,0.47,electronic,Electronic
english_baja_nights,English,Manual,0.3,0.22,electronic,Electronic
english_Corona,English,The Higher Intelligence Agency,0.49,0.37,electronic,Electronic
english_Do_You_Want_To_Go_To_Space_Young_Man,English,Skywatchers,0.69,0.48,electronic,Electronic
english_Ping_Pong,English,Speedy J,0.69,0.56,electronic,Electronic
english_Other_Side,English,Son Kite,0.6,0.49,electronic,Electronic
english_Re-echo,English,The Higher Intelligence Agency,0.31,0.26,electronic,Electronic
english_Magic_Sequence,English,Chilled C'Quence,0.5,0.34,electronic,Electronic
english_150e_Jour,English,Marc Leclair,0.68,0.52,electronic,Electronic
english_nitedrive,English,F.U.S.E.,0.62,0.45,electronic,Electronic
english_Break_Out,English,Protoculture,0.69,0.64,electronic,Electronic
english_Eagle_Forest,English,Dymons,0.47,0.37,electronic,Electronic
english_Space_Breath,English,Chilled C'Quence,0.52,0.37,electronic,Electronic
english_Kupuri,English,System 7,0.71,0.57,electronic,Electronic
english_Serves_Me_Right,English,Skywatchers,0.39,0.19,electronic,Electronic
english_Out_of_Reality,English,Protoculture,0.59,0.45,electronic,Electronic
english_Ever_Felt_The_Sky,English,Skywatchers,0.39,0.19,electronic,Electronic
english_Melodica_(Ambient_Mix),English,Leama,0.43,0.34,electronic,Electronic
english_Innit,English,Protoculture,0.44,0.34,electronic,Electronic
english_Small_Lights,English,Skywatchers,0.39,0.19,electronic,Electronic
english_Driven,English,Protoculture,0.5,0.41,electronic,Electronic
english_Main_Title_-_Infinite_Space,English,Lustmord,0.45,0.38,electronic,Electronic
english_Pictures_of_Space,English,The Age of Rockets,0.5,0.42,electronic,Electronic
english_R2_D2,English,Speedy J,0.34,0.28,electronic,Electronic
english_Lanzarote,English,Speedy J,0.52,0.41,electronic,Electronic
english_Extruma,English,Speedy J,0.39,0.31,electronic,Electronic
english_Lightwaves,English,Electric Skychurch,0.6,0.49,electronic,Electronic
english_Be_Happy,English,Perpetual Loop,0.47,0.37,electronic,Electronic
english_Palace_Midas,English,Ruxpin,0.34,0.28,electronic,Electronic
english_My_Travels,English,Kenny Larkin,0.62,0.38,electronic,Electronic
english_Freedom_Come,English,Klute,0.34,0.28,electronic,Electronic
english_Lost_For_Words,English,ASC,0.74,0.6,electronic,Electronic
english_Grogono,English,Speedy J,0.5,0.41,electronic,Electronic
english_Valle_de_la_Luna,English,Klaus Schulze,0.34,0.28,electronic,Electronic
english_Expansion_Ratio,English,Reso,0.34,0.28,electronic,Electronic
english_Silberstreif,English,Michael Rother,0.34,0.28,electronic,Electronic
english_Moon_Dust,English,Nitrous Oxide & Adam Nickey,0.59,0.44,electronic,Electronic
english_Peripheral_System,English,Proton Kinoun,0.34,0.28,electronic,Electronic
english_Another_Light,English,Phillip Wilkerson,0.63,0.44,electronic,Electronic
english_Innerspace,English,Airwave,0.69,0.44,electronic,Electronic
english_Biotrip,English,Pete Namlook & Tetsu Inoue,0.63,0.36,electronic,Electronic
english_Astral_Sunset,English,Artemis,0.47,0.36,electronic,Electronic
english_Jupiter_Calling,English,Thomas Schwartz,0.31,0.28,electronic,Electronic
english_Moonlift,English,Nothing,0.44,0.34,electronic,Electronic
english_A_Huge_Ever_Growing_Pulsating_Brain_That_Rules_From_the_Centre_of_the_Ultraworld_Live_Mix_mk_10,English,The Orb,0.52,0.41,electronic,Electronic
english_Purple_Om,English,Dimension 5,0.41,0.35,electronic,Electronic
english_Indigo,English,T Power,0.71,0.75,electronic,Electronic
english_The_Power_of_Moog,English,Klaus Schulze,0.48,0.44,electronic,Electronic
english_I_Admire_You,English,Trestal,0.53,0.39,electronic,Electronic
english_Dawn_of_Winter,English,Evilfeast,0.45,0.37,electronic,Electronic
english_Theme,English,Felixdroid,0.68,0.72,electronic,Electronic
english_Life_Ending,English,Susperia-Electrica,0.63,0.43,electronic,Electronic
english_Shadow,English,Brian Eno,0.68,0.56,electronic,Electronic
english_The_Parachute_Ending,English,Birdy Nam Nam,0.48,0.46,electronic,Electronic
english_Walking_Wounded_(Omni_Trio_remix),English,Everything But the Girl,0.44,0.42,electronic,Electronic
english_Follow,English,Crystal Fighters,0.77,0.58,electronic,Electronic
english_Clash,English,Junkie XL,0.86,0.74,electronic,Electronic
english_Candy_Man_(Instrumental),English,Brown Eyed Girls,0.94,0.96,electronic,Electronic
english_Hold_you_Colour,English,Pendulum,0.94,0.96,electronic,Electronic
english_Street_Pilot,English,Human Blue,0.78,0.75,electronic,Electronic
english_The_Random_Hustle,English,Anthony Shakir,0.94,0.96,electronic,Electronic
english_Turmoil,English,Xenoc,0.54,0.67,electronic,Electronic
english_Digital_Prayer,English,Neology,0.94,0.96,electronic,Electronic
english_Bad_Sandwich,English,Hello Potato!,0.47,0.48,electronic,Electronic
english_Broken_Mirrors,English,Chromatics,0.81,0.23,electronic,Electronic
english_Bubble_and_Spike,English,Telefon Tel Aviv,0.68,0.43,electronic,Electronic
english_The_Ending,English,Graham Gold,0.87,0.71,electronic,Electronic
english_This_Truth_(Piano_Solo),English,Joe Dulay,0.66,0.69,electronic,Electronic
english_The_Kids_Quartet,English,MGMT,0.76,0.6,electronic,Electronic
english_Sorry,English,Moloko,0.32,0.6,electronic,Electronic
english_Pom_Pom,English,Matthew Dear,0.78,0.64,electronic,Electronic
english_repeat,English,Mell,0.36,0.81,electronic,Electronic
english_Solo_Dancing,English,Indiana,0.85,0.42,electronic,Electronic
english_I_Like_to_Score,English,Moby,0.8,0.33,electronic,Electronic
english_Grace,English,Moby,0.4,0.26,electronic,Electronic
english_Solace,English,Akira Kosemura,0.12,0.24,electronic,Electronic
english_Instrumental,English,LL Cool J,0.62,0.62,electronic,Electronic
english_Oh_My_Love,English,Martin L. Gore,0.89,0.62,electronic,Electronic
english_Stoneship_Age_-_Sirrus'_Theme,English,Robyn Miller,0.82,0.59,electronic,Electronic
english_Elysium,English,Lisa Gerrard,0.59,0.66,electronic,Electronic
english_The_Way_It_Is_(live_remix),English,The Prodigy,0.36,0.81,electronic,Electronic
"english_Come_To_Daddy,_Pappy_Mix",English,Aphex Twin,0.41,0.67,electronic,Electronic
english_Sphere,English,John Frusciante,0.36,0.81,electronic,Electronic
english_Come_to_Daddy_[Pappy_Mix],English,Aphex Twin,0.51,0.83,electronic,Electronic
english_Must_Attack,English,Extrawelt,0.38,0.65,electronic,Electronic
english_Broken_Sword,English,Evol Intent,0.48,0.69,electronic,Electronic
english_Rancid,English,Breakbeat Era,0.36,0.81,electronic,Electronic
english_Hot_City_Nites,English,Armand van Helden,0.58,0.64,electronic,Electronic
english_Broadcast,English,Corrupt Souls,0.48,0.69,electronic,Electronic
english_Our_Disease,English,Breakbeat Era,0.36,0.81,electronic,Electronic
english_vengeance,English,Concord Dawn,0.36,0.81,electronic,Electronic
english_Real_Solution_#9_[Mambo_Mania_Mix],English,White Zombie,0.36,0.81,electronic,Electronic
english_Their_Law_(Featuring_Pop_Will_Eat_Itself),English,The Prodigy,0.3,0.85,electronic,Electronic
english_Azure_Azure,English,Tim Hecker,0.48,0.72,electronic,Electronic
english_Mouth_(The_Stingray_Mix),English,Bush,0.71,0.75,electronic,Electronic
english_Scary_Bolly_Dub,English,Skrillex,0.68,0.73,electronic,Electronic
english_Red_Mist,English,Danny Byrd,0.3,0.85,electronic,Electronic
english_Rovina,English,志方あきこ,0.7,0.62,electronic,Electronic
english_Lola's_Theme__(Radio_Edit),English,Shapeshifters,0.72,0.69,electronic,Electronic
english_Sexual,English,Goddess,0.66,0.65,electronic,Electronic
english_Nostalgico,English,志方あきこ,0.62,0.53,electronic,Electronic
english_Preamble,English,Kalliope,0.71,0.61,electronic,Electronic
english_She_Walks_in_Beauty,English,Kalliope,0.73,0.63,electronic,Electronic
english_Crossing_the_Rubicon,English,Kalliope,0.71,0.61,electronic,Electronic
english_Charon's_Valley,English,Kalliope,0.73,0.63,electronic,Electronic
english_The_Fall_of_Rome,English,Kalliope,0.73,0.63,electronic,Electronic
english_Alvorada,English,Stupid,0.71,0.61,electronic,Electronic
english_Loki,English,Shikata Akiko & Shimotsuki Haruka & Mitose Noriko,0.7,0.6,electronic,Electronic
english_Never,English,The Roc Project feat. Tina Arena,0.57,0.64,electronic,Electronic
english_Feyd_Rautha_Dark_Heart,English,Grimes,0.46,0.62,electronic,Electronic
english_Beast_Infection,English,Grimes,0.44,0.66,electronic,Electronic
english_Shadout_Mapes,English,Grimes,0.47,0.65,electronic,Electronic
english_I_Am_Shell_I_Am_Bone,English,Gazelle Twin,0.48,0.65,electronic,Electronic
english_Zaephyr_Skies'_Theme,English,Luca Turilli,0.57,0.65,electronic,Electronic
english_Mark_of_the_Witch,English,Hexentanz,0.21,0.55,electronic,Electronic
english_Resurrected,English,Nox Arcana,0.52,0.68,electronic,Electronic
english_Red_Giant,English,Robert Tunstall,0.67,0.62,electronic,Electronic
english_Island_Worship,English,___dREàgänN||||||,0.55,0.63,electronic,Electronic
english_Very_Happy,English,"Oh Yes, By All Means",0.35,0.55,electronic,Electronic
english_Vile_Core,English,Zan-zan-zawa-veia,0.56,0.71,electronic,Electronic
english_New_Living_Dead,English,The Demonic Paradise,0.38,0.82,electronic,Electronic
english_Hairy_Candy,English,Tobacco,0.77,0.72,electronic,Electronic
english_Fa,English,Fennesz,0.49,0.91,electronic,Electronic
english_Signal,English,Warren Suicide,0.77,0.77,electronic,Electronic
english_Night_section,English,Data Romance,0.72,0.72,electronic,Electronic
english_Break,English,Endless Blue,0.67,0.79,electronic,Electronic
english_batman_dancefloor,English,Nebulo,0.24,0.46,electronic,Electronic
english_skeleton_dancers,English,Ostranenie,0.54,0.74,electronic,Electronic
english_Torn_Strings,English,AWT,0.57,0.66,electronic,Electronic
english_Poik,English,frifrafro,0.49,0.91,electronic,Electronic
english_Chain_Hang_Low,English,Jibby,0.6,0.74,electronic,Electronic
english_The_Alternative,English,I Am X,0.82,0.64,electronic,Electronic
english_Bird_Flu,English,M.I.A.,0.77,0.83,electronic,Electronic
english_You_Don't_Know_Me,English,Jax Jones,0.46,0.82,electronic,Electronic
english_Difficult,English,Uffie,0.75,0.74,electronic,Electronic
english_Colouring_of_Pigeons,English,The Knife,0.79,0.71,electronic,Electronic
english_No_Enemiesz,English,Kiesza,0.52,0.67,electronic,Electronic
english_Corporate_Cannibal,English,Grace Jones,0.55,0.75,electronic,Electronic
english_Internacional,English,Brazilian Girls,0.67,0.86,electronic,Electronic
english_Face_to_FaceShort_Circuit,English,Daft Punk,0.72,0.7,electronic,Electronic
english_Snot,English,LFO,0.61,0.74,electronic,Electronic
english_Puppet,English,Alaska Thunderfuck,0.64,0.7,electronic,Electronic
english_Gimme_Your_Money,English,Annie,0.47,0.78,electronic,Electronic
english_Atom_Bomb_(Atomix_1),English,Fluke,0.8,0.72,electronic,Electronic
english_Kaboom_(feat_Kalenna),English,Lady Gaga,0.47,0.78,electronic,Electronic
english_Messages,English,Solange,0.61,0.58,electronic,Electronic
english_Fallen,English,One Dove,0.75,0.8,electronic,Electronic
english_That_Kind_of_Girl,English,Nadia Oh,0.72,0.81,electronic,Electronic
english_Let_Them_Crush_Us,English,Mesh,0.5,0.68,electronic,Electronic
english_Forget_Me_Nots,English,La Bouche,0.67,0.86,electronic,Electronic
english_Bubble_(Speechbubble),English,Fluke,0.64,0.63,electronic,Electronic
english_Fall_for_You,English,Kylie Minogue,0.67,0.86,electronic,Electronic
english_Keep_The_Trance,English,Madonna,0.82,0.84,electronic,Electronic
english_Summer-Spring,English,Juvelen,0.52,0.6,electronic,Electronic
english_House_of_Love,English,RuPaul,0.63,0.69,electronic,Electronic
english_Post-Modern_Sleaze_(Flight_from_Nashville),English,Sneaker Pimps,0.46,0.74,electronic,Electronic
english_Born_To_Freak,English,Steve Poindexter,0.65,0.72,electronic,Electronic
english_A_Quien_Le_Importa,English,Fangoria,0.65,0.72,electronic,Electronic
english_A_Shade_Shady_(Now_Prance),English,RuPaul,0.6,0.67,electronic,Electronic
english_Do_You_Want_It_Right_Now_(King_Street_Mix),English,Degrees Of Motion,0.47,0.78,electronic,Electronic
english_Cotton_Candy,English,Amanda Lepore,0.47,0.78,electronic,Electronic
english_We_Don't_Care_[Dirty_Version],English,Audio Bullys,0.47,0.78,electronic,Electronic
english_Thinkin'_'Bout_You,English,RuPaul,0.65,0.72,electronic,Electronic
english_Romeo_(Beats_Mix),English,Basement Jaxx,0.47,0.78,electronic,Electronic
english_I_Can't_Forget,English,Mr. Lee,0.65,0.72,electronic,Electronic
english_Fame_Kills,English,Dangerous Muse,0.73,0.71,electronic,Electronic
english_Live_Life_Now,English,Cheryl Cole,0.47,0.78,electronic,Electronic
english_Fuck_You_And_Your_Money,English,MiChi,0.47,0.78,electronic,Electronic
english_Spin_Spin_Sugar_(radio_mix),English,Sneaker Pimps,0.7,0.76,electronic,Electronic
english_Cecilia_(Original),English,The Jinks,0.47,0.78,electronic,Electronic
english_Slow_(Extended_Mix),English,Kylie Minogue,0.47,0.78,electronic,Electronic
english_Beauty_Survivor,English,Angelababy,0.47,0.78,electronic,Electronic
english_eternal_return,English,Ferri,0.66,0.72,electronic,Electronic
english_Making_A_Scene,English,Fritz Helder & the Phantoms,0.47,0.78,electronic,Electronic
english_Hole_in_the_Head_(Full_Intention_Mix),English,Sugababes,0.43,0.72,electronic,Electronic
english_The_Deep_Piano_House,English,Hithouse,0.47,0.78,electronic,Electronic
english_Hallows_(Alternate_Version),English,Lady Laudanum,0.47,0.78,electronic,Electronic
english_Shove_It,English,Santigold,0.58,0.8,electronic,Electronic
english_Down_On_My_Knees,English,Poussez,0.47,0.78,electronic,Electronic
english_Esta_Noche_es_Nuestra,English,Naty Botero,0.67,0.83,electronic,Electronic
english_Tis_Agapis_Ta_Thymata,English,Ivi Adamou,0.73,0.83,electronic,Electronic
english_Ouch_That_Feels_Good,English,Dale Bozzio,0.76,0.84,electronic,Electronic
english_The_Best_Things_In_Life_Are_Free_(Def_Version),English,Luther Vandross & Janet Jackson,0.47,0.78,electronic,Electronic
english_If_Madonna_Calls_(X_Beat_mix),English,Junior Vasquez,0.68,0.81,electronic,Electronic
english_Не_обижай_меня,English,Art Voyage,0.47,0.78,electronic,Electronic
english_It's_The_Way_You_Love_Me,English,David Guetta Feat. Kelly Rowland,0.47,0.78,electronic,Electronic
english_Pop_Song,English,Starfucker,0.41,0.77,electronic,Electronic
english_Avalanche,English,Zola Jesus,0.63,0.59,electronic,Electronic
english_Swords,English,Zola Jesus,0.52,0.61,electronic,Electronic
english_茎,English,椎名林檎,0.6,0.61,electronic,Electronic
english_My_Girlfriend_Insanity,English,Helalyn Flowers,0.45,0.66,electronic,Electronic
english_The_Convent_Burns,English,Alien Vampires,0.41,0.77,electronic,Electronic
english_Share_This_Poison,English,Razed in Black,0.62,0.63,electronic,Electronic
english_Illusion,English,Ashbury Heights,0.5,0.67,electronic,Electronic
english_Anatoles,English,Vitalic,0.6,0.64,electronic,Electronic
english_Ritual,English,Hexperos,0.46,0.57,electronic,Electronic
english_Blue_Orb,English,カヒミ・カリィ,0.64,0.7,electronic,Electronic
english_Lies,English,Mankind Is Obsolete,0.41,0.77,electronic,Electronic
english_I_Am_UR,English,Underground Resistance,0.41,0.77,electronic,Electronic
english_Lust_End,English,Prurient,0.41,0.77,electronic,Electronic
english_Rock_and_Roll,English,Whitehouse,0.41,0.77,electronic,Electronic
english_Erotikon,English,Deutsch Nepal,0.41,0.77,electronic,Electronic
english_Artificial_Intelligence,English,Alien Produkt,0.38,0.79,electronic,Electronic
english_World_Of_Shit,English,Sam,0.57,0.8,electronic,Electronic
english_MKSearch,English,Sam,0.54,0.63,electronic,Electronic
english_Field_of_the_Dead,English,Detroit Diesel,0.38,0.79,electronic,Electronic
english_King_of_the_Delta_Blues,English,Steven Wilson,0.41,0.77,electronic,Electronic
english_The_Beyond,English,Psyche,0.54,0.67,electronic,Electronic
english_My_Mechatronics,English,Psyborg Corp.,0.41,0.77,electronic,Electronic
english_Dead_On_Impact,English,Dismantled,0.38,0.79,electronic,Electronic
english_Brutal,English,NorthBorne,0.6,0.73,electronic,Electronic
english_Fireworks,English,X-Wife,0.41,0.77,electronic,Electronic
english_The_Freakshow,English,Project Rotten,0.38,0.79,electronic,Electronic
english_Dogday,English,Genocide Organ,0.41,0.77,electronic,Electronic
english_Pseudo_Death_Wish,English,Third Realm,0.41,0.77,electronic,Electronic
english_City_of_Straw,English,Sightings,0.5,0.67,electronic,Electronic
english_Push_Over,English,Heatbeat,0.62,0.61,electronic,Electronic
english_Harbingers,English,Cisfinitum,0.41,0.77,electronic,Electronic
english_Otho,English,Alesia,0.41,0.77,electronic,Electronic
english_Detect,English,Erode,0.41,0.77,electronic,Electronic
english_The_Velvet_Machina,English,Psyborg Corp.,0.38,0.79,electronic,Electronic
english_We_Are_The_Night,English,Extize,0.41,0.77,electronic,Electronic
english_The_Rapture,English,Evol Intent,0.41,0.77,electronic,Electronic
english_Poise,English,Surgeon,0.41,0.77,electronic,Electronic
english_What_I_Saw,English,Ultraform,0.56,0.63,electronic,Electronic
english_When_I_Know_You're_Gone,English,Blind Faith and Envy,0.41,0.77,electronic,Electronic
english_A_Desperate_Cry_For_Help,English,Battery Cage,0.38,0.79,electronic,Electronic
english_Stahlwerk,English,Volt,0.41,0.77,electronic,Electronic
english_スペクトル,English,ルルティア,0.57,0.67,electronic,Electronic
english_Syndrome,English,Mariel Ito,0.41,0.82,electronic,Electronic
english_XRUZT,English,Return to Mono,0.41,0.77,electronic,Electronic
english_Giselle,English,ルルティア,0.65,0.67,electronic,Electronic
english_Morrígan,English,Tran Qual,0.61,0.53,electronic,Electronic
english_Nightfall,English,Return to Mono,0.64,0.64,electronic,Electronic
english_Finally,English,Mariel Ito,0.41,0.77,electronic,Electronic
english_White_and_Black,English,The Rorschach Audio,0.68,0.76,electronic,Electronic
english_CAME_FROM,English,Five Star Hotel,0.41,0.77,electronic,Electronic
english_XTRA,English,Five Star Hotel,0.41,0.77,electronic,Electronic
english_POOR_FATE,English,Five Star Hotel,0.41,0.77,electronic,Electronic
english_00_TYPE,English,Five Star Hotel,0.41,0.77,electronic,Electronic
english_WORST_STRIKE,English,Five Star Hotel,0.41,0.77,electronic,Electronic
english_VORTEX,English,Five Star Hotel,0.41,0.77,electronic,Electronic
english_ORBITS,English,Five Star Hotel,0.41,0.77,electronic,Electronic
english_DEALER,English,Five Star Hotel,0.41,0.77,electronic,Electronic
english_We're_All_Crazy,English,Phobium,0.45,0.73,electronic,Electronic
english_SQUAD,English,Five Star Hotel,0.41,0.77,electronic,Electronic
english_Prana,English,High Level Static,0.41,0.77,electronic,Electronic
english_SNOWBLIND,English,Five Star Hotel,0.41,0.77,electronic,Electronic
english_SPIRICOM,English,Five Star Hotel,0.41,0.77,electronic,Electronic
english_D0PX,English,Five Star Hotel,0.41,0.77,electronic,Electronic
english_ventrex,English,Phuq,0.48,0.57,electronic,Electronic
english_Bound,English,Raivyn,0.5,0.67,electronic,Electronic
english_Hardcore_(Radio_Mix),English,Cosmic Gate,0.41,0.77,electronic,Electronic
english_elements,English,My Boyfriend the Pilot,0.59,0.72,electronic,Electronic
english_FIRE_HAZARD,English,Five Star Hotel x PIVOTAL,0.41,0.77,electronic,Electronic
english_Child's_Party,English,The Demo Saou,0.77,0.75,electronic,Electronic
english_Marschmusik,English,LSF,0.5,0.67,electronic,Electronic
english_Reborn,English,Dimensioncrasher,0.5,0.67,electronic,Electronic
english_ready_4_war,English,Five Star Hotel,0.41,0.77,electronic,Electronic
english_Fragments,English,Blasterhead,0.41,0.77,electronic,Electronic
english_dysphoria,English,Five Star Hotel,0.41,0.77,electronic,Electronic
english_NeuroTransmitter_(bad_ending),English,Hamster Alliance,0.41,0.77,electronic,Electronic
english_Dark_Veil,English,Blasterhead,0.41,0.77,electronic,Electronic
english_Plus3,English,LSF,0.44,0.76,electronic,Electronic
english_Prophetic_Dream,English,Prophetic Dream,0.41,0.77,electronic,Electronic
english_department_of_defense,English,Five Star Hotel,0.41,0.77,electronic,Electronic
english_antidote,English,Five Star Hotel,0.41,0.77,electronic,Electronic
english_mj,English,Five Star Hotel,0.41,0.77,electronic,Electronic
english_workxxx,English,Five Star Hotel,0.41,0.77,electronic,Electronic
english_weather_patterns,English,Five Star Hotel,0.41,0.77,electronic,Electronic
english_stadium_trax,English,Five Star Hotel,0.41,0.77,electronic,Electronic
english_Istuin,English,Alek Száhala,0.5,0.67,electronic,Electronic
english_The_Red_Fog(Demo),English,Gears of Destruction,0.51,0.67,electronic,Electronic
english_This_Is_Horror,English,Cerebrum Vortex,0.41,0.77,electronic,Electronic
english_Machine_Spirits,English,Cerebrum Vortex,0.41,0.77,electronic,Electronic
english_Nonsense_#6,English,Sala della Pallacorda,0.41,0.77,electronic,Electronic
english_Bursting_The_Sadness,English,Cerebrum Vortex,0.41,0.77,electronic,Electronic
english_Streaming_Phaser,English,Cerebrum Vortex,0.41,0.77,electronic,Electronic
english_Dead_Man_Vision,English,Cerebrum Vortex,0.41,0.77,electronic,Electronic
english_Laconic,English,Cerebrum Vortex,0.41,0.77,electronic,Electronic
english_Demons_in_My_Head,English,Gears of Destruction,0.45,0.66,electronic,Electronic
english_Blue_Sparkles,English,Cerebrum Vortex,0.41,0.77,electronic,Electronic
english_Hate,English,Cerebrum Vortex,0.46,0.8,electronic,Electronic
english_What_It_Is_Right_Now,English,Busta Rhymes,0.58,0.64,electronic,Electronic
english_The_Step,English,!!!,0.62,0.54,electronic,Electronic
english_Supremacy_II,English,Polygon Window,0.58,0.61,electronic,Electronic
english_Terror_Flynn_Ok_Ok,English,Slagsmålsklubben,0.63,0.6,electronic,Electronic
english_full_throttle,English,Prodigy,0.66,0.66,electronic,Electronic
english_Lucky_Star,English,Nightcore,0.67,0.63,electronic,Electronic
english_The_Prophet,English,CJ Bolland,0.63,0.58,electronic,Electronic
english_Space_Island,English,!!!,0.76,0.66,electronic,Electronic
english_Renegade_Master,English,Wildchild,0.7,0.62,electronic,Electronic
english_Morning,English,Hyper,0.75,0.8,electronic,Electronic
english_Flying_Into_a_Star,English,Astral Projection,0.62,0.57,electronic,Electronic
english_Let_There_Be_Light,English,Astral Projection,0.62,0.58,electronic,Electronic
english_Dam_Dadi_Doo,English,Nightcore,0.66,0.62,electronic,Electronic
english_Murderation,English,Logistics,0.6,0.76,electronic,Electronic
english_Claustrophobic_sting,English,Prodigy,0.6,0.66,electronic,Electronic
english_Higher_State_of_Consciousness,English,Josh Wink,0.8,0.8,electronic,Electronic
english_Everybody_in_the_Place,English,Prodigy,0.6,0.76,electronic,Electronic
english_Temper_Temper,English,Goldie,0.41,0.75,electronic,Electronic
english_Your_Love,English,Prodigy,0.6,0.76,electronic,Electronic
english_Charly,English,Prodigy,0.8,0.8,electronic,Electronic
english_Cosmic_ascension,English,Astral Projection,0.62,0.59,electronic,Electronic
english_Resistor,English,Yello,0.57,0.69,electronic,Electronic
english_5_Elements,English,Nightcore,0.61,0.65,electronic,Electronic
english_Rock_The_Casbah,English,Solar Twins,0.6,0.76,electronic,Electronic
english_Charly_(Original_Mix),English,Prodigy,0.6,0.76,electronic,Electronic
english_Octopus,English,Art of Trance,0.61,0.6,electronic,Electronic
english_I_See_Fire,English,Hyper,0.6,0.76,electronic,Electronic
english_Ride,English,Chable & Bonnici,0.6,0.76,electronic,Electronic
english_Mosquito,English,Art of Trance,0.62,0.59,electronic,Electronic
english_Music_Reach,English,Prodigy,0.6,0.76,electronic,Electronic
english_scooter_-_fire,English,Scooter,0.61,0.69,electronic,Electronic
english_Chip,English,Doshy,0.6,0.76,electronic,Electronic
english_Contact,English,Eat Static,0.61,0.64,electronic,Electronic
english_Hyperspeed,English,Prodigy,0.6,0.76,electronic,Electronic
english_MAXIMIZER,English,CLI-MAX S.,0.6,0.76,electronic,Electronic
english_Field_of_Dreams,English,Nightcore,0.61,0.62,electronic,Electronic
english_Swamp_Thing,English,Grid,0.6,0.76,electronic,Electronic
english_Feeling_So_Real_(Unashamed_Ecstatic_Piano_mix),English,Moby,0.6,0.76,electronic,Electronic
english_The_Basics,English,Ben Sims,0.61,0.64,electronic,Electronic
english_Ridiculosous,English,Electrocution 250,0.6,0.76,electronic,Electronic
english_Golden_Rain,English,Art of Trance,0.77,0.67,electronic,Electronic
english_Control,English,Secret Hero,0.52,0.63,electronic,Electronic
english_Dominica,English,F2,0.6,0.76,electronic,Electronic
english_Gloria,English,Art of Trance,0.61,0.61,electronic,Electronic
english_Neurodancer,English,Wippenberg,0.6,0.76,electronic,Electronic
english_Confusion_(Pump_Panel_Reconstruction),English,New Order,0.61,0.64,electronic,Electronic
english_Ready_to_Flow,English,Urban Trance Plant,0.6,0.76,electronic,Electronic
english_The_Heat_[The_Energy],English,Prodigy,0.6,0.66,electronic,Electronic
english_Fade_2_Black,English,Goldie,0.6,0.76,electronic,Electronic
english_Glass_Ball,English,Rebel Yelle,0.6,0.76,electronic,Electronic
english_Firefight,English,Cosmic Trigger,0.61,0.64,electronic,Electronic
english_Thunderflash,English,Weathermen,0.7,0.6,electronic,Electronic
english_Urban_&_Free,English,Dynamo City,0.6,0.76,electronic,Electronic
english_Silver_Surfer,English,Time Stretch Armstrong,0.6,0.76,electronic,Electronic
english_Time_Bomb,English,Overrider,0.6,0.76,electronic,Electronic
english_Acid_War,English,D.O.M.,0.6,0.76,electronic,Electronic
english_Burn_Out,English,Last Of The Hunted Sonz Of Freestyle,0.64,0.66,electronic,Electronic
english_CX4,English,Apraxia,0.6,0.76,electronic,Electronic
english_Chuggernaut,English,Smog Blanket,0.6,0.76,electronic,Electronic
english_Metallican,English,Vytear,0.55,0.69,electronic,Electronic
english_Quazar,English,Kektex,0.6,0.76,electronic,Electronic
english_Hustlers_Revenge,English,6400 Crew Present Joeski,0.6,0.76,electronic,Electronic
english_Pressure_Cell,English,Weathermen,0.6,0.76,electronic,Electronic
english_Nexium,English,Electrogirl,0.61,0.65,electronic,Electronic
english_Timebomb,English,Overrider,0.6,0.76,electronic,Electronic
english_Boom_Boom_Fire,English,Dr. Love,0.6,0.76,electronic,Electronic
english_Wa_(Full),English,이정현,0.6,0.76,electronic,Electronic
english_Rose_Remastered,English,cornandbeans,0.73,0.71,electronic,Electronic
english_Shudder_-_King_of_Snake,English,Underworld,0.63,0.67,electronic,Electronic
english_Yeke_Yeke_(Hard_Floor_Mix),English,Mory Kante,0.61,0.6,electronic,Electronic
english_Infection,English,Biostorm,0.3,0.85,electronic,Electronic
english_Access,English,Dj Tim & Dj Misjah,0.61,0.65,electronic,Electronic
english_Bang_On,English,Propellerheads,0.55,0.66,electronic,Electronic
english_Experiment_4,English,A & E Dept,0.6,0.76,electronic,Electronic
english_The_Game_Has_Changed,English,Daft Punk,0.74,0.7,electronic,Electronic
english_Nostrand,English,Ratatat,0.79,0.59,electronic,Electronic
english_Shot_at_the_Night,English,The Killers,0.79,0.7,electronic,Electronic
english_Canon,English,Justice,0.67,0.91,electronic,Electronic
english_Where_Is_the_Line,English,Björk,0.7,0.67,electronic,Electronic
english_54_Cymru_Beats,English,Aphex Twin,0.58,0.76,electronic,Electronic
english_Vertebræ_by_Vertebræ,English,Björk,0.74,0.71,electronic,Electronic
english_Cop_Killer,English,John Maus,0.34,0.84,electronic,Electronic
english_I_Know_The_Truth,English,Pretty Lights,0.81,0.79,electronic,Electronic
english_Exotic_Talk,English,RJD2,0.72,0.7,electronic,Electronic
english_,English,M83,1.0,1.0,electronic,Electronic
english_An_Echo_A_Stain,English,Björk,0.5,0.53,electronic,Electronic
english_Walking_Through_That_Door,English,Future Islands,0.78,0.79,electronic,Electronic
english_The_Future,English,Austra,0.79,0.87,electronic,Electronic
english_The_Great_Fire,English,Future Islands,0.69,0.83,electronic,Electronic
english_Kobwebz,English,Gonjasufi,0.45,0.6,electronic,Electronic
english_The_Stamen_Of_The_Shamen,English,Shpongle,0.7,0.68,electronic,Electronic
english_Car_Chase_Terror!,English,M83,0.56,0.73,electronic,Electronic
english_An_Apology,English,Future Islands,0.67,0.91,electronic,Electronic
english_Hands_On_Us,English,The Notwist,0.13,0.14,electronic,Electronic
english_Truth,English,Balmorhea,0.7,0.4,electronic,Electronic
english_Tobiume,English,Susumu Yokota,0.67,0.64,electronic,Electronic
english_Monster_(original_version),English,Parov Stelar,0.87,0.85,electronic,Electronic
english_Saeglópur,English,Sigur Rós,0.68,0.64,electronic,Electronic
english_Cupid,English,Hurts,0.53,0.57,electronic,Electronic
english_Sacrifice,English,Clint Mansell,0.39,0.59,electronic,Electronic
english_Punch_up_at_a_wedding,English,Radiohead,0.79,0.87,electronic,Electronic
english_Suicide_Pact,English,Momus,0.4,0.46,classical,Classical
english_Feet_That_Danced,English,James Uhart,0.38,0.44,classical,Classical
english_Concerto_in_D_Minor_for_Two_Violins_-_Vivace,English,Johann Sebastian Bach,0.36,0.42,classical,Classical
english_Sanctus,English,Gabriel Fauré,0.78,0.54,classical,Classical
english_At_a_Distance,English,Autumn Tears,0.36,0.33,classical,Classical
english_Making_Music,English,Zakir Hussain,0.37,0.27,classical,Classical
english_Offertoire,English,Gabriel Fauré,0.48,0.4,classical,Classical
english_Full_Moon,English,Chinmaya Dunster,0.37,0.46,classical,Classical
english_Offering,English,Ravi Shankar,0.24,0.17,classical,Classical
english_La_Donna__E_Moblie,English,The Three Tenors,0.44,0.3,classical,Classical
english_Thais_Meditation,English,Jules Massenet,0.69,0.39,classical,Classical
english_E_V,English,Johannes Brahms,0.77,0.58,classical,Classical
english_Spiritus_Domini,English,The Benedictine Monks Of Santo Domingo De Silos,0.51,0.49,classical,Classical
english_Andante_maestoso_'Vexilla_Regis_prodeunt',English,Franz Liszt,0.67,0.53,classical,Classical
english_Jesus_Christ_the_Apple_Tree,English,Elizabeth Poston,0.62,0.36,classical,Classical
english_Allegretto,English,Jean Sibelius,0.6,0.47,classical,Classical
english_Scene_By_The_Brook_-_Andante_Molto_Mosso,English,Ludwig van Beethoven,0.69,0.45,classical,Classical
english_Symphony_No._6_in_F_major_('Pastoral')_Op._68_Allegro_ma_non_troppo,English,Ludwig van Beethoven,0.38,0.37,classical,Classical
english_The_Living_Sea,English,Monkey,0.74,0.34,classical,Classical
english_Pigsy_In_Space,English,Monkey,0.73,0.39,classical,Classical
english_Fire_and_Rain,English,Birdy,0.83,0.26,classical,Classical
english_Svanire,English,Ludovico Einaudi,0.7,0.34,classical,Classical
english_Asturias,English,Isaac Albéniz,0.86,0.54,classical,Classical
english_Mad_Foxes,English,Destroyer,0.87,0.55,classical,Classical
english_Such_Great_Heights,English,The Section Quartet,0.78,0.41,classical,Classical
english_III__Andante,English,Felix Mendelssohn,0.85,0.41,classical,Classical
english_Recuerdos_de_la_Alhambra,English,John Williams,0.89,0.43,classical,Classical
english_Mafia,English,Fleshgod Apocalypse,0.72,0.41,classical,Classical
english_Act_2_Scene_3-2,English,Sergei Prokofiev,0.83,0.26,classical,Classical
english_Second_Interlude,English,John Cage,0.85,0.42,classical,Classical
english_Sonata_X,English,John Cage,0.41,0.11,classical,Classical
"english_Be_Silent,_Be_Still",English,The Jane Brooks Project,0.41,0.39,classical,Classical
english_The_Dental_Hygiene_Dilemma,English,Ensemble Modern,0.3,0.46,classical,Classical
english_Booze,English,"if you can't bring any beauty into the world, the next best thing is to show everybody how ugly everything is.",0.49,0.43,classical,Classical
english_I_Believe,English,The Real Tuesday Weld,0.43,0.26,classical,Classical
english_Om_Namo_Bhagwate_Vasudevaya,English,Pandit Jasraj,0.31,0.25,classical,Classical
english_Awakening,English,Ashit Desai,0.4,0.77,classical,Classical
english_The_Eternal_Vow,English,譚盾,0.61,0.68,classical,Classical
english_Peer_Gynt_-_In_The_Hall_Of_The_Mountain_King,English,Edvard Grieg,0.61,0.91,classical,Classical
english_Animus,English,Mike Oldfield,0.69,0.65,classical,Classical
english_Aurora,English,Mike Oldfield,0.54,0.5,classical,Classical
english_Resta_Qui,English,Andrea Bocelli,0.51,0.7,classical,Classical
english_Dancing_Under_The_Closed_Eyes_Of_Paradise,English,Elend,0.48,0.53,classical,Classical
english_symphony_nr_5,English,Ludwig van Beethoven,0.61,0.91,classical,Classical
english_Mars,English,Gustav Holst,0.65,0.53,classical,Classical
english_Sei_Parte_Ormai_Di_Me,English,Il Divo,0.43,0.69,classical,Classical
english_Вальс,English,Евгений Дога,0.77,0.68,classical,Classical
english_Sea_of_Fate_(orchestral_version),English,Rhapsody of Fire,0.71,0.56,classical,Classical
"english_Concerto_'L'estate',_RV_315_-_III_Presto",English,Antonio Vivaldi,0.61,0.91,classical,Classical
english_There_is_no_rose,English,Benjamin Britten,0.59,0.63,classical,Classical
english_Pacific_231,English,Arthur Honegger,0.61,0.91,classical,Classical
english_Hostias,English,Alfred Schnittke,0.31,0.45,classical,Classical
english_Tsumi,English,大島ミチル,0.73,0.78,classical,Classical
english_I_Can_Fly,English,植松伸夫,0.61,0.91,classical,Classical
"english_Little_Angel,_Little_Monkey",English,Pram,0.63,0.71,classical,Classical
english_Shadows,English,Pram,0.25,0.45,classical,Classical
english_FAX_me,English,[unknown],0.63,0.71,classical,Classical
english_Rain_Or_Shine,English,Pilgrimage,0.34,0.33,classical,Classical
english_niliim,English,Dvar,0.46,0.44,classical,Classical
english_Христос_анести,English,Дивна Љубоjевић,0.59,0.5,classical,Classical
english_Burn_the_Witch,English,Radiohead,0.85,0.66,classical,Classical
english_O_Fortuna,English,Carl Orff,0.6,0.76,classical,Classical
english_Get_Free,English,Lana Del Rey,0.5,0.67,classical,Classical
english_Ulla,English,Goldfrapp,0.84,0.53,classical,Classical
english_Stranger,English,Goldfrapp,0.58,0.43,classical,Classical
english_Claro_De_Luna,English,Claude Debussy,0.67,0.48,classical,Classical
english_Black_Blade,English,Two Steps from Hell,0.79,0.68,classical,Classical
english_Threnody,English,Chaostar,0.54,0.6,classical,Classical
english_te_deum_i_te_deum,English,Arvo Pärt,0.63,0.62,classical,Classical
english_Little_Star,English,黒百合姉妹,0.68,0.72,classical,Classical
english_Le_Chant_De_L'etoile,English,黒百合姉妹,0.68,0.72,classical,Classical
"english_Symphony_No._3_in_C_minor,_Op._78,_Organ-Presto",English,Camille Saint-Saëns,0.68,0.72,classical,Classical
english_3._Bruckner_Symphony_No.7_by_Matacic_-_III._Scherzo_vivace,English,"Chech Philharmonic Orchestra, Conducted by Lovro von Matacic",0.68,0.72,classical,Classical
english_Verses,English,Max Richter,0.3,0.34,classical,Classical
english_Prophecy,English,Mike Oldfield,0.34,0.28,classical,Classical
english_Sonatas_XIV_and_XV_Gemini_(After_Richard_Lippold),English,John Cage,0.77,0.51,classical,Classical
english_The_Witch's_Garden,English,Abandoned Toys,0.61,0.59,classical,Classical
english_Come_Into_Your_Life,English,Chamaeleon Church,0.71,0.75,classical,Classical
english_Symphony_5__IX_Moderato,English,Валентин Васильович Сильвестров,0.71,0.75,classical,Classical
english_Shabda,English,Mike Oldfield,0.47,0.41,classical,Classical
english_Harmonia_Mundi,English,Mike Oldfield,0.6,0.45,classical,Classical
english_Symphony_No._3_II._Lento_e_Largo_-_Tranquillissimo,English,Henryk Górecki,0.68,0.65,classical,Classical
english_A-Ronne,English,Luciano Berio,0.78,0.69,classical,Classical
english_Vespertilia,English,Ataraxia,0.71,0.55,classical,Classical
english_Suite_Patagonia,English,Bruno Sanfilippo,0.25,0.26,classical,Classical
english_Ballade,English,Wouter Vercruysse,0.86,0.72,classical,Classical
english_Morpheus,English,Maissouille,0.51,0.73,classical,Classical
english_Gilgamesh,English,Bohuslav Martinů,0.73,0.73,classical,Classical
english_Madreselva,English,Wouter Vercruysse,0.86,0.72,classical,Classical
english_Immersion,English,Shoshannah,0.73,0.68,classical,Classical
english_Invocation,English,Bohuslav Martinů,0.52,0.83,classical,Classical
english_Into_the_Storm,English,Calmwind,0.41,0.42,classical,Classical
english_An_den_Wassern_zu_Babel,English,Arvo Pärt,0.62,0.48,classical,Classical
english_Song_II_(Lento_e_Largo),English,Henryk Górecki,0.63,0.61,classical,Classical
english_Arbos,English,Arvo Pärt,0.76,0.71,classical,Classical
english_You_Raise_Me_Up,English,Russell Watson,0.77,0.65,classical,Classical
english_Hymn_Before_Action,English,Karl Jenkins,0.69,0.66,classical,Classical
english_Es_Sang_vor_Langen_Jahren,English,Arvo Pärt,0.69,0.66,classical,Classical
english_Faith_I_Do_Believe,English,Rusted Root,0.69,0.66,classical,Classical
english_Tramp_and_Tom_Waits_with_Full_Orchestra,English,Gavin Bryars,0.68,0.64,classical,Classical
english_Fratres_for_String_Quartet,English,Arvo Pärt,0.34,0.33,classical,Classical
english_Agnus_Dei,English,Arvo Pärt,0.54,0.59,classical,Classical
english_Dawn,English,Meredith Monk,0.47,0.77,classical,Classical
"english_1791_Mozart_Clarinet_Concerto_in_A,_2nd_movement",English,"1791 Mozart: Clarinet Concerto in A, 2nd movement",0.76,0.46,classical,Classical
english_Romance,English,Дмитрий Дмитриевич Шостакович,0.72,0.41,classical,Classical
english_Graduale,English,Aeternitas,0.48,0.42,classical,Classical
english_Part_1,English,Devil Doll,0.4,0.77,classical,Classical
english_Part_3,English,Devil Doll,0.63,0.67,classical,Classical
english_Part_5,English,Devil Doll,0.62,0.68,classical,Classical
"english_String_Quartet_No_I,_Rose_Road",English,Douwe Eisenga,0.76,0.55,classical,Classical
english_Piano_Concerto_III,English,Douwe Eisenga,0.63,0.74,classical,Classical
english_Istoria,English,志方あきこ,0.45,0.46,classical,Classical
english_All_Summer_Long,English,Douwe Eisenga,0.63,0.74,classical,Classical
english_Ode_an_Berlin,English,"Busch, Ernst",0.63,0.74,classical,Classical
english_Rosen_auf_den_Weg_gestreut,English,"Busch, Ernst",0.63,0.74,classical,Classical
english_Reflection,English,Vanessa-Mae,0.75,0.38,classical,Classical
english_Allegro_vivace,English,Sergei Rachmaninoff,0.84,0.79,classical,Classical
english_Mushroom_Clouds,English,Love,0.74,0.51,classical,Classical
english_Allegro_spiritoso,English,Antonio Salieri,0.86,0.57,classical,Classical
english_I._Allegro_con_spirito,English,Carl Stamitz,0.86,0.57,classical,Classical
english_Pavana,English,David Russell,0.86,0.57,classical,Classical
"english_Mozart_Divertimento_D,_KV_136_-_Allegro_assai",English,Ensemble XXI,0.86,0.57,classical,Classical
english_I._Allegro,English,Johann Wilhelm Hertel,0.86,0.57,classical,Classical
english_I._Allegro_con_moto,English,Ferdinand Ries,0.81,0.62,classical,Classical
english_3._Allegro,English,Felix Ayo,0.86,0.57,classical,Classical
english_Madrigal,English,Sergei Prokofiev,0.94,0.72,classical,Classical
english_Allegro,English,Muzio Clementi,0.94,0.79,classical,Classical
english_March,English,Fernando Sor,0.92,0.75,classical,Classical
"english_Rondo_Alla_Turca,_from_Piano_Sonata_in_A",English,Wolfgang Amadeus Mozart,0.84,0.68,classical,Classical
english_I_Can_Hear_The_Bells,English,Marissa Jaret Winokur,0.94,0.79,classical,Classical
english_No._5_in_D_Major_-_I_-_Allegro,English,Wendy Carlos,0.89,0.64,classical,Classical
english_Rigoletto_Questa_o_quella,English,Giuseppe Verdi,0.89,0.65,classical,Classical
english_Oh_wat_is_het_toch_fijn_om_bij_de_fanfare_te_zijn,English,Rubberen Robbie,0.89,0.59,classical,Classical
english_Allegro_con_fuoco,English,Francis Poulenc,0.9,0.67,classical,Classical
english_II._Grave,English,Mauricio Kagel,0.92,0.73,classical,Classical
english_Aviary,English,Camille Saint-Saëns,0.95,0.79,classical,Classical
english_Liebesfreud,English,Sergei Rachmaninoff,0.89,0.72,classical,Classical
english_Prelude_From_Cello_Suite_#1,English,Alex de Grassi,0.83,0.53,classical,Classical
english_Concerto_for_Piano_&_Orchestra_I-_Allegro_maestoso,English,Արամ Խաչատրյան,0.9,0.81,classical,Classical
english_ALLA_TURCA,English,Wolfgang Amadeus Mozart,0.97,0.82,classical,Classical
english_Dalalai,English,Bond,0.89,0.8,classical,Classical
english_Апрельское_утро,English,Flёur,0.9,0.7,classical,Classical
english_Times,English,Roberto Cacciapaglia,0.55,0.65,classical,Classical
english_Andante_-_Allegro,English,Giuseppe Torelli,0.73,0.52,classical,Classical
"english_7th_Symphony,_2nd_movement",English,Ludwig van Beethoven,0.76,0.74,classical,Classical
english_Piano_Concerto_No._1,English,Pyotr Ilyich Tchaikovsky,0.92,0.72,classical,Classical
english_Leoš_Janáček_-_Sonata_for_Violin_and_Piano_Con_moto,English,Volodja Balžalorsky,0.81,0.58,classical,Classical
english_Spring_I_Allegro,English,Antonio Vivaldi,0.92,0.72,classical,Classical
english_IV._Finale_Adagio_-_Allegro_moderato,English,Anton Bruckner,0.86,0.83,classical,Classical
english_I._Allegro_assai,English,Ludwig van Beethoven,0.85,0.87,classical,Classical
english_Piano_Concerto_No._2_in_C_minor_Op._18_I.____Moderato,English,Leif Ove Andsnes/Berliner Philharmoniker/Antonio Pappano,0.85,0.87,classical,Classical
"english_Prelude_(Lohengrin,_Act_1)",English,Herbert von Karajan,0.82,0.59,classical,Classical
english_IV._Romance_Molto_adagio,English,Camille Saint-Saëns,0.88,0.68,classical,Classical
"english_Symphony_No._5_in_E_Minor,_Op.64_I._Andante_-_Allegro_con_anima",English,Pyotr Ilyich Tchaikovsky,0.87,0.79,classical,Classical
english_Waltz_of_the_Flowers,English,Pyotr Ilyich Tchaikovsky,0.89,0.7,classical,Classical
english_Minute_Waltz,English,Frédéric Chopin,0.9,0.7,classical,Classical
english_Largo,English,Antonín Dvořák,0.89,0.7,classical,Classical
english_Nocturne_in_C#_minor,English,Frédéric Chopin,0.79,0.65,classical,Classical
english_Les_Preludes,English,Franz Liszt,0.85,0.72,classical,Classical
english_Adagio_molto_e_cantabile,English,Ludwig van Beethoven,0.88,0.6,classical,Classical
english_Allegro_ma_non_tanto,English,Sergei Rachmaninoff,0.9,0.7,classical,Classical
english_C_III__Allegro_giocoso__Poco_meno_presto__Tempo_I,English,Johannes Brahms,0.87,0.71,classical,Classical
"english_Symphony_No._5_in_C_Minor,_Op._67_I._Allegro_con_brio",English,Ludwig van Beethoven,0.86,0.69,classical,Classical
english_Allegro_molto_appassionato,English,Felix Mendelssohn,0.88,0.72,classical,Classical
"english_D_IV_Adagio_piu_andante_allegro_non_troppo,ma_con_brio",English,Johannes Brahms,0.87,0.6,classical,Classical
english_Allegro_Ma_non_Troppo,English,Ludwig van Beethoven,0.91,0.7,classical,Classical
english_Andante,English,Felix Mendelssohn,0.87,0.62,classical,Classical
english_J_Finale-Andante,English,Johannes Brahms,0.89,0.69,classical,Classical
english_Overture,English,Pyotr Ilyich Tchaikovsky,0.05,0.08,classical,Classical
english_Moderato,English,Sergei Rachmaninoff,0.79,0.63,classical,Classical
"english_Waltz_No._7_in_c_sharp_minor,_Op._64,2",English,Frédéric Chopin,0.9,0.7,classical,Classical
english_Cockaigne_(In_London_Town)_Overture,English,Sir Edward Elgar,0.7,0.67,classical,Classical
"english_Symphony_No._40_in_G_minor,_K.550_Menuetto_Allegretto_-_Trio",English,Herbert von Karajan,0.86,0.66,classical,Classical
english_adagiosonata_for_flute_+_keyboard_in_b_min_op1_no9,English,Georg Friedrich Händel,0.83,0.61,classical,Classical
english_harp_concerto_in_b_flat-_larghetto,English,Georg Friedrich Händel,0.83,0.61,classical,Classical
english_1866_Suppe_Light_Cavalry-Overture,English,1866 Suppe: Light Cavalry-Overture,0.77,0.64,classical,Classical
english_Overture_To_Light_Cavalry,English,United States Marine Band,0.64,0.58,classical,Classical
english_Purified_(Prelude),English,Skrol,0.64,0.58,classical,Classical
english_I._Allegro_Non_Troppo,English,Camille Saint-Saëns,0.75,0.44,classical,Classical
"english_Piano_Concerto_No._21_in_C,_K._467-Andante",English,Wolfgang Amadeus Mozart,0.75,0.44,classical,Classical
english_Spitfire_Prelude_and_Fugue,English,William Walton,0.81,0.57,classical,Classical
english_air_andante_religioso,English,Edvard Grieg,0.75,0.44,classical,Classical
english_Florida_Suite_By_the_River,English,Frederick Delius,0.75,0.44,classical,Classical
"english_The_Mastersingers_of_Nuremberg,_Overture",English,Richard Wagner,0.75,0.44,classical,Classical
english_Sonata_in_G_minor_for_Viola_da_Gamba,English,Johann Sebastian Bach,0.75,0.44,classical,Classical
english_Symphony_No._7_III._Scherzo_Sehr_schnell,English,Anton Bruckner,0.75,0.44,classical,Classical
english_Piano_concerto_No.2_in_G_Minor_(Andantino-Allegretto),English,Sergei Prokofiev,0.75,0.44,classical,Classical
english_Piano_concerto_No.2_in_G_Minor_(Scherzo_Vivace),English,Sergei Prokofiev,0.75,0.44,classical,Classical
english_Piano_concerto_No.2_in_G_Minor_(Intermezzo_Allegro),English,Sergei Prokofiev,0.75,0.44,classical,Classical
english_Two_Melodies_for_String_Orchestra_Op._53_-_The_First_Meeting,English,Edvard Grieg,0.75,0.44,classical,Classical
english_The_Seasons_-_Autumn_('Baccanale'_and_'Petit_Adagio'),English,Alexander Glazoenov,0.75,0.44,classical,Classical
english_Cello_Concerto_&_Rhapsody_for_Cello,English,Արամ Խաչատրյան,0.73,0.48,classical,Classical
"english_Andante,_Dance_of_Spirits_of_Earth,_Dance_of_Spirits_of_Water,_Dance_of_Spirits_of_Fire",English,Gustav Holst,0.79,0.56,classical,Classical
"english_Sonata_No._2_in_A_minor,_BWV_1003_Grave",English,George Enescu,0.73,0.48,classical,Classical
english_Nocturne_No._4,English,Joe Jackson,0.75,0.71,classical,Classical
english_cantus_in_memory_of_benjamin_britten_for_strings_and_bell,English,Arvo Pärt,0.62,0.51,classical,Classical
english_Pavane_pour_une_infante_defunte_(version_for_orchestra),English,Maurice Ravel,0.3,0.29,classical,Classical
english_Red_rose,English,Cécile Corbel,0.44,0.61,classical,Classical
english_Violin_Concerto_II,English,Philip Glass,0.12,0.24,classical,Classical
english_Elegie-Molto_adagio,English,Gabriel Fauré,0.85,0.65,classical,Classical
english_largo_e_spiccato_-_Concerto_No,English,Johann Sebastian Bach,0.2,0.38,classical,Classical
"english_Concerto_no._4_in_F_major,__HWV_292_Adagio",English,Sonnerie,0.22,0.28,classical,Classical
"english_String_Quartet_No._8_in_C_minor,_Op._110_II._Allegro_molto",English,Dmitri Shostakovich,0.58,0.73,classical,Classical
english_Quartet_For_Strings_And_Piano_In_A_Minor,English,Gustav Mahler,0.42,0.74,classical,Classical
"english_Adagio,_For_Violin,_Strings_&_Organ_In_G_Minor",English,Tomaso Giovanni Albinoni,0.58,0.39,classical,Classical
"english_Gymnopédies_(3),_for_piano_Gymnopedie_02",English,Erik Satie,0.54,0.47,classical,Classical
"english_Gymnopédies_(3),_for_piano_Gymnopedie_03",English,Erik Satie,0.29,0.31,classical,Classical
english_Nocturne_in_C-sharp_Minor,English,Frédéric Chopin,0.82,0.71,classical,Classical
"english_Symphony_No._6_in_D_minor,_op._104,_Iii_Poco_Vivace",English,Jean Sibelius,0.76,0.74,classical,Classical
english_Concierto_para_violín_nº_2_-_Allegro_non_troppo,English,Béla Bartók,0.76,0.74,classical,Classical
english_Solo_Por_Ti,English,Josh Groban,0.6,0.66,classical,Classical
english_City_Theme,English,Vanessa-Mae,0.76,0.74,classical,Classical
english_I._Allegro_molto_appassionato,English,Felix Mendelssohn,0.84,0.72,classical,Classical
english_Andante_con_moto,English,Felix Mendelssohn,0.88,0.73,classical,Classical
english_Allegro_non_troppo,English,Dmitri Shostakovich,0.88,0.77,classical,Classical
english_A_Call_To_Adventure_(Theme_From_Mummy_3),English,Randy Edelman,0.8,0.81,classical,Classical
"english_Symphony_No._5_in_C_minor,_Op._67_IV._Allegro",English,Ludwig van Beethoven,0.89,0.67,classical,Classical
english_Legion_(Vivace_con_affeto),English,VNV Nation,0.88,0.69,classical,Classical
"english_Peer_Gynt_Suite_N._1,_Op._46_-_4._In_Der_Halle_Des_Bergkönigs",English,"Berliner Philharmoniker, Herbert von Karajan",0.59,0.79,classical,Classical
english_Nocturne_In_C_Minor_(Posthumous),English,Frédéric Chopin,0.41,0.32,classical,Classical
english_I._Allegro_con_vivacita,English,Luigi Boccherini,0.56,0.44,classical,Classical
english_Rondo_Vivace,English,Frédéric Chopin,0.87,0.79,classical,Classical
english_Allegro_moderato,English,Carl Stamitz,0.77,0.48,classical,Classical
english_Sonata_II_in_b_minor_(Allegro),English,Ensemble Mirable,0.88,0.58,classical,Classical
english_New_York_Interlude_(Concerto_In_F),English,George Gershwin,0.94,0.7,classical,Classical
english_Sonata_in_D_major_KV_576,English,Andreas Haefliger,0.88,0.58,classical,Classical
english_Grande_polonaise_brillante_in_E_flat_major_-_(Allegro_molto_-_Meno_mosso),English,Frédéric Chopin,0.88,0.58,classical,Classical
english_Oboe_Concerto_1st_Movement,English,ORCHESTRA de NODAME,0.77,0.68,classical,Classical
english_Presto,English,Franz Schubert,0.86,0.74,classical,Classical
english_O_Jesu_Christe,English,Jacquet de Berchem,0.77,0.64,classical,Classical
english_Sanctus_Nelson_Mass,English,Franz Joseph Haydn,0.82,0.69,classical,Classical
english_And_The_Glory_Of_The_Lord,English,Georg Friedrich Händel,0.87,0.72,classical,Classical
"english_JESU,_JOY_OF_MAN'S_DESIRING'",English,Johann Sebastian Bach,0.82,0.69,classical,Classical
english_Behold_the_Lamb_of_God,English,Georg Friedrich Händel,0.82,0.6,classical,Classical
english_Wie_Lieblich_Sind_Deine_Wohnungen,English,Johannes Brahms,0.82,0.69,classical,Classical
english_Te_Deum,English,Arvo Pärt,0.57,0.44,classical,Classical
english_I._Lento_-_Sostenuto_Tranquillo_Ma_Cantabile,English,Henryk Górecki,0.55,0.5,classical,Classical
"english_Miserere_mei,_Deus",English,Allegri,0.46,0.53,classical,Classical
english_Lilium,English,野間久美子,0.54,0.49,classical,Classical
english_Ave_Maria,English,The Priests,0.55,0.58,classical,Classical
english_Funeral_Ikos,English,John Tavener,0.82,0.69,classical,Classical
english_Salve_Regina,English,Arvo Pärt,0.82,0.69,classical,Classical
english_Lux_Aeterna,English,Giuseppe Verdi,0.63,0.68,classical,Classical
english_What_sweeter_music,English,John Rutter,0.41,0.34,classical,Classical
english_Panis_Angelicus,English,The Priests,0.9,0.7,classical,Classical
english_Gratias_Agimus_Tibi,English,Johann Sebastian Bach,0.86,0.7,classical,Classical
english_Tuba_mirum,English,Alfred Schnittke,0.57,0.62,classical,Classical
english_Cantus_in_Memory_of_Benjamin_Britten_for_Strings_and_Bells,English,Arvo Pärt,0.82,0.69,classical,Classical
english_Fratres_(for_cello_and_piano),English,Arvo Pärt,0.82,0.69,classical,Classical
english_Sonata_14_The_Assumption_of_The_Blessed_Virgin,English,Pavlo Beznosiuk,0.82,0.69,classical,Classical
english_Three_Pieces_in_Old_Style_for_string_orchestra_-_Second_Piece,English,Henryk Górecki,0.82,0.69,classical,Classical
"english_Toccata,_Adagio,_and_Fugue_for_organ_in_C_major,_BWV_564",English,Johann Sebastian Bach,0.82,0.69,classical,Classical
"english_Te_Deum_in_C,_Hob.XXIIIc2_Te_ergo_quaesumus._Adagio",English,"Nicholas Parle, The English Concert, The English Concert Choir & Trevor Pinnock",0.82,0.69,classical,Classical
english_Tramp_with_Orchestra_II_(low_strings),English,Gavin Bryars,0.67,0.51,classical,Classical
english_Piano_Sonata_#7_-_movement_#2_(Beethoven),English,Ludwig van Beethoven,0.89,0.46,classical,Classical
english_Prelude_et_Scherzo,English,Susan Hoeppner,0.79,0.66,classical,Classical
english_Etude_IX_(Presto_possibile),English,Robert Schumann,0.9,0.74,classical,Classical
english_Piano_Concerto_No.5_(Fantasia_concertante)_-_III.Poco_allegro,English,Bohuslav Martinů,0.94,0.96,classical,Classical
"english_Piano_Concerto_No._3_In_D_Minor,_Op._30_Finale_-_Alla_Breve",English,John Lill,0.94,0.96,classical,Classical
english_Sonata_No._6_in_A_major_Allegro,English,Luigi Boccherini,0.48,0.38,classical,Classical
"english_III._Allegro_vivo,_ma_non_presto",English,Luigi Boccherini,0.84,0.84,classical,Classical
english_Allegro_ma_non_presto,English,Luigi Boccherini,0.84,0.84,classical,Classical
english_Cinderella,English,Gioacchino Rossini,0.65,0.5,classical,Classical
english_No._1_in_F_major_Vivace,English,Alexander Scriabin,0.88,0.74,classical,Classical
english_Allegro_-_Allegro,English,Arcangelo Corelli,0.84,0.84,classical,Classical
english_Solomon_Arrival_of_the_Queen_of_Sheba,English,Georg Friedrich Händel,0.85,0.75,classical,Classical
"english_Andante_sostenuto_-_Adagio,_ma_non_troppo_lento_-_Vivace",English,Max Bruch,0.84,0.84,classical,Classical
english_Bugler's_Holiday,English,Leroy Anderson,0.84,0.84,classical,Classical
english_Scène_Aux_Champs_(Adagio),English,Hector Berlioz,0.88,0.75,classical,Classical
english_Act_II_Prelude,English,Henry Purcell,0.84,0.84,classical,Classical
"english_Fantasia_for_Solo_Violin_XII_in_A_minor_(Moderato,_Vivace,_Presto)",English,Andrew Manze,0.84,0.84,classical,Classical
english_Suona_Concerto_Celebrating_the_Thriumph,English,Song Baocai,0.84,0.84,classical,Classical
english_Violin_Concerto_in_G_major_4,English,Georg Philipp Telemann,0.84,0.84,classical,Classical
english_Violin_Concerto_in_A_minor_1,English,Georg Philipp Telemann,0.84,0.84,classical,Classical
english_Sym_#_1Adagio_-_Allegro_-_Andantino,English,Alexander Borodin,0.84,0.84,classical,Classical
english_Allegro_Maestoso,English,Wolfgang Amadeus Mozart,0.94,0.6,classical,Classical
english_TOO_GOOD,English,Troye Sivan,0.66,0.59,pop,Pop
english_Miss_You_More,English,Katy Perry,0.75,0.65,pop,Pop
english_Love_Into_the_Light,English,Ke$ha,0.9,0.6,pop,Pop
english_Take_Me_In,English,Wild Nothing,0.81,0.23,pop,Pop
english_Plane_Temp,English,Glasser,0.41,0.11,pop,Pop
english_On_A_Beach,English,Richard Ashcroft,0.81,0.52,pop,Pop
english_Copenhagen,English,Scott Walker,0.42,0.46,pop,Pop
english_Beauty_Above_All,English,Craft Spells,0.81,0.23,pop,Pop
english_Envoi,English,Absynthe Minded,0.81,0.28,pop,Pop
english_Óculos,English,Os Paralamas Do Sucesso,0.81,0.23,pop,Pop
english_Coughing_Colors,English,Tilly and the Wall,0.58,0.54,pop,Pop
english_Três_Lados,English,Skank,0.81,0.23,pop,Pop
english_The_New_Year,English,Azure Ray,0.55,0.49,pop,Pop
english_Everybody,English,Richard Ashcroft,0.47,0.78,pop,Pop
english_7_Keys,English,Aqualung,0.72,0.6,pop,Pop
english_Running_Away,English,Richard Ashcroft,0.73,0.39,pop,Pop
english_Damaged,English,Plumb,0.83,0.79,pop,Pop
english_Patio_Song,English,Gorky's Zygotic Mynci,0.74,0.41,pop,Pop
english_High,English,James Blunt,0.47,0.59,pop,Pop
english_Backyard,English,Natasha Bedingfield,0.78,0.45,pop,Pop
english_Fragile,English,Kylie Minogue,0.45,0.41,pop,Pop
english_Canada,English,Milow,0.78,0.59,pop,Pop
english_Feelings,English,Morris Albert,0.88,0.73,pop,Pop
english_Move_On,English,George Michael,0.88,0.58,pop,Pop
english_Sad_Song,English,Oasis,0.45,0.79,pop,Pop
english_Je_T'aime_Tant,English,Julie Delpy,0.81,0.48,pop,Pop
english_Doin'_What_Comes_Natur'lly,English,Dinah Shore,0.78,0.42,pop,Pop
english_High_Up_Your_Tree,English,The Charlatans,0.88,0.55,pop,Pop
english_BareNaked,English,Jennifer Love Hewitt,0.82,0.53,pop,Pop
english_All_About_Your_Heart,English,Mindy Gledhill,0.78,0.42,pop,Pop
english_Nobody's_Man,English,Tina Dico,0.72,0.6,pop,Pop
english_to_Mother,English,YUI,0.76,0.27,pop,Pop
english_Credit,English,Ariel Pink's Haunted Graffiti,0.55,0.58,pop,Pop
english_Upside_Down,English,Barenaked Ladies,0.55,0.69,pop,Pop
english_Shopping,English,Barenaked Ladies,0.88,0.78,pop,Pop
english_Prevenge,English,They Might Be Giants,0.39,0.66,pop,Pop
english_Woman_In_The_Wall,English,The Beautiful South,0.8,0.75,pop,Pop
english_Do_I_Have_To,English,Pet Shop Boys,0.43,0.53,pop,Pop
english_Over_You,English,Will Young,0.83,0.53,pop,Pop
english_Especially_For_You,English,The Beautiful South,0.9,0.68,pop,Pop
english_Contradictions,English,Natalie Imbruglia,0.79,0.6,pop,Pop
english_Hold_On_To_What,English,The Beautiful South,0.5,0.62,pop,Pop
english_Onder_Ons,English,Boudewijn de Groot,0.39,0.66,pop,Pop
english_Freakshow_(from_The_Carnivorous_Carnival),English,The Gothic Archies,0.49,0.61,pop,Pop
english_Bitter_(LP_Version),English,Jill Sobule,0.39,0.66,pop,Pop
english_Phuck_U_Symphony,English,Millie Jackson,0.6,0.58,r&b,R&B
english_I_Don't_Care,English,Raheem DeVaughn,0.69,0.67,r&b,R&B
english_Counsling_(Remix_Instrumental),English,MHz,0.49,0.43,r&b,R&B
english_Orchestra,English,The Servant,0.79,0.6,rock,Rock
english_Glorious,English,The Breeders,0.63,0.74,rock,Rock
english_Gentlemen,English,Teddy Geiger,0.57,0.89,rock,Rock
english_untitled_#3_-_Samskeyti,English,Sigur Rós,0.82,0.4,rock,Rock
english_Engine,English,Neutral Milk Hotel,0.77,0.51,rock,Rock
english_Broken,English,Everlast,0.45,0.84,rock,Rock
